Setting logging level to INFO
2026-03-25 13:04:16.432-0500 | main | INFO  | Besu | Starting Besu
2026-03-25 13:04:16.761-0500 | main | INFO  | Besu | RPC HTTP JSON-RPC config: JsonRpcConfiguration{enabled=true, port=8059, host=0.0.0.0, corsAllowedDomains=[*], hostsAllowlist=[*], rpcApis=[ETH, NET, WEB3, TXPOOL, TRACE], authenticationEnabled=false, authenticationCredentialsFile=null, authenticationPublicKeyFile=null, tlsConfiguration=Optional.empty, httpTimeoutSec=30, maxActiveConnections=80, maxBatchSize=1024}
2026-03-25 13:04:16.763-0500 | main | WARN  | Besu | Forcing --bonsai-limit-trie-logs-enabled=false, since it cannot be enabled with --sync-mode=FULL and --data-storage-format=BONSAI.
2026-03-25 13:04:16.764-0500 | main | INFO  | Besu | Connecting to 0 static nodes.
2026-03-25 13:04:16.775-0500 | main | WARN  | Besu | Forcing price bump for transaction replacement to 0, since min-gas-price is set to 0
2026-03-25 13:04:16.776-0500 | main | WARN  | Besu | Forcing tx-pool-min-gas-price=0, since it cannot be greater than the value of min-gas-price
2026-03-25 13:04:16.787-0500 | main | INFO  | Besu | jemalloc library not found, memory usage may be reduced by installing it
2026-03-25 13:04:16.862-0500 | main | INFO  | Besu | 
####################################################################################################
#                                                                                                  #
# Besu version 25.11.0                                                                             #
#                                                                                                  #
# Configuration:                                                                                   #
# Network: Custom genesis file                                                                     #
# /home/unified/server-UGO-besu/Nodes/Node-Sunwest-RPC/../../genesis.json                          #
# Network Id: 12345                                                                                #
# Profile: ENTERPRISE                                                                              #
# Data storage: Bonsai                                                                             #
# Sync mode: Full                                                                                  #
# Sync min peers: 5                                                                                #
# RPC HTTP APIs: ETH,NET,WEB3,TXPOOL,TRACE                                                         #
# RPC HTTP port: 8059                                                                              #
# Using LAYERED transaction pool implementation                                                    #
# Using STACKED worldstate update mode                                                             #
# Opcode optimizations enabled                                                                     #
# Parallel transaction processing enabled                                                          #
# Target Gas Limit: 60M                                                                            #
#                                                                                                  #
# Host:                                                                                            #
# Java: openjdk-java-21                                                                            #
# Maximum heap size: 3.88 GB                                                                       #
# OS: linux-x86_64                                                                                 #
# glibc: 2.39                                                                                      #
# Total memory: 15.49 GB                                                                           #
# CPU cores: 24                                                                                    #
#                                                                                                  #
# Plugin Registration Summary:                                                                     #
# No plugins have been registered.                                                                 #
# TOTAL = 0 of 0 plugins successfully registered.                                                  #
#                                                                                                  #
####################################################################################################
2026-03-25 13:04:16.862-0500 | main | INFO  | Besu | Security Module: localfile
2026-03-25 13:04:16.863-0500 | main | INFO  | VersionMetadata | Lookup version metadata file in data directory: /home/unified/server-UGO-besu/Nodes/Node-Sunwest-RPC/data
2026-03-25 13:04:16.863-0500 | main | INFO  | VersionMetadata | No version data detected. Writing Besu version 25.11.0 to metadata file
2026-03-25 13:04:16.924-0500 | main | INFO  | Besu | Using the native implementation of alt bn128
2026-03-25 13:04:16.926-0500 | main | INFO  | Besu | Using the Java implementation of modexp
2026-03-25 13:04:16.926-0500 | main | INFO  | Besu | Using the native implementation of the signature algorithm
2026-03-25 13:04:16.928-0500 | main | INFO  | Besu | Using the native implementation of the blake2bf algorithm
2026-03-25 13:04:17.037-0500 | main | INFO  | Besu | Using the native BoringSSL implementation of p256verify
2026-03-25 13:04:17.126-0500 | main | WARN  | Besu | Forcing price bump for transaction replacement to 0, since min-gas-price is set to 0
2026-03-25 13:04:17.127-0500 | main | WARN  | Besu | Forcing tx-pool-min-gas-price=0, since it cannot be greater than the value of min-gas-price
2026-03-25 13:04:17.166-0500 | main | INFO  | KeyPairUtil | Generated new secp256k1 public key 0xa0abec4e206f680aa85eb3403c024730a4664759ed44d13a17950c451cc361f268822e80a67148deddcef60f063d7fc9bb56761e4181fe1ccd1e79a06c09bb77 and stored it to /home/unified/server-UGO-besu/Nodes/Node-Sunwest-RPC/data/key
2026-03-25 13:04:17.287-0500 | main | INFO  | ProtocolScheduleBuilder | Protocol schedule created with milestones: [Berlin:0]
2026-03-25 13:04:17.291-0500 | main | INFO  | RocksDBKeyValueStorageFactory | No existing database at /home/unified/server-UGO-besu/Nodes/Node-Sunwest-RPC/data. Using default metadata for new db versionedStorageFormat=BaseVersionedStorageFormat{format=BONSAI, version=3}
2026-03-25 13:04:17.446-0500 | main | INFO  | FlatDbStrategyProvider | Flat db mode found FULL
2026-03-25 13:04:17.448-0500 | main | INFO  | FlatDbStrategyProvider | DB mode with code stored using code hash enabled = true
2026-03-25 13:04:17.457-0500 | main | INFO  | FlatDbStrategyProvider | Flat db mode found FULL
2026-03-25 13:04:17.457-0500 | main | INFO  | FlatDbStrategyProvider | DB mode with code stored using code hash enabled = true
2026-03-25 13:04:17.554-0500 | main | INFO  | TransactionPoolFactory | Enabling transaction pool
2026-03-25 13:04:17.569-0500 | main | INFO  | BesuControllerBuilder | QBFT is configured, creating initial sync for BFT
2026-03-25 13:04:17.570-0500 | main | INFO  | BFTPivotSelectorFromPeers | Creating pivot block selector for BFT node
2026-03-25 13:04:17.599-0500 | main | INFO  | RunnerBuilder | Resolved 1 bootnodes.
2026-03-25 13:04:17.607-0500 | main | INFO  | RunnerBuilder | Detecting NAT service.
2026-03-25 13:04:17.798-0500 | main | INFO  | Runner | Starting external services ... 
2026-03-25 13:04:17.799-0500 | main | INFO  | MetricsHttpService | Starting metrics http service on 0.0.0.0:9552
2026-03-25 13:04:17.812-0500 | main | INFO  | JsonRpcHttpService | Starting JSON-RPC service on 0.0.0.0:8059
2026-03-25 13:04:17.913-0500 | vert.x-eventloop-thread-1 | INFO  | JsonRpcHttpService | JSON-RPC service started and listening on 0.0.0.0:8059
2026-03-25 13:04:17.915-0500 | main | INFO  | WebSocketService | Starting Websocket service on 0.0.0.0:8060
2026-03-25 13:04:17.917-0500 | vert.x-eventloop-thread-1 | INFO  | WebSocketService | Websocket service started and listening on 0.0.0.0:8060
2026-03-25 13:04:17.918-0500 | main | INFO  | AutoTransactionLogBloomCachingService | Starting auto transaction log bloom caching service.
2026-03-25 13:04:17.919-0500 | main | INFO  | LogBloomCacheMetadata | Lookup cache metadata file in data directory: /home/unified/server-UGO-besu/Nodes/Node-Sunwest-RPC/data/caches
2026-03-25 13:04:17.930-0500 | main | INFO  | Runner | Starting Ethereum main loop ... 
2026-03-25 13:04:17.930-0500 | main | INFO  | NatService | No NAT environment detected so no service could be started
2026-03-25 13:04:17.931-0500 | main | INFO  | NetworkRunner | Starting Network.
2026-03-25 13:04:17.942-0500 | nioEventLoopGroup-2-1 | INFO  | RlpxAgent | P2P RLPx agent started and listening on /[0:0:0:0:0:0:0:0]:30310.
2026-03-25 13:04:17.943-0500 | main | INFO  | PeerDiscoveryAgent | Starting peer discovery agent on host=0.0.0.0, port=30310. IPv6 available.
2026-03-25 13:04:17.958-0500 | vert.x-eventloop-thread-1 | INFO  | VertxPeerDiscoveryAgent | Started peer discovery agent successfully, on effective host=0:0:0:0:0:0:0:0 and port=30310
2026-03-25 13:04:17.959-0500 | vert.x-eventloop-thread-1 | INFO  | PeerDiscoveryAgent | P2P peer discovery agent started and listening on /[0:0:0:0:0:0:0:0]:30310
2026-03-25 13:04:17.988-0500 | vert.x-eventloop-thread-1 | INFO  | PeerDiscoveryAgent | Writing node record to disk. NodeRecord{seq=1, publicKey=0x03a0abec4e206f680aa85eb3403c024730a4664759ed44d13a17950c451cc361f2, udpAddress=Optional[/0.0.0.0:30310], tcpAddress=Optional[/0.0.0.0:30310], udp6Address=Optional.empty, tcp6Address=Optional.empty, asBase64=-Je4QOUC6Y2J0LO2YnvyiHcGEa4rnRkP7rVRzvsVyK7m7qOPIkCCusC8ETtAT9B35SkWloXaHe_jWG5NePOv-gzx7oABg2V0aMfGhHgXe9aAgmlkgnY0gmlwhAAAAACJc2VjcDI1NmsxoQOgq-xOIG9oCqhes0A8AkcwpGZHWe1E0ToXlQxFHMNh8oN0Y3CCdmaDdWRwgnZm, nodeId=0x301e23cd6ce3fbd7a6f07aa4d7809ea3e2daabaecc4089bd93521b8ff7b9e81e, customFields={tcp=30310, udp=30310, eth=[[0x78177bd6, 0x]], id=V4, ip=0x00000000, secp256k1=0x03a0abec4e206f680aa85eb3403c024730a4664759ed44d13a17950c451cc361f2}}
2026-03-25 13:04:18.005-0500 | main | INFO  | DefaultP2PNetwork | Enode URL enode://a0abec4e206f680aa85eb3403c024730a4664759ed44d13a17950c451cc361f268822e80a67148deddcef60f063d7fc9bb56761e4181fe1ccd1e79a06c09bb77@0.0.0.0:30310
2026-03-25 13:04:18.006-0500 | main | INFO  | DefaultP2PNetwork | Node address 0xd7809ea3e2daabaecc4089bd93521b8ff7b9e81e
2026-03-25 13:04:18.014-0500 | main | INFO  | NetworkRunner | Supported capabilities: [eth/68, eth/69], [istanbul/100], [snap/1]
2026-03-25 13:04:18.016-0500 | main | INFO  | DefaultSynchronizer | Starting synchronizer.
2026-03-25 13:04:18.020-0500 | main | INFO  | TransactionPoolFactory | Enabling transaction handling following initial sync
2026-03-25 13:04:18.021-0500 | main | INFO  | BftMiningCoordinator | Starting BFT mining coordinator following initial sync
2026-03-25 13:04:18.028-0500 | main | INFO  | FullSyncDownloader | Starting full sync.
2026-03-25 13:04:18.028-0500 | main | INFO  | FullSyncTargetManager | Unable to find sync target. Waiting for 5 peers minimum. Currently checking 0 peers for usefulness
2026-03-25 13:04:18.031-0500 | main | INFO  | Runner | Ethereum main loop is up.
2026-03-25 13:04:21.628-0500 | nioEventLoopGroup-3-1 | INFO  | BlockPropagationManager | Saved announced block for future import 4 (0x3cd9f035c0c43ce3156cb57b293722191c22a8fc6ee1ce597b752639d3afebad) - 1 saved block(s)
2026-03-25 13:04:21.628-0500 | nioEventLoopGroup-3-1 | INFO  | BlockPropagationManager | Retrieving parent 0x400955db8fdcf1822cb3e0b922c2f9c2ef68e2ce260df20718a17f1801ccc31c of block 4 (0x3cd9f035c0c43ce3156cb57b293722191c22a8fc6ee1ce597b752639d3afebad)
2026-03-25 13:04:21.648-0500 | EthScheduler-Services-0 | INFO  | BlockPropagationManager | Saved announced block for future import 3 (0x400955db8fdcf1822cb3e0b922c2f9c2ef68e2ce260df20718a17f1801ccc31c) - 2 saved block(s)
2026-03-25 13:04:21.648-0500 | EthScheduler-Services-0 | INFO  | BlockPropagationManager | Retrieving parent 0x1179be151806b7ae566d58d55a125578260cb43cdaa8fb2bd2aa6a91b8f95416 of block 3 (0x400955db8fdcf1822cb3e0b922c2f9c2ef68e2ce260df20718a17f1801ccc31c)
2026-03-25 13:04:21.654-0500 | EthScheduler-Services-1 | INFO  | BlockPropagationManager | Saved announced block for future import 2 (0x1179be151806b7ae566d58d55a125578260cb43cdaa8fb2bd2aa6a91b8f95416) - 3 saved block(s)
2026-03-25 13:04:21.655-0500 | EthScheduler-Services-1 | INFO  | BlockPropagationManager | Retrieving parent 0x3cd2e45bc765f609250c17cdf811deb2865999db60385f65016037ffb604ebdc of block 2 (0x1179be151806b7ae566d58d55a125578260cb43cdaa8fb2bd2aa6a91b8f95416)
2026-03-25 13:04:21.688-0500 | EthScheduler-Workers-0 | INFO  | PersistBlockTask | Imported empty block #1 / 0 tx / 0 om / 0 (0.0%) gas / (0x3cd2e45bc765f609250c17cdf811deb2865999db60385f65016037ffb604ebdc) in 0.022s. Peers: 1
2026-03-25 13:04:21.695-0500 | EthScheduler-Workers-0 | INFO  | PersistBlockTask | Imported empty block #2 / 0 tx / 0 om / 0 (0.0%) gas / (0x1179be151806b7ae566d58d55a125578260cb43cdaa8fb2bd2aa6a91b8f95416) in 0.005s. Peers: 1
2026-03-25 13:04:21.696-0500 | EthScheduler-Workers-0 | INFO  | BlockPropagationManager | Imported 1 pending blocks: [2]
2026-03-25 13:04:21.700-0500 | EthScheduler-Workers-0 | INFO  | PersistBlockTask | Imported empty block #3 / 0 tx / 0 om / 0 (0.0%) gas / (0x400955db8fdcf1822cb3e0b922c2f9c2ef68e2ce260df20718a17f1801ccc31c) in 0.004s. Peers: 1
2026-03-25 13:04:21.701-0500 | EthScheduler-Workers-0 | INFO  | BlockPropagationManager | Imported 1 pending blocks: [3]
2026-03-25 13:04:21.702-0500 | EthScheduler-Workers-0 | INFO  | PersistBlockTask | Block 3 (0x400955db8fdcf1822cb3e0b922c2f9c2ef68e2ce260df20718a17f1801ccc31c) is already imported
2026-03-25 13:04:21.706-0500 | EthScheduler-Workers-0 | INFO  | PersistBlockTask | Imported empty block #4 / 0 tx / 0 om / 0 (0.0%) gas / (0x3cd9f035c0c43ce3156cb57b293722191c22a8fc6ee1ce597b752639d3afebad) in 0.003s. Peers: 1
2026-03-25 13:04:21.706-0500 | EthScheduler-Workers-0 | INFO  | BlockPropagationManager | Imported 1 pending blocks: [4]
2026-03-25 13:04:26.034-0500 | EthScheduler-Workers-0 | INFO  | PersistBlockTask | Imported empty block #5 / 0 tx / 0 om / 0 (0.0%) gas / (0xef17356dc1f1652c0783ba70aed5f719b30ec6e99bfc482f4efc4a2da7320d3d) in 0.008s. Peers: 2
2026-03-25 13:04:31.037-0500 | EthScheduler-Workers-0 | INFO  | PersistBlockTask | Imported empty block #6 / 0 tx / 0 om / 0 (0.0%) gas / (0x57af3eb7ae919b093f7bc459c127ea926468f638acbb4bbc602dba379a2c7aff) in 0.005s. Peers: 2
2026-03-25 13:04:36.030-0500 | EthScheduler-Workers-0 | INFO  | PersistBlockTask | Imported empty block #7 / 0 tx / 0 om / 0 (0.0%) gas / (0xffa782da6e079f83e91ae9862711b218317927d341cf31de3b9cb0b950558c16) in 0.003s. Peers: 3
2026-03-25 13:04:49.610-0500 | EthScheduler-Workers-0 | INFO  | PersistBlockTask | Imported empty block #8 / 0 tx / 0 om / 0 (0.0%) gas / (0xb64bc9d5e6c318a2752453f04f21b79581bc58400bf4a5055869c76336a9db00) in 0.004s. Peers: 7
2026-03-25 13:04:54.039-0500 | EthScheduler-Workers-0 | INFO  | PersistBlockTask | Imported empty block #9 / 0 tx / 0 om / 0 (0.0%) gas / (0x533324fb0e066e84a1497943b7e5d93c9911f4251c0d9ce96a23da43e1cb8756) in 0.008s. Peers: 7
2026-03-25 13:04:59.034-0500 | EthScheduler-Workers-0 | INFO  | PersistBlockTask | Imported empty block #10 / 0 tx / 0 om / 0 (0.0%) gas / (0xc13375de93f5e574d7c413897becc87a6ef95f5198712f2a93a99484c20fb756) in 0.006s. Peers: 7
2026-03-25 13:05:04.036-0500 | EthScheduler-Workers-0 | INFO  | PersistBlockTask | Imported empty block #11 / 0 tx / 0 om / 0 (0.0%) gas / (0x33f33ac5471f2cc4fa637e19ec8cd82590461c8584594e659aabb12e87540f7d) in 0.008s. Peers: 7
2026-03-25 13:05:09.030-0500 | EthScheduler-Workers-0 | INFO  | PersistBlockTask | Imported empty block #12 / 0 tx / 0 om / 0 (0.0%) gas / (0x09975a986d2687dd67418d77893efc851bc58329c7f80090ef6165dd38016a7d) in 0.006s. Peers: 7
2026-03-25 13:05:22.607-0500 | EthScheduler-Workers-0 | INFO  | PersistBlockTask | Imported empty block #13 / 0 tx / 0 om / 0 (0.0%) gas / (0x4be2ec1e2375016e8a7f6e2ded758bc35b41bd8ce5552ed4b49f4c96b8331d22) in 0.020s. Peers: 7
2026-03-25 13:05:27.025-0500 | EthScheduler-Workers-0 | INFO  | PersistBlockTask | Imported empty block #14 / 0 tx / 0 om / 0 (0.0%) gas / (0x3c610604c6b45ada783adc5e4613a7c614d1002f805d22ce8f3e20a9fde3c554) in 0.003s. Peers: 7
2026-03-25 13:05:32.042-0500 | EthScheduler-Workers-0 | INFO  | PersistBlockTask | Imported empty block #15 / 0 tx / 0 om / 0 (0.0%) gas / (0xbb8a66ac434ba0a2c0e40451767464d3be8df9b359f8380c64cd16ea8d08dccf) in 0.007s. Peers: 7
2026-03-25 13:05:37.033-0500 | EthScheduler-Workers-0 | INFO  | PersistBlockTask | Imported empty block #16 / 0 tx / 0 om / 0 (0.0%) gas / (0xbae73c8909ce006433ddff3b1f6d04afaacfec26cd373eb851d0291dee1c96ef) in 0.005s. Peers: 7
2026-03-25 13:05:50.625-0500 | EthScheduler-Workers-0 | INFO  | PersistBlockTask | Imported empty block #17 / 0 tx / 0 om / 0 (0.0%) gas / (0x6cb9b3d053438ae388db40c0f7945ead2c39543db1c12363c4f0e17cfcaca185) in 0.005s. Peers: 7
2026-03-25 13:05:55.024-0500 | EthScheduler-Workers-0 | INFO  | PersistBlockTask | Imported empty block #18 / 0 tx / 0 om / 0 (0.0%) gas / (0xaca291140783110e366cc1c55f9cd919bf0b7f97dce2362253224b7372fdf59a) in 0.004s. Peers: 7
2026-03-25 13:06:00.024-0500 | EthScheduler-Workers-0 | INFO  | PersistBlockTask | Imported empty block #19 / 0 tx / 0 om / 0 (0.0%) gas / (0x62a426a2f11489d03f46f3a7c47a4d4aed34fc333ad068bf812af50fe893cc03) in 0.004s. Peers: 7
2026-03-25 13:06:05.023-0500 | EthScheduler-Workers-0 | INFO  | PersistBlockTask | Imported empty block #20 / 0 tx / 0 om / 0 (0.0%) gas / (0xad49274e6e989a4bc433738a214a20165b16852c018370898166966dc704b545) in 0.004s. Peers: 7
2026-03-25 13:06:10.026-0500 | EthScheduler-Workers-0 | INFO  | PersistBlockTask | Imported empty block #21 / 0 tx / 0 om / 0 (0.0%) gas / (0xfe18aef0e4803ab927b82e51fe35bcbd77c412fba11e2578bfd21ecec702fd37) in 0.004s. Peers: 7
2026-03-25 13:06:23.627-0500 | EthScheduler-Workers-0 | INFO  | PersistBlockTask | Imported empty block #22 / 0 tx / 0 om / 0 (0.0%) gas / (0x30d5870f3d477c57ec8314a240da25c34ac248d6eb384d8d42955770a5aae713) in 0.006s. Peers: 7
2026-03-25 13:06:28.017-0500 | EthScheduler-Workers-0 | INFO  | PersistBlockTask | Imported empty block #23 / 0 tx / 0 om / 0 (0.0%) gas / (0xaa2e888544d2a36c679da448254d15e31e7f427539bf72916355449d6530f86a) in 0.003s. Peers: 7
2026-03-25 13:06:33.027-0500 | EthScheduler-Workers-0 | INFO  | PersistBlockTask | Imported empty block #24 / 0 tx / 0 om / 0 (0.0%) gas / (0x12e96624ea3e9461b850b02506aaa19c6b621363a9769f73f46f15a7a900fe10) in 0.004s. Peers: 7
2026-03-25 13:06:38.023-0500 | EthScheduler-Workers-0 | INFO  | PersistBlockTask | Imported empty block #25 / 0 tx / 0 om / 0 (0.0%) gas / (0x7d5b54b8fd049c5d658381569b3df678c44b0a267c44bee6bfaf7525fae54385) in 0.003s. Peers: 7
2026-03-25 13:06:43.101-0500 | EthScheduler-Workers-0 | INFO  | PersistBlockTask | Imported block #26 / 1 tx / 0 om / 1,898,645 (6.3%) gas / (0xfdc67e3fd7e7075f5768dde3720ee240f5ed1f6c6947f328bc75f2499f5265b9) in 0.043s. Peers: 7
2026-03-25 13:06:56.607-0500 | EthScheduler-Workers-0 | INFO  | PersistBlockTask | Imported empty block #27 / 0 tx / 0 om / 0 (0.0%) gas / (0xd42735119e1632ca10af6a3f8a3519da7dfe872738029a01eef27c2f746a96dc) in 0.004s. Peers: 7
2026-03-25 13:07:01.025-0500 | EthScheduler-Workers-0 | INFO  | PersistBlockTask | Imported empty block #28 / 0 tx / 0 om / 0 (0.0%) gas / (0x6b4d7a9feaad92a79303cf0a6947f4bc3ccf97350238ae3feb41e2452c7bb017) in 0.005s. Peers: 7
2026-03-25 13:07:06.067-0500 | EthScheduler-Workers-0 | INFO  | PersistBlockTask | Imported block #29 / 1 tx / 0 om / 180,812 (0.6%) gas / (0xd7a65f58ca5f53b0c62459e56a9c50bf500328317d952173e8c15f7773e0dafe) in 0.023s. Peers: 7
2026-03-25 13:07:11.024-0500 | EthScheduler-Workers-0 | INFO  | PersistBlockTask | Imported empty block #30 / 0 tx / 0 om / 0 (0.0%) gas / (0x5aea4290fa6250f72a58902509c825458a6bba69f6c6c99017bcef98b747c136) in 0.004s. Peers: 7
2026-03-25 13:07:24.568-0500 | EthScheduler-Workers-0 | INFO  | PersistBlockTask | Imported empty block #31 / 0 tx / 0 om / 0 (0.0%) gas / (0x7bb5d6a8e05b65636849733fcbc0de3e4fb01e81d0408f8122c7731b9c0ca706) in 0.005s. Peers: 7
2026-03-25 13:07:29.065-0500 | EthScheduler-Workers-0 | INFO  | PersistBlockTask | Imported block #32 / 1 tx / 0 om / 5,259,397 (17.5%) gas / (0x7b82675cc68fa3b8c4975e81a284e2c574f3eaff449acdf255df8d51e3b4bcd3) in 0.016s. Peers: 7
2026-03-25 13:07:34.021-0500 | EthScheduler-Workers-0 | INFO  | PersistBlockTask | Imported empty block #33 / 0 tx / 0 om / 0 (0.0%) gas / (0x97b1afca7bab9a2ef01be8e53a53510d0ec426417909e53cd501528b04100689) in 0.003s. Peers: 7
2026-03-25 13:07:39.026-0500 | EthScheduler-Workers-0 | INFO  | PersistBlockTask | Imported empty block #34 / 0 tx / 0 om / 0 (0.0%) gas / (0x001222ec9dd00bc7a7ee8fa40763167f9678dbf1c1ca30297d280fa404f199ba) in 0.004s. Peers: 7
2026-03-25 13:07:44.026-0500 | EthScheduler-Workers-0 | INFO  | PersistBlockTask | Imported empty block #35 / 0 tx / 0 om / 0 (0.0%) gas / (0xdce8b6715c487233737bc50b12618de654882dff50f58eb5e91671966e9adcaf) in 0.005s. Peers: 7
2026-03-25 13:07:57.579-0500 | EthScheduler-Workers-0 | INFO  | PersistBlockTask | Imported empty block #36 / 0 tx / 0 om / 0 (0.0%) gas / (0x511756d5cac7748a591577b40d6ef67e4653e7d7cb898a181b1d47724eff9c00) in 0.005s. Peers: 7
2026-03-25 13:08:02.018-0500 | EthScheduler-Workers-0 | INFO  | PersistBlockTask | Imported empty block #37 / 0 tx / 0 om / 0 (0.0%) gas / (0xa8d530316d4882deba77b90167165d549d7620d60a4d42bdd7ec5217cbdd07ed) in 0.005s. Peers: 7
2026-03-25 13:08:07.013-0500 | EthScheduler-Workers-0 | INFO  | PersistBlockTask | Imported empty block #38 / 0 tx / 0 om / 0 (0.0%) gas / (0xcd9120918c608778f35653cfae40b71f3b200486770adeecf8d7bd9cac92b2bc) in 0.002s. Peers: 7
2026-03-25 13:08:12.048-0500 | EthScheduler-Workers-0 | INFO  | PersistBlockTask | Imported block #39 / 1 tx / 0 om / 480,194 (1.6%) gas / (0x9a1bd56ff30223dccd67a0948ce64fda99be8d00422f812fb80ba412d57ebc28) in 0.014s. Peers: 7
2026-03-25 13:08:25.622-0500 | EthScheduler-Workers-0 | INFO  | PersistBlockTask | Imported empty block #40 / 0 tx / 0 om / 0 (0.0%) gas / (0x0591988f7c59d655e51c02803dd50d5d4861e90ce04c1f38ae84afd989a7ff12) in 0.003s. Peers: 7
2026-03-25 13:08:30.023-0500 | EthScheduler-Workers-0 | INFO  | PersistBlockTask | Imported empty block #41 / 0 tx / 0 om / 0 (0.0%) gas / (0x48f8648e507a2bbd6ebb07da1ccabec9b20a3704b6fa15429eb3568938f76b0f) in 0.003s. Peers: 7
2026-03-25 13:08:35.049-0500 | EthScheduler-Workers-0 | INFO  | PersistBlockTask | Imported block #42 / 1 tx / 0 om / 5,383,387 (17.9%) gas / (0x9981389e23fc8ad0df9ca31d0d525002b642faa55cc9aa1ad16952d5842ab22b) in 0.010s. Peers: 7
2026-03-25 13:08:40.023-0500 | EthScheduler-Workers-0 | INFO  | PersistBlockTask | Imported empty block #43 / 0 tx / 0 om / 0 (0.0%) gas / (0xfcd8b74c3441b9d11159107923a207601b749d6d25d3002f463e0985f1980e76) in 0.004s. Peers: 7
2026-03-25 13:08:45.016-0500 | EthScheduler-Workers-0 | INFO  | PersistBlockTask | Imported empty block #44 / 0 tx / 0 om / 0 (0.0%) gas / (0x19feb4872082968097895d1f3b47934fba783c362b648534d36607d2323a64ce) in 0.002s. Peers: 7
2026-03-25 13:08:58.615-0500 | EthScheduler-Workers-0 | INFO  | PersistBlockTask | Imported block #45 / 1 tx / 0 om / 203,317 (0.7%) gas / (0x53b72afab03b0533c676112f4981a73d60b8ecf97e4d916d58809da4b61dd128) in 0.009s. Peers: 7
2026-03-25 13:09:03.018-0500 | EthScheduler-Workers-0 | INFO  | PersistBlockTask | Imported empty block #46 / 0 tx / 0 om / 0 (0.0%) gas / (0x260645bdb4251eaa7c5ce5654268aba0b36f66da4838eb5d25a85f87c486623e) in 0.003s. Peers: 7
2026-03-25 13:09:08.020-0500 | EthScheduler-Workers-0 | INFO  | PersistBlockTask | Imported empty block #47 / 0 tx / 0 om / 0 (0.0%) gas / (0x86ca4a141c3244dbfe764d1697b5a8fc7a0ee0b7dd3ec9117503173806a28d2e) in 0.005s. Peers: 7
2026-03-25 13:09:13.017-0500 | EthScheduler-Workers-0 | INFO  | PersistBlockTask | Imported empty block #48 / 0 tx / 0 om / 0 (0.0%) gas / (0x4f4399d9ad437ab99e332f8514945ff607e44567803501e875165781398444a3) in 0.002s. Peers: 7
2026-03-25 13:09:26.594-0500 | EthScheduler-Workers-0 | INFO  | PersistBlockTask | Imported empty block #49 / 0 tx / 0 om / 0 (0.0%) gas / (0x717c8f70fbe440b9e7cb2a96e27abe06e1ffb37495dd7a4230781061179b7afd) in 0.003s. Peers: 7
2026-03-25 13:09:31.034-0500 | EthScheduler-Workers-0 | INFO  | PersistBlockTask | Imported empty block #50 / 0 tx / 0 om / 0 (0.0%) gas / (0xdeefc98cefaf7549fbc42b105580908f4e6b0e7f31c62a38edf6f40a71cebd09) in 0.003s. Peers: 7
2026-03-25 13:09:36.027-0500 | EthScheduler-Workers-0 | INFO  | PersistBlockTask | Imported empty block #51 / 0 tx / 0 om / 0 (0.0%) gas / (0xf8ced1371a7872bfa755d1274abc562d56f4eac69a8cd0fd55327020d57eb1b4) in 0.003s. Peers: 7
2026-03-25 13:09:41.047-0500 | EthScheduler-Workers-0 | INFO  | PersistBlockTask | Imported block #52 / 1 tx / 0 om / 3,378,699 (11.3%) gas / (0x68ec872132103db19e928b9846a401f4598b43a50d21b3cda2cd629d80648e75) in 0.006s. Peers: 7
2026-03-25 13:09:46.020-0500 | EthScheduler-Workers-0 | INFO  | PersistBlockTask | Imported empty block #53 / 0 tx / 0 om / 0 (0.0%) gas / (0xf67bafb58b02dfce071be284f6c34e8b482be627554feba57e89d42273384e79) in 0.004s. Peers: 7
2026-03-25 13:09:59.592-0500 | EthScheduler-Workers-0 | INFO  | PersistBlockTask | Imported empty block #54 / 0 tx / 0 om / 0 (0.0%) gas / (0x643d8ae8d2463954a3a68f4bd4139ae8c5a8a909f63fa78e0741725374042523) in 0.004s. Peers: 7
2026-03-25 13:10:04.039-0500 | EthScheduler-Workers-0 | INFO  | PersistBlockTask | Imported block #55 / 1 tx / 0 om / 203,386 (0.7%) gas / (0x57a4f8926196513bad19102bbfa8f923279bae7ce16ee8277c779d3988f44a60) in 0.013s. Peers: 7
2026-03-25 13:10:09.014-0500 | EthScheduler-Workers-0 | INFO  | PersistBlockTask | Imported empty block #56 / 0 tx / 0 om / 0 (0.0%) gas / (0x6c6fad2c7b28c85b5cd4805c8c5ab46e2821f6e75fb9d6169e69a9a007959220) in 0.003s. Peers: 7
2026-03-25 13:10:14.017-0500 | EthScheduler-Workers-0 | INFO  | PersistBlockTask | Imported empty block #57 / 0 tx / 0 om / 0 (0.0%) gas / (0x9d046bb112c3debf079e9b7c36d1d95c7cb1a1227d994d86b919d9407fbf4fd8) in 0.003s. Peers: 7
2026-03-25 13:10:19.016-0500 | EthScheduler-Workers-0 | INFO  | PersistBlockTask | Imported empty block #58 / 0 tx / 0 om / 0 (0.0%) gas / (0x306a8c01408cd82ac255678d48cd2e77eabde7ed80bacd72d800f7052c08b0b7) in 0.003s. Peers: 7
2026-03-25 13:10:32.592-0500 | EthScheduler-Workers-0 | INFO  | PersistBlockTask | Imported empty block #59 / 0 tx / 0 om / 0 (0.0%) gas / (0x2380c57ad7f1f1936db4a6bd18a2c2c45d519a198f9353d6dcf5fdb636c61851) in 0.004s. Peers: 7
2026-03-25 13:10:37.023-0500 | EthScheduler-Workers-0 | INFO  | PersistBlockTask | Imported empty block #60 / 0 tx / 0 om / 0 (0.0%) gas / (0x50322ab2ada93d4389cfb57686386caed972389d318e2d6eef8c48094e12ea4a) in 0.004s. Peers: 7
2026-03-25 13:10:42.020-0500 | EthScheduler-Workers-0 | INFO  | PersistBlockTask | Imported empty block #61 / 0 tx / 0 om / 0 (0.0%) gas / (0xa21b60b88358d99a45574864dac0c748174bd522f74785462f66931f5fbd5c47) in 0.002s. Peers: 7
2026-03-25 13:10:47.028-0500 | EthScheduler-Workers-0 | INFO  | PersistBlockTask | Imported block #62 / 1 tx / 0 om / 2,331,293 (7.8%) gas / (0xa8bde7d08b9e2c4b9b47997dc246e423a5e98e0febfc230a112ef3e5dd923afc) in 0.007s. Peers: 7
2026-03-25 13:11:00.576-0500 | EthScheduler-Workers-0 | INFO  | PersistBlockTask | Imported empty block #63 / 0 tx / 0 om / 0 (0.0%) gas / (0x453c30f9a836a00bee889ccabc88b9dbcf25b809cd267fc6c9ac6a8a462eed07) in 0.003s. Peers: 7
2026-03-25 13:11:05.023-0500 | EthScheduler-Workers-0 | INFO  | PersistBlockTask | Imported empty block #64 / 0 tx / 0 om / 0 (0.0%) gas / (0xcc582f954bc40e1d4616c66412a758dc76359d6c4c739d03625a2023c3aa711b) in 0.004s. Peers: 7
2026-03-25 13:11:10.029-0500 | EthScheduler-Workers-0 | INFO  | PersistBlockTask | Imported block #65 / 1 tx / 0 om / 180,680 (0.6%) gas / (0x8fcd15fedbfc2cd93febd71c0e8a4dc404c472410fd614e623037e0e16d058ef) in 0.009s. Peers: 7
2026-03-25 13:11:15.019-0500 | EthScheduler-Workers-0 | INFO  | PersistBlockTask | Imported empty block #66 / 0 tx / 0 om / 0 (0.0%) gas / (0xa31def49cb616de7649598c0f64faf49930599b925ff6b41d3d2dc594dd092e6) in 0.002s. Peers: 7
2026-03-25 13:11:20.030-0500 | EthScheduler-Workers-0 | INFO  | PersistBlockTask | Imported empty block #67 / 0 tx / 0 om / 0 (0.0%) gas / (0x2900bbc026eb48c751dc93cb64f3c39ca76090aeb7696d4619540d2285c476ac) in 0.003s. Peers: 7
2026-03-25 13:11:33.614-0500 | EthScheduler-Workers-0 | INFO  | PersistBlockTask | Imported block #68 / 1 tx / 0 om / 1,707,481 (5.7%) gas / (0xcbc21cb7d0e73cad302e4277c64ff3eadb85cbe316f558767bd356a8bf3bc61b) in 0.007s. Peers: 7
2026-03-25 13:11:38.037-0500 | EthScheduler-Workers-0 | INFO  | PersistBlockTask | Imported empty block #69 / 0 tx / 0 om / 0 (0.0%) gas / (0x3356470104bfedb370fccbd162e80b2d87466d3fb623147557461e76ff073915) in 0.003s. Peers: 7
2026-03-25 13:11:43.032-0500 | EthScheduler-Workers-0 | INFO  | PersistBlockTask | Imported empty block #70 / 0 tx / 0 om / 0 (0.0%) gas / (0x105a54c83f38f1381d53660bf73ca0fe2a1d62a83d469d481185672aa185b709) in 0.004s. Peers: 7
2026-03-25 13:11:48.021-0500 | EthScheduler-Workers-0 | INFO  | PersistBlockTask | Imported empty block #71 / 0 tx / 0 om / 0 (0.0%) gas / (0x2245615b4121ba2d589923fb9fd1ca9c561ad7c1a30de4881e3fe8e9fff5821d) in 0.003s. Peers: 7
2026-03-25 13:12:01.589-0500 | EthScheduler-Workers-0 | INFO  | PersistBlockTask | Imported empty block #72 / 0 tx / 0 om / 0 (0.0%) gas / (0x05fc8256cba23dd30dc0ad930678153f5f4aab65294fac59f6eaae631306142f) in 0.003s. Peers: 7
2026-03-25 13:12:06.026-0500 | EthScheduler-Workers-0 | INFO  | PersistBlockTask | Imported empty block #73 / 0 tx / 0 om / 0 (0.0%) gas / (0x8204f5c94b45c7a627fc279cc0b5f2dd1a4979d47d7186a8f4aaf213c6d3d5fa) in 0.003s. Peers: 7
2026-03-25 13:12:11.027-0500 | EthScheduler-Workers-0 | INFO  | PersistBlockTask | Imported empty block #74 / 0 tx / 0 om / 0 (0.0%) gas / (0xb9072179c148b62330b8f713a2695fdffa8d030e6c0142ec681584f3d4b594d0) in 0.003s. Peers: 7
2026-03-25 13:12:16.032-0500 | EthScheduler-Workers-0 | INFO  | PersistBlockTask | Imported block #75 / 1 tx / 0 om / 180,666 (0.6%) gas / (0xf0c8731e1d92809fc10fa65e8408136f85cec8d4650f03fbc02240afb510d1a5) in 0.009s. Peers: 7
2026-03-25 13:12:21.034-0500 | EthScheduler-Workers-0 | INFO  | PersistBlockTask | Imported empty block #76 / 0 tx / 0 om / 0 (0.0%) gas / (0x2c3ffd395f24716d887c674ce4c219d2e555fca8e1d93dcb11baab183155501c) in 0.003s. Peers: 7
2026-03-25 13:12:34.597-0500 | EthScheduler-Workers-0 | INFO  | PersistBlockTask | Imported empty block #77 / 0 tx / 0 om / 0 (0.0%) gas / (0x5ba03d7ea07e402d58208c8df33555db7bf9e656cdfb45456bc3c4b037e70565) in 0.005s. Peers: 7
2026-03-25 13:12:39.047-0500 | EthScheduler-Workers-0 | INFO  | PersistBlockTask | Imported block #78 / 1 tx / 0 om / 51,443 (0.2%) gas / (0xc2726e56a51a9195ca32c3accc1577fbd10f2f316cfb998284b5cfcbb3311436) in 0.011s. Peers: 7
2026-03-25 13:12:44.015-0500 | EthScheduler-Workers-0 | INFO  | PersistBlockTask | Imported empty block #79 / 0 tx / 0 om / 0 (0.0%) gas / (0x92050657840d34f8407232b7922619012ccce95fb138eced5c1feb4b3a0f4c66) in 0.004s. Peers: 7
2026-03-25 13:12:49.014-0500 | EthScheduler-Workers-0 | INFO  | PersistBlockTask | Imported empty block #80 / 0 tx / 0 om / 0 (0.0%) gas / (0x009b82ccb4bd0ae77db589cdf24d3e02bf30c82b93004e0638962326ec019e45) in 0.002s. Peers: 7
2026-03-25 13:13:02.603-0500 | EthScheduler-Workers-0 | INFO  | PersistBlockTask | Imported block #81 / 1 tx / 0 om / 51,675 (0.2%) gas / (0x93bbd9531781e81f2d877d4bac2a76ecae01150805405a3e780242240980acd1) in 0.010s. Peers: 7
2026-03-25 13:13:07.020-0500 | EthScheduler-Workers-0 | INFO  | PersistBlockTask | Imported empty block #82 / 0 tx / 0 om / 0 (0.0%) gas / (0xa894a9c89d0138e5f3a213edcec38f3fb9ee1b1698ffe5b5d840ba0f98e48d43) in 0.003s. Peers: 7
2026-03-25 13:13:12.021-0500 | EthScheduler-Workers-0 | INFO  | PersistBlockTask | Imported empty block #83 / 0 tx / 0 om / 0 (0.0%) gas / (0xfa7b31a715d3b7e70a2049bac8f7e4314abee250b72542e44ef155d8f1a98d9e) in 0.004s. Peers: 7
2026-03-25 13:13:17.018-0500 | EthScheduler-Workers-0 | INFO  | PersistBlockTask | Imported empty block #84 / 0 tx / 0 om / 0 (0.0%) gas / (0x9f5f78a2b293535cd02eaa849bf5ccac6193e56dcff451faaf4e3acb91907138) in 0.005s. Peers: 7
2026-03-25 13:13:22.055-0500 | EthScheduler-Workers-0 | INFO  | PersistBlockTask | Imported block #85 / 1 tx / 0 om / 534,317 (1.8%) gas / (0xd8b82b7e05e4f068a73b550eecf57cbd51473ca8df750f9991d05c71d1292c98) in 0.021s. Peers: 7
2026-03-25 13:13:35.562-0500 | EthScheduler-Workers-0 | INFO  | PersistBlockTask | Imported empty block #86 / 0 tx / 0 om / 0 (0.0%) gas / (0xbdab9d5fb4cdb381bac3fc52a8ce3c600cfbf041d50fa69715bd719979edbee5) in 0.003s. Peers: 7
2026-03-25 13:13:40.017-0500 | EthScheduler-Workers-0 | INFO  | PersistBlockTask | Imported empty block #87 / 0 tx / 0 om / 0 (0.0%) gas / (0xfbe1fb3fa6d0268c767ec2384306efce70eeede6e0b108e06b78937d96e7ad5b) in 0.004s. Peers: 7
2026-03-25 13:13:45.040-0500 | EthScheduler-Workers-0 | INFO  | PersistBlockTask | Imported block #88 / 1 tx / 0 om / 328,596 (1.1%) gas / (0x084e82c4872e44ea61f7b80aa80203cce068b3ee189f077f3680d450e1231d2a) in 0.010s. Peers: 7
2026-03-25 13:13:50.021-0500 | EthScheduler-Workers-0 | INFO  | PersistBlockTask | Imported empty block #89 / 0 tx / 0 om / 0 (0.0%) gas / (0x03435d065ba0945e975e27d6601d1f85bf0a95b119a1778f36c25928544d6307) in 0.001s. Peers: 7
2026-03-25 13:14:03.597-0500 | EthScheduler-Workers-0 | INFO  | PersistBlockTask | Imported empty block #90 / 0 tx / 0 om / 0 (0.0%) gas / (0xf013121d7397ea909af52d58e994d81539a3eb6e2b13b0962d504b9bb4c4bd0b) in 0.002s. Peers: 7
2026-03-25 13:14:08.024-0500 | EthScheduler-Workers-0 | INFO  | PersistBlockTask | Imported empty block #91 / 0 tx / 0 om / 0 (0.0%) gas / (0x276f7bded811867d5912247ba275c3ab35934d918ebf269e9a98158dfa8aa891) in 0.004s. Peers: 7
2026-03-25 13:14:13.015-0500 | EthScheduler-Workers-0 | INFO  | PersistBlockTask | Imported empty block #92 / 0 tx / 0 om / 0 (0.0%) gas / (0x23c2f536fe2a032b979617ad364347220a22e201a4b23596e664295b7566eb97) in 0.003s. Peers: 7
2026-03-25 13:14:18.014-0500 | EthScheduler-Workers-0 | INFO  | PersistBlockTask | Imported empty block #93 / 0 tx / 0 om / 0 (0.0%) gas / (0x9a70972076dc73f33bea458a81361c2d86160fbf102c5a69c1ba3577bc87c8d7) in 0.002s. Peers: 7
2026-03-25 13:14:23.013-0500 | EthScheduler-Workers-0 | INFO  | PersistBlockTask | Imported empty block #94 / 0 tx / 0 om / 0 (0.0%) gas / (0x718dc86ec853d45aa5cbad9f18c129c4375203dff400e1bf17847657e2b88ec9) in 0.002s. Peers: 7
2026-03-25 13:14:36.615-0500 | EthScheduler-Workers-0 | INFO  | PersistBlockTask | Imported block #95 / 1 tx / 0 om / 21,000 (0.1%) gas / (0xb936da4ec5402deeb1847f3ccaf4a46e0f0bebead4fd3a79ecc6866e24411c02) in 0.009s. Peers: 7
2026-03-25 13:14:41.016-0500 | EthScheduler-Workers-0 | INFO  | PersistBlockTask | Imported empty block #96 / 0 tx / 0 om / 0 (0.0%) gas / (0xc9635f3c826c92ab338b14a978f49d5f25d1b831eac003fcc8bd8eabc496c288) in 0.003s. Peers: 7
2026-03-25 13:14:46.020-0500 | EthScheduler-Workers-0 | INFO  | PersistBlockTask | Imported empty block #97 / 0 tx / 0 om / 0 (0.0%) gas / (0xf87272d8274eba66d41eb0cb6c9f7cf6131ed4d78f4d0c71a4ca7717f620a45f) in 0.003s. Peers: 7
2026-03-25 13:14:51.016-0500 | EthScheduler-Workers-0 | INFO  | PersistBlockTask | Imported empty block #98 / 0 tx / 0 om / 0 (0.0%) gas / (0xc6d47c0d3274704a804bdcc8aa872718389d912259687230249f77e1bebf0e17) in 0.003s. Peers: 7
2026-03-25 13:14:56.045-0500 | EthScheduler-Workers-0 | INFO  | PersistBlockTask | Imported block #99 / 1 tx / 0 om / 339,592 (1.1%) gas / (0xef0b44033f4ccaf99a37b9e4f9d9b79a0450315b25fe086b9411c3fcabb052da) in 0.014s. Peers: 7
2026-03-25 13:15:09.603-0500 | EthScheduler-Workers-0 | INFO  | PersistBlockTask | Imported empty block #100 / 0 tx / 0 om / 0 (0.0%) gas / (0xc2bc72407b0448f50bdeb43b3a1ad34c8a445802ef51b89814e8f8d5eb2208ad) in 0.003s. Peers: 7
2026-03-25 13:15:14.021-0500 | EthScheduler-Workers-0 | INFO  | PersistBlockTask | Imported empty block #101 / 0 tx / 0 om / 0 (0.0%) gas / (0x817f11723abbb5b7eaba7d8f034455c438963bb287a462808ad4a32a157bb6cd) in 0.005s. Peers: 7
2026-03-25 13:15:19.022-0500 | EthScheduler-Workers-0 | INFO  | PersistBlockTask | Imported empty block #102 / 0 tx / 0 om / 0 (0.0%) gas / (0xb2ee911642700b96e9d7a7f5bb7df25b73059cfdca27e4d0aeeba02024dec0f3) in 0.004s. Peers: 7
2026-03-25 13:15:24.037-0500 | EthScheduler-Workers-0 | INFO  | PersistBlockTask | Imported block #103 / 1 tx / 0 om / 304,858 (1.0%) gas / (0x912b121cfe7e8acc9530b00ec316b55bc30bdcefe8dac31c2d72599acc09f004) in 0.015s. Peers: 7
2026-03-25 13:15:37.602-0500 | EthScheduler-Workers-0 | INFO  | PersistBlockTask | Imported empty block #104 / 0 tx / 0 om / 0 (0.0%) gas / (0x74afc50b7e9928d2bf7e42b45d81b9ba7675779bad4291e62343988669f5265f) in 0.002s. Peers: 7
2026-03-25 13:15:42.018-0500 | EthScheduler-Workers-0 | INFO  | PersistBlockTask | Imported empty block #105 / 0 tx / 0 om / 0 (0.0%) gas / (0x231f4728f819ecb3f5e1d18b76a883d65c891b65c41d66d12015889c89baee90) in 0.002s. Peers: 7
2026-03-25 13:15:47.032-0500 | EthScheduler-Workers-0 | INFO  | PersistBlockTask | Imported block #106 / 1 tx / 0 om / 52,937 (0.2%) gas / (0x3d3b23a5beb495f0ea508befcba7c054f86e53a30f5a868ce8483528dfa39da7) in 0.010s. Peers: 7
2026-03-25 13:15:52.020-0500 | EthScheduler-Workers-0 | INFO  | PersistBlockTask | Imported empty block #107 / 0 tx / 0 om / 0 (0.0%) gas / (0xf202eed8ebcfcf0c1d41632b47aebd1f2201dc791c61d381740e04d66d5df034) in 0.004s. Peers: 7
2026-03-25 13:15:57.029-0500 | EthScheduler-Workers-0 | INFO  | PersistBlockTask | Imported empty block #108 / 0 tx / 0 om / 0 (0.0%) gas / (0xb8e65a70529a1abbb239e198150fa710514ed6fd692b00bd9a8deff509e50490) in 0.009s. Peers: 7
2026-03-25 13:16:10.584-0500 | EthScheduler-Workers-0 | INFO  | PersistBlockTask | Imported empty block #109 / 0 tx / 0 om / 0 (0.0%) gas / (0x39c9a0843301c44eccef8cef5cc53b726ceb43800316193f44ba265eb55bbcfe) in 0.002s. Peers: 7
2026-03-25 13:16:15.016-0500 | EthScheduler-Workers-0 | INFO  | PersistBlockTask | Imported empty block #110 / 0 tx / 0 om / 0 (0.0%) gas / (0xe8f2311a75a807a19814e6a24466e55e9901a803dd6339d52a6e625457797178) in 0.002s. Peers: 7
2026-03-25 13:16:20.013-0500 | EthScheduler-Workers-0 | INFO  | PersistBlockTask | Imported empty block #111 / 0 tx / 0 om / 0 (0.0%) gas / (0x674b50d0a2848fa5f4c541a7a6ab327c0888decefffcb1b8fd1b58f3f58850dc) in 0.002s. Peers: 7
2026-03-25 13:16:25.026-0500 | EthScheduler-Workers-0 | INFO  | PersistBlockTask | Imported block #112 / 1 tx / 0 om / 56,338 (0.2%) gas / (0x178815e2478c4e936e6ef902860b88d05e2bbe4fd109ad5a947b68549a843205) in 0.007s. Peers: 7
2026-03-25 13:16:38.540-0500 | EthScheduler-Workers-0 | INFO  | PersistBlockTask | Imported empty block #113 / 0 tx / 0 om / 0 (0.0%) gas / (0xc4bae5b8a305d2faac4b5e5051a0651879c1108a5dcb0a674a3a20876c534dbf) in 0.002s. Peers: 7
2026-03-25 13:16:43.031-0500 | EthScheduler-Workers-0 | INFO  | PersistBlockTask | Imported empty block #114 / 0 tx / 0 om / 0 (0.0%) gas / (0xca2b69b031970c3935165f31e01831b24cc11deabce984c49805f1f3b0bb3451) in 0.004s. Peers: 7
2026-03-25 13:16:48.027-0500 | EthScheduler-Workers-0 | INFO  | PersistBlockTask | Imported block #115 / 1 tx / 0 om / 56,326 (0.2%) gas / (0x15da728aab5c1150d0abb87cebe34d689ec4611054535e807be14b9a880c6c0c) in 0.006s. Peers: 7
2026-03-25 13:16:53.025-0500 | EthScheduler-Workers-0 | INFO  | PersistBlockTask | Imported empty block #116 / 0 tx / 0 om / 0 (0.0%) gas / (0x24de17c2149d38dff26e615265ff8ac4eded1e7ab01581b29a50479890e79b78) in 0.003s. Peers: 7
2026-03-25 13:16:58.022-0500 | EthScheduler-Workers-0 | INFO  | PersistBlockTask | Imported empty block #117 / 0 tx / 0 om / 0 (0.0%) gas / (0x657cee747f7b75d790b33e2870edcf742fefb1443a120764cf326f069425e7cb) in 0.005s. Peers: 7
2026-03-25 13:17:11.629-0500 | EthScheduler-Workers-0 | INFO  | PersistBlockTask | Imported block #118 / 1 tx / 0 om / 56,338 (0.2%) gas / (0xbfe6d7faad2625aedf90decdcc10b70ab0cb645c823b974efa350488983afc97) in 0.008s. Peers: 7
2026-03-25 13:17:16.018-0500 | EthScheduler-Workers-0 | INFO  | PersistBlockTask | Imported empty block #119 / 0 tx / 0 om / 0 (0.0%) gas / (0x0772b8dc1567d57f6218c80ed3c9efa0de53da40eb9f7cde39f016fee193126f) in 0.005s. Peers: 7
2026-03-25 13:17:21.017-0500 | EthScheduler-Workers-0 | INFO  | PersistBlockTask | Imported empty block #120 / 0 tx / 0 om / 0 (0.0%) gas / (0xc2f397a07d02a636dafe3a9b9bca47335f78edd27156356eb79a5fd012902b6b) in 0.002s. Peers: 7
2026-03-25 13:17:26.023-0500 | EthScheduler-Workers-0 | INFO  | PersistBlockTask | Imported empty block #121 / 0 tx / 0 om / 0 (0.0%) gas / (0x7f6c0f91e559432d3287f5ec85bcc19cc6e8fac5160c79c86d5dcbb11ee1001b) in 0.006s. Peers: 7
2026-03-25 13:17:39.588-0500 | EthScheduler-Workers-0 | INFO  | PersistBlockTask | Imported empty block #122 / 0 tx / 0 om / 0 (0.0%) gas / (0xe35e8b7821c255d8ff65d56061fba6245edbec11f71258b900b2dc79273d88a4) in 0.003s. Peers: 7
2026-03-25 13:17:44.017-0500 | EthScheduler-Workers-0 | INFO  | PersistBlockTask | Imported empty block #123 / 0 tx / 0 om / 0 (0.0%) gas / (0x8e4a39e7274521e48e5bb9f77baf8c2979b74dae403c7f809827f0cff93dc94b) in 0.002s. Peers: 7
2026-03-25 13:17:49.024-0500 | EthScheduler-Workers-0 | INFO  | PersistBlockTask | Imported empty block #124 / 0 tx / 0 om / 0 (0.0%) gas / (0xde6054d102f5f18769ed552b58b2db0fa6ddbf62cbd45d9518395a953f6fb636) in 0.004s. Peers: 7
2026-03-25 13:17:54.035-0500 | EthScheduler-Workers-0 | INFO  | PersistBlockTask | Imported empty block #125 / 0 tx / 0 om / 0 (0.0%) gas / (0xd2f3c1101c01f9ee6c2fb80910e2d685d0c5292ffe987f62c3c0bb56b590dca3) in 0.005s. Peers: 7
2026-03-25 13:17:59.026-0500 | EthScheduler-Workers-0 | INFO  | PersistBlockTask | Imported empty block #126 / 0 tx / 0 om / 0 (0.0%) gas / (0x125b75d769012860e035011a5d9078eda4fc882e1befa23573b17a6e6eff1d7e) in 0.003s. Peers: 7
2026-03-25 13:18:12.599-0500 | EthScheduler-Workers-0 | INFO  | PersistBlockTask | Imported empty block #127 / 0 tx / 0 om / 0 (0.0%) gas / (0xa0bf196b040382d49a81ea99c56da15a19049ca677571234872a0409b495e5b4) in 0.004s. Peers: 7
2026-03-25 13:18:17.021-0500 | EthScheduler-Workers-0 | INFO  | PersistBlockTask | Imported empty block #128 / 0 tx / 0 om / 0 (0.0%) gas / (0x60651eb18bfd10cae4ec2b5a652d1d2a79ca73166e3611985b1b3b9fd363bf93) in 0.004s. Peers: 7
2026-03-25 13:18:22.028-0500 | EthScheduler-Workers-0 | INFO  | PersistBlockTask | Imported empty block #129 / 0 tx / 0 om / 0 (0.0%) gas / (0x2a4e925bd372ebbc1cf4baa79e8feb7403b37e211d296e3fdceef98940a01e71) in 0.003s. Peers: 7
2026-03-25 13:18:27.033-0500 | EthScheduler-Workers-0 | INFO  | PersistBlockTask | Imported empty block #130 / 0 tx / 0 om / 0 (0.0%) gas / (0xdd956385ab8ce5e5c3fa9433940ca9aad1524967312ccb6c35694cbebc7cd009) in 0.004s. Peers: 7
2026-03-25 13:18:32.026-0500 | EthScheduler-Workers-0 | INFO  | PersistBlockTask | Imported empty block #131 / 0 tx / 0 om / 0 (0.0%) gas / (0xa25057cf1f617b20bd0642dfc070f445aef37cff3847e851b46a479c831aaea1) in 0.001s. Peers: 7
2026-03-25 13:18:45.591-0500 | EthScheduler-Workers-0 | INFO  | PersistBlockTask | Imported empty block #132 / 0 tx / 0 om / 0 (0.0%) gas / (0xa0eb010c5da6bfbe6ce8d6b6a0867e87477b088048bd44ffa0b07d70e8bc546d) in 0.003s. Peers: 7
2026-03-25 13:18:50.011-0500 | EthScheduler-Workers-0 | INFO  | PersistBlockTask | Imported empty block #133 / 0 tx / 0 om / 0 (0.0%) gas / (0x020b8e894858b8704916d73ba294659cc69b147eeaa4e73193355f43653fc146) in 0.002s. Peers: 7
2026-03-25 13:18:55.019-0500 | EthScheduler-Workers-0 | INFO  | PersistBlockTask | Imported empty block #134 / 0 tx / 0 om / 0 (0.0%) gas / (0x1aa29b0d22beeb2dc2378d81f3291416d3eb7fae8d784f68830ade8686fc3fa8) in 0.002s. Peers: 7
2026-03-25 13:19:00.017-0500 | EthScheduler-Workers-0 | INFO  | PersistBlockTask | Imported empty block #135 / 0 tx / 0 om / 0 (0.0%) gas / (0x93d86e0903d17b7ce28e572c286b2b66d6a9eb8559f5b7d57dda5a6737ebc8fb) in 0.002s. Peers: 7
2026-03-25 13:19:13.554-0500 | EthScheduler-Workers-0 | INFO  | PersistBlockTask | Imported empty block #136 / 0 tx / 0 om / 0 (0.0%) gas / (0x5e1bdd32b7a93b97d11826581ff7449ee1713b4b2810276ba17decfe0bcd37cc) in 0.003s. Peers: 7
2026-03-25 13:19:18.020-0500 | EthScheduler-Workers-0 | INFO  | PersistBlockTask | Imported empty block #137 / 0 tx / 0 om / 0 (0.0%) gas / (0x8cbdd2cfdc3eda8e9f742631380d82a424bb724bc802015f195a1de8f7e1d651) in 0.002s. Peers: 7
2026-03-25 13:19:23.013-0500 | EthScheduler-Workers-0 | INFO  | PersistBlockTask | Imported empty block #138 / 0 tx / 0 om / 0 (0.0%) gas / (0x97c3b3a344e6c7596a5acbe46e59ce315a25fefc2828be8ca053a4d6345071d3) in 0.002s. Peers: 7
2026-03-25 13:19:28.023-0500 | EthScheduler-Workers-0 | INFO  | PersistBlockTask | Imported empty block #139 / 0 tx / 0 om / 0 (0.0%) gas / (0xb5896892865ce86de31ae88e541ae00e1be752f3d08b5e2c50b99f2c071261c6) in 0.005s. Peers: 7
2026-03-25 13:19:33.021-0500 | EthScheduler-Workers-0 | INFO  | PersistBlockTask | Imported empty block #140 / 0 tx / 0 om / 0 (0.0%) gas / (0xf42daea7eb69eed93f9d32e1b125e40c528da39e2121baf68ec8d1623ae23c1a) in 0.003s. Peers: 7
2026-03-25 13:19:46.557-0500 | EthScheduler-Workers-0 | INFO  | PersistBlockTask | Imported empty block #141 / 0 tx / 0 om / 0 (0.0%) gas / (0x94e8bafa194ace1158de1e582046ce69e1f053aaffc5ede06bf1501f530e1299) in 0.005s. Peers: 7
2026-03-25 13:19:51.015-0500 | EthScheduler-Workers-0 | INFO  | PersistBlockTask | Imported empty block #142 / 0 tx / 0 om / 0 (0.0%) gas / (0x892166234cc72b53e756d19cfc8fc1685a6d58d6666a4581303a755f16752d79) in 0.002s. Peers: 7
2026-03-25 13:19:56.016-0500 | EthScheduler-Workers-0 | INFO  | PersistBlockTask | Imported empty block #143 / 0 tx / 0 om / 0 (0.0%) gas / (0xd2b12bdd475390aebcad8645198dd7c62567f8430a8b5dcd80fdbba260512bdf) in 0.002s. Peers: 7
2026-03-25 13:20:01.015-0500 | EthScheduler-Workers-0 | INFO  | PersistBlockTask | Imported empty block #144 / 0 tx / 0 om / 0 (0.0%) gas / (0x6229c4db841a87bed7e64283f1e7785d098fa6736d69d77eb7e00d12c2d6a199) in 0.002s. Peers: 7
2026-03-25 13:20:14.588-0500 | EthScheduler-Workers-0 | INFO  | PersistBlockTask | Imported empty block #145 / 0 tx / 0 om / 0 (0.0%) gas / (0xf664f0ae83603a9f7acfb77282ca0425dcb124c2049b47749f6799b352dcb74e) in 0.002s. Peers: 7
2026-03-25 13:20:19.017-0500 | EthScheduler-Workers-0 | INFO  | PersistBlockTask | Imported empty block #146 / 0 tx / 0 om / 0 (0.0%) gas / (0x3604370eab60d03f5bdbff94be63a07382b1f8ab2f2f65c0826e2ec5a0af3045) in 0.003s. Peers: 7
2026-03-25 13:20:24.017-0500 | EthScheduler-Workers-0 | INFO  | PersistBlockTask | Imported empty block #147 / 0 tx / 0 om / 0 (0.0%) gas / (0x66cebea48a5912c5ed8af7f545c878fcc17170334e3b713e9273d0ddf3be0849) in 0.003s. Peers: 7
2026-03-25 13:20:29.028-0500 | EthScheduler-Workers-0 | INFO  | PersistBlockTask | Imported block #148 / 1 tx / 0 om / 21,000 (0.1%) gas / (0x98d77eda106a4cf628287dbde5bf2c3c581d92e3d0a3df58b9c85854b000e5c7) in 0.006s. Peers: 7
2026-03-25 13:20:34.016-0500 | EthScheduler-Workers-0 | INFO  | PersistBlockTask | Imported empty block #149 / 0 tx / 0 om / 0 (0.0%) gas / (0xd2b03657b04ef3f1a243cb8983577bcb2e7563652dd9d4fa6759702c6d7e8377) in 0.004s. Peers: 7
2026-03-25 13:20:47.578-0500 | EthScheduler-Workers-0 | INFO  | PersistBlockTask | Imported empty block #150 / 0 tx / 0 om / 0 (0.0%) gas / (0x0985c40b79e47b6cc24bba98b2ab5f70a69406d166c6fba9db323db94ab38423) in 0.003s. Peers: 7
2026-03-25 13:20:52.041-0500 | EthScheduler-Workers-0 | INFO  | PersistBlockTask | Imported block #151 / 1 tx / 0 om / 316,849 (1.1%) gas / (0xc1fba494ce42e5c95b4b39b29f5344d375301d20d565b8e3b2daf6da0791f7f8) in 0.020s. Peers: 7
2026-03-25 13:20:57.029-0500 | EthScheduler-Workers-0 | INFO  | PersistBlockTask | Imported block #152 / 1 tx / 0 om / 282,173 (0.9%) gas / (0x42339eabfa095addb51d59ff1f858816626724521348dadc8e3e5c5b2f4f3d2e) in 0.009s. Peers: 7
2026-03-25 13:21:02.016-0500 | EthScheduler-Workers-0 | INFO  | PersistBlockTask | Imported empty block #153 / 0 tx / 0 om / 0 (0.0%) gas / (0x1e9913c3c2a2224e4d707915194604077e67edea7d85a8958cfadcfc18bd74bc) in 0.003s. Peers: 7
2026-03-25 13:21:15.600-0500 | EthScheduler-Workers-0 | INFO  | PersistBlockTask | Imported empty block #154 / 0 tx / 0 om / 0 (0.0%) gas / (0xe7208fdd6cf5f5f7cab2e2af7bce107e661e80beecef4a968baaa7d9430907ac) in 0.004s. Peers: 7
2026-03-25 13:21:20.031-0500 | EthScheduler-Workers-0 | INFO  | PersistBlockTask | Imported block #155 / 1 tx / 0 om / 52,949 (0.2%) gas / (0x9b0ea8cec7729bccc2fb84cafde1c8e6825bb595d91b46574a2f3ae6c046be52) in 0.008s. Peers: 7
2026-03-25 13:21:25.012-0500 | EthScheduler-Workers-0 | INFO  | PersistBlockTask | Imported empty block #156 / 0 tx / 0 om / 0 (0.0%) gas / (0xef981d92f258129ec8d103cf0684a6a0d0f7a3a80df9dff0805d6bcecc79ba41) in 0.002s. Peers: 7
2026-03-25 13:21:30.013-0500 | EthScheduler-Workers-0 | INFO  | PersistBlockTask | Imported empty block #157 / 0 tx / 0 om / 0 (0.0%) gas / (0x36000d16eaf587c0932205349d0eb79cf4a4389e43d6289e99719d477510a648) in 0.002s. Peers: 7
2026-03-25 13:21:35.015-0500 | EthScheduler-Workers-0 | INFO  | PersistBlockTask | Imported empty block #158 / 0 tx / 0 om / 0 (0.0%) gas / (0x24079c0f97a44a470a0884eecc9d908d9501698188f227439b097d5312137b97) in 0.003s. Peers: 7
2026-03-25 13:21:48.560-0500 | EthScheduler-Workers-0 | INFO  | PersistBlockTask | Imported empty block #159 / 0 tx / 0 om / 0 (0.0%) gas / (0x8059d6062f6d02e6fe5c92bf57026b0cbd5649c9f14b5763ac1c5d42b6da6602) in 0.003s. Peers: 7
2026-03-25 13:21:53.017-0500 | EthScheduler-Workers-0 | INFO  | PersistBlockTask | Imported empty block #160 / 0 tx / 0 om / 0 (0.0%) gas / (0x3b5a481a7f05e670f83c580f232e34e9e136498d2c91fa34f3cdcbf3f183f1cb) in 0.003s. Peers: 7
2026-03-25 13:21:58.019-0500 | EthScheduler-Workers-0 | INFO  | PersistBlockTask | Imported empty block #161 / 0 tx / 0 om / 0 (0.0%) gas / (0x6e0117d87c592400fca4b13acedff05ee33280648088af0e7fbb975b01eae764) in 0.002s. Peers: 7
2026-03-25 13:22:03.014-0500 | EthScheduler-Workers-0 | INFO  | PersistBlockTask | Imported empty block #162 / 0 tx / 0 om / 0 (0.0%) gas / (0xf6931a2508c3d909b0cebcce0e20794a9ebb7a2cc18296763234f839228c409d) in 0.002s. Peers: 7
2026-03-25 13:22:16.539-0500 | EthScheduler-Workers-0 | INFO  | PersistBlockTask | Imported empty block #163 / 0 tx / 0 om / 0 (0.0%) gas / (0x10537d7feb5e8a816e891a2ccce7e3df184d853df37431c2d6a11fe2e9801cd2) in 0.003s. Peers: 7
2026-03-25 13:22:21.022-0500 | EthScheduler-Workers-0 | INFO  | PersistBlockTask | Imported block #164 / 1 tx / 0 om / 21,000 (0.1%) gas / (0xf79cb2136e03a62a1a0bd3d4f696ae6ff0057af521ccb4888ee5af1e1cf3bdd5) in 0.006s. Peers: 7
2026-03-25 13:22:26.011-0500 | EthScheduler-Workers-0 | INFO  | PersistBlockTask | Imported empty block #165 / 0 tx / 0 om / 0 (0.0%) gas / (0xc6614905259736c0b5383ef19c02158eb0569155da594ad1b01c892544f455b5) in 0.002s. Peers: 7
2026-03-25 13:22:31.013-0500 | EthScheduler-Workers-0 | INFO  | PersistBlockTask | Imported empty block #166 / 0 tx / 0 om / 0 (0.0%) gas / (0x294017980b3f57c15f7864c1163c754cdde01a81fbfaed05f706f2b6d91ee230) in 0.003s. Peers: 7
2026-03-25 13:22:36.018-0500 | EthScheduler-Workers-0 | INFO  | PersistBlockTask | Imported empty block #167 / 0 tx / 0 om / 0 (0.0%) gas / (0xe5cb547b9dde15777e34eec08482f1a10c65a2e4d31d5c0004c3bd10ab8c9da6) in 0.003s. Peers: 7
2026-03-25 13:22:49.675-0500 | EthScheduler-Workers-0 | INFO  | PersistBlockTask | Imported empty block #168 / 0 tx / 0 om / 0 (0.0%) gas / (0x7b2489f0531ce83180a6d613972ac732b07e82ad882d804f293b5d62d8f0c8a7) in 0.004s. Peers: 7
2026-03-25 13:22:54.015-0500 | EthScheduler-Workers-0 | INFO  | PersistBlockTask | Imported empty block #169 / 0 tx / 0 om / 0 (0.0%) gas / (0xf43b263bc2ea8f810b9bfef16990514a63d8da980d2d004af809bbf57558a38e) in 0.002s. Peers: 7
2026-03-25 13:22:59.016-0500 | EthScheduler-Workers-0 | INFO  | PersistBlockTask | Imported empty block #170 / 0 tx / 0 om / 0 (0.0%) gas / (0x71d0dce0722f77f918ac84655be2b75108360aca9983b159c0c05cacbbc87a5c) in 0.003s. Peers: 7
2026-03-25 13:23:04.047-0500 | EthScheduler-Workers-0 | INFO  | PersistBlockTask | Imported block #171 / 1 tx / 0 om / 299,629 (1.0%) gas / (0x1ac18b45cdcc1dddfe8d632451f0a0b3b5a797b7ac70ce982d5108ddf90c0ffe) in 0.022s. Peers: 7
2026-03-25 13:23:09.035-0500 | EthScheduler-Workers-0 | INFO  | PersistBlockTask | Imported block #172 / 1 tx / 0 om / 265,073 (0.9%) gas / (0x5cdb0cb4e19292700083e9b2d416b39be9b3e7e85ba629f646598c1d4c93a256) in 0.014s. Peers: 7
2026-03-25 13:23:22.596-0500 | EthScheduler-Workers-0 | INFO  | PersistBlockTask | Imported empty block #173 / 0 tx / 0 om / 0 (0.0%) gas / (0x25b111709a196a1846bc8882108d74631a9fbdee685eb0423e24513428db74b8) in 0.002s. Peers: 7
2026-03-25 13:23:27.016-0500 | EthScheduler-Workers-0 | INFO  | PersistBlockTask | Imported empty block #174 / 0 tx / 0 om / 0 (0.0%) gas / (0x9a51813bb9ff8b3d1d0efc0d479f3b70c3830ba3d09aaa8018798b6f0ac422e6) in 0.003s. Peers: 7
2026-03-25 13:23:32.030-0500 | EthScheduler-Workers-0 | INFO  | PersistBlockTask | Imported block #175 / 1 tx / 0 om / 52,949 (0.2%) gas / (0xacff008db39038b4b4324aaa41e9ad55fd298baa934b705f4643e71df64987e4) in 0.009s. Peers: 7
2026-03-25 13:23:37.014-0500 | EthScheduler-Workers-0 | INFO  | PersistBlockTask | Imported empty block #176 / 0 tx / 0 om / 0 (0.0%) gas / (0xe16bfb84aab217df633143aa5ae3f0fe270e24ff2a6a8772080e5075a395ed31) in 0.002s. Peers: 7
2026-03-25 13:23:50.594-0500 | EthScheduler-Workers-0 | INFO  | PersistBlockTask | Imported empty block #177 / 0 tx / 0 om / 0 (0.0%) gas / (0x34ae006e8f2727773138cdf9cd4312429046d5f7b6885ea1dc54e1a9f5eccf92) in 0.003s. Peers: 7
2026-03-25 13:23:55.018-0500 | EthScheduler-Workers-0 | INFO  | PersistBlockTask | Imported empty block #178 / 0 tx / 0 om / 0 (0.0%) gas / (0x5579ca6c744918250a6ed2bfc7145249a695fb6e934270207d3e56bba3adbe0f) in 0.002s. Peers: 7
2026-03-25 13:24:00.018-0500 | EthScheduler-Workers-0 | INFO  | PersistBlockTask | Imported empty block #179 / 0 tx / 0 om / 0 (0.0%) gas / (0xcb81684f863cae8a8f6b9378cfd5cf1cbe57d5188365cc6aa1f619b590a89654) in 0.003s. Peers: 7
2026-03-25 13:24:05.026-0500 | EthScheduler-Workers-0 | INFO  | PersistBlockTask | Imported empty block #180 / 0 tx / 0 om / 0 (0.0%) gas / (0xdca529c230c2f138798bb4bb84c983b72d87194ba230b728c87ff8efb546cf45) in 0.003s. Peers: 7
2026-03-25 13:24:10.028-0500 | EthScheduler-Workers-0 | INFO  | PersistBlockTask | Imported empty block #181 / 0 tx / 0 om / 0 (0.0%) gas / (0xa8545d94408bb3e62ebead2124a26d688c3f4239d18fa0328012a3258679522c) in 0.004s. Peers: 7
2026-03-25 13:24:23.607-0500 | EthScheduler-Workers-0 | INFO  | PersistBlockTask | Imported empty block #182 / 0 tx / 0 om / 0 (0.0%) gas / (0x5d248631274aac10fe0680aafea5b477df627a325836575a2ea19f1059e6b17f) in 0.004s. Peers: 7
2026-03-25 13:24:28.017-0500 | EthScheduler-Workers-0 | INFO  | PersistBlockTask | Imported empty block #183 / 0 tx / 0 om / 0 (0.0%) gas / (0xd31643cb17dff676d5f412d6f3f8c73b7b255642d95d601f945000a4a18efaf0) in 0.003s. Peers: 7
2026-03-25 13:24:33.014-0500 | EthScheduler-Workers-0 | INFO  | PersistBlockTask | Imported empty block #184 / 0 tx / 0 om / 0 (0.0%) gas / (0x885bee00648339a7e6d8b0fceb4ca878bbb4696fae9cb7a21c57d0f3379de7ca) in 0.003s. Peers: 7
2026-03-25 13:24:38.021-0500 | EthScheduler-Workers-0 | INFO  | PersistBlockTask | Imported empty block #185 / 0 tx / 0 om / 0 (0.0%) gas / (0xace25dfa17ec119b11ac158314fe05ade0c456634dcd4e9b810a09bbece344dc) in 0.003s. Peers: 7
2026-03-25 13:24:51.579-0500 | EthScheduler-Workers-0 | INFO  | PersistBlockTask | Imported empty block #186 / 0 tx / 0 om / 0 (0.0%) gas / (0xb62ab1769b0d36809c8f9c6d71feb7dee6339c7398480969b3b9fe5f9ff05c00) in 0.002s. Peers: 7
2026-03-25 13:24:56.019-0500 | EthScheduler-Workers-0 | INFO  | PersistBlockTask | Imported empty block #187 / 0 tx / 0 om / 0 (0.0%) gas / (0x1cfc741c7d3b1df7b0a0db009b3e5b12ac3f27e1fdf930f6c252a4577c0cefd8) in 0.003s. Peers: 7
2026-03-25 13:25:01.016-0500 | EthScheduler-Workers-0 | INFO  | PersistBlockTask | Imported empty block #188 / 0 tx / 0 om / 0 (0.0%) gas / (0xdfa8345a83b60c1510545673376370729e9d59351c837f81b1e0099b07236dfc) in 0.003s. Peers: 7
2026-03-25 13:25:06.018-0500 | EthScheduler-Workers-0 | INFO  | PersistBlockTask | Imported empty block #189 / 0 tx / 0 om / 0 (0.0%) gas / (0xfc46ff8cbb13c7af45d826d9ca3d81746477ac18ca92a7115dd83f0895565c9c) in 0.003s. Peers: 7
2026-03-25 13:25:11.021-0500 | EthScheduler-Workers-0 | INFO  | PersistBlockTask | Imported empty block #190 / 0 tx / 0 om / 0 (0.0%) gas / (0xb15e51d1da4a147d57ac25edbf5f5d391d814009138387aee817e35a8810c05f) in 0.002s. Peers: 7
2026-03-25 13:25:24.561-0500 | EthScheduler-Workers-0 | INFO  | PersistBlockTask | Imported empty block #191 / 0 tx / 0 om / 0 (0.0%) gas / (0x5a6ff465ba2ec9433c406f98bc4a70e4d4483a3967d430d8372e7a8db6b36f2c) in 0.003s. Peers: 7
2026-03-25 13:25:29.020-0500 | EthScheduler-Workers-0 | INFO  | PersistBlockTask | Imported empty block #192 / 0 tx / 0 om / 0 (0.0%) gas / (0x402ec5e6b3aa03b1b56d5b7bf1e0688b748b18263149607523853076c255a59a) in 0.006s. Peers: 7
2026-03-25 13:25:34.016-0500 | EthScheduler-Workers-0 | INFO  | PersistBlockTask | Imported empty block #193 / 0 tx / 0 om / 0 (0.0%) gas / (0x38240c65f50dbab53455a999a47f05702a77ac3158115e7dcb41ff2b1199a9d0) in 0.003s. Peers: 7
2026-03-25 13:25:39.025-0500 | EthScheduler-Workers-0 | INFO  | PersistBlockTask | Imported empty block #194 / 0 tx / 0 om / 0 (0.0%) gas / (0x5b232a967170fbc1704df4daa7b8798441889b187a5ca19416da222f941211dd) in 0.007s. Peers: 7
2026-03-25 13:25:52.574-0500 | EthScheduler-Workers-0 | INFO  | PersistBlockTask | Imported empty block #195 / 0 tx / 0 om / 0 (0.0%) gas / (0xd3159c2e8f2b24f95e17178dd89dddf7ff2ebaf5c7db9418e4e777dce3450104) in 0.003s. Peers: 7
2026-03-25 13:25:57.016-0500 | EthScheduler-Workers-0 | INFO  | PersistBlockTask | Imported empty block #196 / 0 tx / 0 om / 0 (0.0%) gas / (0xd2603b407e1e5d1b774fa4e2655ae3a1cb74f6d1b172d39a7799cd0dc5163648) in 0.002s. Peers: 7
2026-03-25 13:26:02.015-0500 | EthScheduler-Workers-0 | INFO  | PersistBlockTask | Imported empty block #197 / 0 tx / 0 om / 0 (0.0%) gas / (0xcb14d30fb06eb445aaaf6a8e9b15634dfad49ed344e77d7f69cd4888444010ae) in 0.003s. Peers: 7
2026-03-25 13:26:07.029-0500 | EthScheduler-Workers-0 | INFO  | PersistBlockTask | Imported empty block #198 / 0 tx / 0 om / 0 (0.0%) gas / (0x10a3600df329cec23f4c3b46ff2bbc44546e94d8ee240cd43272758a5d92afc5) in 0.002s. Peers: 7
2026-03-25 13:26:12.010-0500 | EthScheduler-Workers-0 | INFO  | PersistBlockTask | Imported empty block #199 / 0 tx / 0 om / 0 (0.0%) gas / (0xdfd395e5ae07bd6f471892413c4a141d3b8cdc1cc22e8d9b1480229881f95632) in 0.002s. Peers: 7
2026-03-25 13:26:25.611-0500 | EthScheduler-Workers-0 | INFO  | PersistBlockTask | Imported empty block #200 / 0 tx / 0 om / 0 (0.0%) gas / (0x4ce7ca4835557053e344da8701de34222baf960542cca5b61c0bfba040ed907f) in 0.003s. Peers: 7
2026-03-25 13:26:30.012-0500 | EthScheduler-Workers-0 | INFO  | PersistBlockTask | Imported empty block #201 / 0 tx / 0 om / 0 (0.0%) gas / (0x3060f8a513d63dd5a827aa6fba0dac15b710b2371f3a7918c24c844b079e842f) in 0.002s. Peers: 7
2026-03-25 13:26:35.012-0500 | EthScheduler-Workers-0 | INFO  | PersistBlockTask | Imported empty block #202 / 0 tx / 0 om / 0 (0.0%) gas / (0x62d0ed0f131df372b2ec73fbe3090d38a379cdd814da598d1864d1401aadbf0a) in 0.003s. Peers: 7
2026-03-25 13:26:40.012-0500 | EthScheduler-Workers-0 | INFO  | PersistBlockTask | Imported empty block #203 / 0 tx / 0 om / 0 (0.0%) gas / (0x5ae95cd7c81f0693d9ba388cf25e8aee21808a462c5f381ee160b792e087feb9) in 0.002s. Peers: 7
2026-03-25 13:26:45.012-0500 | EthScheduler-Workers-0 | INFO  | PersistBlockTask | Imported empty block #204 / 0 tx / 0 om / 0 (0.0%) gas / (0xf5f88a5e2566d9fa6ab183428057632e6876f5800a16e58b13b43d58077f7bb3) in 0.003s. Peers: 7
2026-03-25 13:26:58.585-0500 | EthScheduler-Workers-0 | INFO  | PersistBlockTask | Imported empty block #205 / 0 tx / 0 om / 0 (0.0%) gas / (0x52de3db830fc5b26e32438d8d0a46bc53f5fff261016a741a78a47a9d49c4f91) in 0.002s. Peers: 7
2026-03-25 13:27:03.014-0500 | EthScheduler-Workers-0 | INFO  | PersistBlockTask | Imported empty block #206 / 0 tx / 0 om / 0 (0.0%) gas / (0xe3b00a7bc29f9f3abb26f90bd267f3ab0c474d0cd5f9c1e77a3ed67631f8f649) in 0.003s. Peers: 7
2026-03-25 13:27:08.013-0500 | EthScheduler-Workers-0 | INFO  | PersistBlockTask | Imported empty block #207 / 0 tx / 0 om / 0 (0.0%) gas / (0x5fa13f5479c19e8e10d3d0afcba9d4e8a43ca1c71a68c5356f0d034a9e98df96) in 0.002s. Peers: 7
2026-03-25 13:27:13.023-0500 | EthScheduler-Workers-0 | INFO  | PersistBlockTask | Imported empty block #208 / 0 tx / 0 om / 0 (0.0%) gas / (0xa5996670136769e0751148a571b15573b8151fc5677629ac88fd48c0b6b3477b) in 0.002s. Peers: 7
2026-03-25 13:27:26.595-0500 | EthScheduler-Workers-0 | INFO  | PersistBlockTask | Imported empty block #209 / 0 tx / 0 om / 0 (0.0%) gas / (0x5713f7a05556691994ab94ed09e40fcf2d4244e816f54f434b555584f7779a21) in 0.003s. Peers: 7
2026-03-25 13:27:31.010-0500 | EthScheduler-Workers-0 | INFO  | PersistBlockTask | Imported empty block #210 / 0 tx / 0 om / 0 (0.0%) gas / (0xf0ea506c5efdc6b05fa0012ae3eff7e9328e1e2cc0e3ef8dfcbd99efa0e571fb) in 0.002s. Peers: 7
2026-03-25 13:27:36.018-0500 | EthScheduler-Workers-0 | INFO  | PersistBlockTask | Imported empty block #211 / 0 tx / 0 om / 0 (0.0%) gas / (0x42397b00c77067180ef98b4d410e661f5cc3aa09b7aa6234aa8805da8a5fedf0) in 0.002s. Peers: 7
2026-03-25 13:27:41.013-0500 | EthScheduler-Workers-0 | INFO  | PersistBlockTask | Imported empty block #212 / 0 tx / 0 om / 0 (0.0%) gas / (0xaaa9fcc3d6ffb5fa5fc67d3bdc7d624e9d695570deb8ba752ef4778abda8636f) in 0.002s. Peers: 7
2026-03-25 13:27:46.015-0500 | EthScheduler-Workers-0 | INFO  | PersistBlockTask | Imported empty block #213 / 0 tx / 0 om / 0 (0.0%) gas / (0x56ae66da35cb0a5810a797fdef389a514032ba72a32d06875e05e31a587dcf24) in 0.002s. Peers: 7
2026-03-25 13:27:59.581-0500 | EthScheduler-Workers-0 | INFO  | PersistBlockTask | Imported empty block #214 / 0 tx / 0 om / 0 (0.0%) gas / (0x90e595b3bac8259730cdd745c3e4cd50c93a6f5f8eec6176ec5039551c7ed243) in 0.004s. Peers: 7
2026-03-25 13:28:04.021-0500 | EthScheduler-Workers-0 | INFO  | PersistBlockTask | Imported empty block #215 / 0 tx / 0 om / 0 (0.0%) gas / (0x302266a3916c3f77e2c0d8d287f3699963d216b2885e49e492d19878346d81c5) in 0.004s. Peers: 7
2026-03-25 13:28:09.019-0500 | EthScheduler-Workers-0 | INFO  | PersistBlockTask | Imported empty block #216 / 0 tx / 0 om / 0 (0.0%) gas / (0x3ae991d87cf96287050d8e25a520236b6ebed15cd7a19d9dda45f5ed3f8f50a1) in 0.003s. Peers: 7
2026-03-25 13:28:14.022-0500 | EthScheduler-Workers-0 | INFO  | PersistBlockTask | Imported empty block #217 / 0 tx / 0 om / 0 (0.0%) gas / (0xeac7dff69a660f4a2acaa8c498e0b719d36022a53a1b855ba4db4c86e4ba9479) in 0.002s. Peers: 7
2026-03-25 13:28:27.564-0500 | EthScheduler-Workers-0 | INFO  | PersistBlockTask | Imported empty block #218 / 0 tx / 0 om / 0 (0.0%) gas / (0xfc39f718760d8a31e2e55f78a3e42bbb310580a1f25f09e155ae12e29affa41a) in 0.002s. Peers: 7
2026-03-25 13:28:32.012-0500 | EthScheduler-Workers-0 | INFO  | PersistBlockTask | Imported empty block #219 / 0 tx / 0 om / 0 (0.0%) gas / (0x2414577e78f9f98cde4f27c826af832b255814a6cb6773496b238ea0a4dcc164) in 0.002s. Peers: 7
2026-03-25 13:28:37.015-0500 | EthScheduler-Workers-0 | INFO  | PersistBlockTask | Imported empty block #220 / 0 tx / 0 om / 0 (0.0%) gas / (0x36a6c3379c6b4757f8ec0389c308a066020d27ea7faa21ec291c076ac982af5e) in 0.002s. Peers: 7
2026-03-25 13:28:42.028-0500 | EthScheduler-Workers-0 | INFO  | PersistBlockTask | Imported empty block #221 / 0 tx / 0 om / 0 (0.0%) gas / (0xed1b1f1d22b4903e58d44f35869f6c9b527c4fe9a1f7b7ab32d791ebb9d6c406) in 0.003s. Peers: 7
2026-03-25 13:28:47.035-0500 | EthScheduler-Workers-0 | INFO  | PersistBlockTask | Imported empty block #222 / 0 tx / 0 om / 0 (0.0%) gas / (0x4946950380617a652e786d00503f20c3acb639b1ff05ad7e0aff96626236be54) in 0.005s. Peers: 7
2026-03-25 13:29:00.578-0500 | EthScheduler-Workers-0 | INFO  | PersistBlockTask | Imported empty block #223 / 0 tx / 0 om / 0 (0.0%) gas / (0xd8f1a6242a69158eb27fc9df56637b304c60bdbfcf25d40151bdfd90792c5263) in 0.002s. Peers: 7
2026-03-25 13:29:05.019-0500 | EthScheduler-Workers-0 | INFO  | PersistBlockTask | Imported empty block #224 / 0 tx / 0 om / 0 (0.0%) gas / (0xa51615caeed3ebdfd94001d946781296314ce3e3906ad4277acc7ba484687dcd) in 0.002s. Peers: 7
2026-03-25 13:29:10.016-0500 | EthScheduler-Workers-0 | INFO  | PersistBlockTask | Imported empty block #225 / 0 tx / 0 om / 0 (0.0%) gas / (0xd844cd995849f51052ef9697f6df3ef3d802661ceba8c52249cb06b8935041de) in 0.002s. Peers: 7
2026-03-25 13:29:15.025-0500 | EthScheduler-Workers-0 | INFO  | PersistBlockTask | Imported empty block #226 / 0 tx / 0 om / 0 (0.0%) gas / (0xbd4884df2b01a5b500716e35b4bece46df247f63c7fdec878bb44c2423e995b8) in 0.004s. Peers: 7
2026-03-25 13:29:28.595-0500 | EthScheduler-Workers-0 | INFO  | PersistBlockTask | Imported empty block #227 / 0 tx / 0 om / 0 (0.0%) gas / (0x8b14cb6a3befdb7d90c4822ad3fe6ea4e45cbe6a406e218157d17805c7a82879) in 0.002s. Peers: 7
2026-03-25 13:29:33.020-0500 | EthScheduler-Workers-0 | INFO  | PersistBlockTask | Imported empty block #228 / 0 tx / 0 om / 0 (0.0%) gas / (0x2b96f32ff208bfb1375850be9a07d96068d3c53132979f4c718a77ebed2d6d64) in 0.003s. Peers: 7
2026-03-25 13:29:38.017-0500 | EthScheduler-Workers-0 | INFO  | PersistBlockTask | Imported empty block #229 / 0 tx / 0 om / 0 (0.0%) gas / (0xe04e79eb4820e9462e74bf1cf6a2301a24ecfa662b42ae571a5cdd78bfd2b4ee) in 0.003s. Peers: 7
2026-03-25 13:29:43.012-0500 | EthScheduler-Workers-0 | INFO  | PersistBlockTask | Imported empty block #230 / 0 tx / 0 om / 0 (0.0%) gas / (0x598063ef422963d077874116d0a81b5d6e3778bd8249e408b9a6ea5557435b18) in 0.002s. Peers: 7
2026-03-25 13:29:48.011-0500 | EthScheduler-Workers-0 | INFO  | PersistBlockTask | Imported empty block #231 / 0 tx / 0 om / 0 (0.0%) gas / (0xafe4a8720ac7528687d7bffb1aae3239d7eb30c66c624b500e4112b178994a6e) in 0.002s. Peers: 7
2026-03-25 13:30:01.586-0500 | EthScheduler-Workers-0 | INFO  | PersistBlockTask | Imported empty block #232 / 0 tx / 0 om / 0 (0.0%) gas / (0x7c1b8180717a6f1e02b7e572e0e030581ebf64989039cb3c29da1eff6db5714a) in 0.004s. Peers: 7
2026-03-25 13:30:06.014-0500 | EthScheduler-Workers-0 | INFO  | PersistBlockTask | Imported empty block #233 / 0 tx / 0 om / 0 (0.0%) gas / (0x4079066bc09f5d8e4fa16fa4f4c6343b102bdc58d5255dc62090d2f220c12267) in 0.002s. Peers: 7
2026-03-25 13:30:11.021-0500 | EthScheduler-Workers-0 | INFO  | PersistBlockTask | Imported empty block #234 / 0 tx / 0 om / 0 (0.0%) gas / (0x059ab2a7b7b43725d6ef0bd8f0b114c285caf4200fa8e82bb583bc57a6ec211e) in 0.001s. Peers: 7
2026-03-25 13:30:16.016-0500 | EthScheduler-Workers-0 | INFO  | PersistBlockTask | Imported empty block #235 / 0 tx / 0 om / 0 (0.0%) gas / (0xcc32cbb69c39772440eb7908f4aeb8810479c643c4f0f6144d76afe44e448cb5) in 0.003s. Peers: 7
2026-03-25 13:30:29.587-0500 | EthScheduler-Workers-0 | INFO  | PersistBlockTask | Imported empty block #236 / 0 tx / 0 om / 0 (0.0%) gas / (0x6fe148ea0808d118f68640f5d6010515222c82e9cb242b0ca7dac2c82c76cbec) in 0.002s. Peers: 7
2026-03-25 13:30:34.019-0500 | EthScheduler-Workers-0 | INFO  | PersistBlockTask | Imported empty block #237 / 0 tx / 0 om / 0 (0.0%) gas / (0xe6d07273153def7382eef3f29507c7c67b99b5cf268a5158918c3c5942a4891c) in 0.003s. Peers: 7
2026-03-25 13:30:39.013-0500 | EthScheduler-Workers-0 | INFO  | PersistBlockTask | Imported empty block #238 / 0 tx / 0 om / 0 (0.0%) gas / (0x7989c1edce1a53f6a9fd8c0cb44dfd74f3e185e820f6c02456c02200dbcdab13) in 0.002s. Peers: 7
2026-03-25 13:30:44.020-0500 | EthScheduler-Workers-0 | INFO  | PersistBlockTask | Imported empty block #239 / 0 tx / 0 om / 0 (0.0%) gas / (0x02573327f68232b8f3448252d114a88fc254a99732c73fedc0f6fbebe2d77683) in 0.002s. Peers: 7
2026-03-25 13:30:49.018-0500 | EthScheduler-Workers-0 | INFO  | PersistBlockTask | Imported empty block #240 / 0 tx / 0 om / 0 (0.0%) gas / (0x819f94f313ca2028e0a7f921023613dad39951c391954423d56acdf724a76be7) in 0.004s. Peers: 7
2026-03-25 13:31:02.570-0500 | EthScheduler-Workers-0 | INFO  | PersistBlockTask | Imported empty block #241 / 0 tx / 0 om / 0 (0.0%) gas / (0xcf19597da3db415a1296470ca51bf232274f285a54ce983005fe9264fb39c319) in 0.002s. Peers: 7
2026-03-25 13:31:07.027-0500 | EthScheduler-Workers-0 | INFO  | PersistBlockTask | Imported empty block #242 / 0 tx / 0 om / 0 (0.0%) gas / (0xdbf9eba42c41605d0be4b47996938fdf87f94daed771f0416435b799c3b621bc) in 0.004s. Peers: 7
2026-03-25 13:31:12.011-0500 | EthScheduler-Workers-0 | INFO  | PersistBlockTask | Imported empty block #243 / 0 tx / 0 om / 0 (0.0%) gas / (0x2530dd9c5a14875a6417a12bbdbf543d854a40e090df4eac04cd73952f4bd05e) in 0.002s. Peers: 7
2026-03-25 13:31:17.016-0500 | EthScheduler-Workers-0 | INFO  | PersistBlockTask | Imported empty block #244 / 0 tx / 0 om / 0 (0.0%) gas / (0x46827170f359243bfdb61bf847c19172051c43520bff003897f6fcf13c5055e6) in 0.003s. Peers: 7
2026-03-25 13:31:22.012-0500 | EthScheduler-Workers-0 | INFO  | PersistBlockTask | Imported empty block #245 / 0 tx / 0 om / 0 (0.0%) gas / (0x129f8d672b2b5def5ebcd771170f3d03b5e180823470d74d37bc4a28f05ac01a) in 0.002s. Peers: 7
2026-03-25 13:31:35.592-0500 | EthScheduler-Workers-0 | INFO  | PersistBlockTask | Imported empty block #246 / 0 tx / 0 om / 0 (0.0%) gas / (0x1e5f19ac7d7b499d2c42a096bdd7719b4ec71c10843eaf61f59201fa051525ba) in 0.003s. Peers: 7
2026-03-25 13:31:40.012-0500 | EthScheduler-Workers-0 | INFO  | PersistBlockTask | Imported empty block #247 / 0 tx / 0 om / 0 (0.0%) gas / (0x72ae19364e926e6702dae0c3feb903f597474dee737ec6cecea21feed0543785) in 0.003s. Peers: 7
2026-03-25 13:31:45.021-0500 | EthScheduler-Workers-0 | INFO  | PersistBlockTask | Imported empty block #248 / 0 tx / 0 om / 0 (0.0%) gas / (0x02cf8d2873d116f297ff6cbda7109dd905789351a0d4e0f1dbc25ffdac925fc8) in 0.006s. Peers: 7
2026-03-25 13:31:50.011-0500 | EthScheduler-Workers-0 | INFO  | PersistBlockTask | Imported empty block #249 / 0 tx / 0 om / 0 (0.0%) gas / (0x35115877534db61385ae151115096b1bde3ce9f4f14182c60634171addcb539f) in 0.002s. Peers: 7
2026-03-25 13:32:03.564-0500 | EthScheduler-Workers-0 | INFO  | PersistBlockTask | Imported empty block #250 / 0 tx / 0 om / 0 (0.0%) gas / (0x579486a48eba9fe493596f8e3e5bca50b268a87f3f762755969606e547a030d3) in 0.003s. Peers: 7
2026-03-25 13:32:08.021-0500 | EthScheduler-Workers-0 | INFO  | PersistBlockTask | Imported empty block #251 / 0 tx / 0 om / 0 (0.0%) gas / (0x8ecb90b86a9b5fb3b4412508f3bd335a904ec1a756c6044ad093b319a122d4d8) in 0.004s. Peers: 7
2026-03-25 13:32:13.018-0500 | EthScheduler-Workers-0 | INFO  | PersistBlockTask | Imported empty block #252 / 0 tx / 0 om / 0 (0.0%) gas / (0x05d1bc06fe6b9b7ddeab858e985e450996008b7dcd8825930abf312a96f5c52c) in 0.003s. Peers: 7
2026-03-25 13:32:18.018-0500 | EthScheduler-Workers-0 | INFO  | PersistBlockTask | Imported empty block #253 / 0 tx / 0 om / 0 (0.0%) gas / (0x0ee47219a5d84836f69e9f7c8dd3c61f37f470e1564271c14ec7107be160470d) in 0.003s. Peers: 7
2026-03-25 13:32:23.018-0500 | EthScheduler-Workers-0 | INFO  | PersistBlockTask | Imported empty block #254 / 0 tx / 0 om / 0 (0.0%) gas / (0xf311acc1b74ee3251b4045d1da90973524daf16a0ac78f1e8b30c3d9bab4aed9) in 0.004s. Peers: 7
2026-03-25 13:32:36.594-0500 | EthScheduler-Workers-0 | INFO  | PersistBlockTask | Imported empty block #255 / 0 tx / 0 om / 0 (0.0%) gas / (0xb13157b0ee5e592ef050bdca14318886481a6dd5dd17ec5cf0695ef1e4fa3dc1) in 0.003s. Peers: 7
2026-03-25 13:32:41.019-0500 | EthScheduler-Workers-0 | INFO  | PersistBlockTask | Imported empty block #256 / 0 tx / 0 om / 0 (0.0%) gas / (0xee46789f9a0f857ed02d8d011e84f005747698b785c194ea203579f805302426) in 0.003s. Peers: 7
2026-03-25 13:32:46.013-0500 | EthScheduler-Workers-0 | INFO  | PersistBlockTask | Imported empty block #257 / 0 tx / 0 om / 0 (0.0%) gas / (0xc30d48cc763e2d4ca0922a0ed34b3fac2d72a148af809b84ce024af075a6838c) in 0.002s. Peers: 7
2026-03-25 13:32:51.018-0500 | EthScheduler-Workers-0 | INFO  | PersistBlockTask | Imported empty block #258 / 0 tx / 0 om / 0 (0.0%) gas / (0x6e239597414725aa5f0892aab995df56161789f09f79273696093ce11da49ffb) in 0.002s. Peers: 7
2026-03-25 13:33:04.590-0500 | EthScheduler-Workers-0 | INFO  | PersistBlockTask | Imported empty block #259 / 0 tx / 0 om / 0 (0.0%) gas / (0x3f97e7ffeda1b40f7be23c83dd90653726b34112b7e84e78307b2854be877b87) in 0.002s. Peers: 7
2026-03-25 13:33:09.020-0500 | EthScheduler-Workers-0 | INFO  | PersistBlockTask | Imported empty block #260 / 0 tx / 0 om / 0 (0.0%) gas / (0xf36aeeaa0dcaac602f5bee86dbdd2f3b79cf65d1faedd04a05fadeb084b9b54a) in 0.003s. Peers: 7
2026-03-25 13:33:14.013-0500 | EthScheduler-Workers-0 | INFO  | PersistBlockTask | Imported empty block #261 / 0 tx / 0 om / 0 (0.0%) gas / (0x3cf4e82672b3c65ca8f25702f80c6da5c81887b940a8ede056d417480f4d4e4b) in 0.002s. Peers: 7
2026-03-25 13:33:19.013-0500 | EthScheduler-Workers-0 | INFO  | PersistBlockTask | Imported empty block #262 / 0 tx / 0 om / 0 (0.0%) gas / (0xd0c7916113fb91fda44f83d02bcabb9e51e0f2e3dcf10362f2ea43eed07f4965) in 0.002s. Peers: 7
2026-03-25 13:33:24.024-0500 | EthScheduler-Workers-0 | INFO  | PersistBlockTask | Imported empty block #263 / 0 tx / 0 om / 0 (0.0%) gas / (0x1b5ba771d7f5ea4c8977adb591a30e8741031679fe5f57293e11f81cdfac04a3) in 0.005s. Peers: 7
2026-03-25 13:33:37.582-0500 | EthScheduler-Workers-0 | INFO  | PersistBlockTask | Imported empty block #264 / 0 tx / 0 om / 0 (0.0%) gas / (0x52bcae7d6cdcbceff0af7ea9433cf0b6d5ec0a1095298f2baa387e94ba175acf) in 0.003s. Peers: 7
2026-03-25 13:33:42.010-0500 | EthScheduler-Workers-0 | INFO  | PersistBlockTask | Imported empty block #265 / 0 tx / 0 om / 0 (0.0%) gas / (0xa5e73aff5c82129415192eb997ab0aefe8d706ba477b2b2f9ed7aae94578ba4d) in 0.002s. Peers: 7
2026-03-25 13:33:47.011-0500 | EthScheduler-Workers-0 | INFO  | PersistBlockTask | Imported empty block #266 / 0 tx / 0 om / 0 (0.0%) gas / (0x9ab3d56ee09069881684b6cab317527ced79aa1dda0213ca646634270932a414) in 0.002s. Peers: 7
2026-03-25 13:33:52.011-0500 | EthScheduler-Workers-0 | INFO  | PersistBlockTask | Imported empty block #267 / 0 tx / 0 om / 0 (0.0%) gas / (0xc14801b40465c97b684f159bad56ee83e8e13756f4e62cca06f9e951dc5d5cbc) in 0.002s. Peers: 7
2026-03-25 13:34:05.585-0500 | EthScheduler-Workers-0 | INFO  | PersistBlockTask | Imported empty block #268 / 0 tx / 0 om / 0 (0.0%) gas / (0x33ab239247287159dddf4a2d8a930cebd8890794dc9bdb626d2c37e926775275) in 0.002s. Peers: 7
2026-03-25 13:34:10.013-0500 | EthScheduler-Workers-0 | INFO  | PersistBlockTask | Imported empty block #269 / 0 tx / 0 om / 0 (0.0%) gas / (0x2e7034eda6ad4395016d4a32d498ce1352fe96befa7b24da968aa0b9d844f7a5) in 0.003s. Peers: 7
2026-03-25 13:34:15.016-0500 | EthScheduler-Workers-0 | INFO  | PersistBlockTask | Imported empty block #270 / 0 tx / 0 om / 0 (0.0%) gas / (0x5a4d7baf6c3017bf306e319630ca815ae93020dc204e329cdef7931b3162153d) in 0.002s. Peers: 7
2026-03-25 13:34:20.011-0500 | EthScheduler-Workers-0 | INFO  | PersistBlockTask | Imported empty block #271 / 0 tx / 0 om / 0 (0.0%) gas / (0x7cd70747a234da16fea81d0dd32c9403343731c8e4a845e5d73a72a08b9799a0) in 0.002s. Peers: 7
2026-03-25 13:34:25.017-0500 | EthScheduler-Workers-0 | INFO  | PersistBlockTask | Imported empty block #272 / 0 tx / 0 om / 0 (0.0%) gas / (0xd2599e36a38b04d2d3bcd5c6822688212e0e9f1e6afeb5559cb2d51937339106) in 0.002s. Peers: 7
2026-03-25 13:34:38.540-0500 | EthScheduler-Workers-0 | INFO  | PersistBlockTask | Imported empty block #273 / 0 tx / 0 om / 0 (0.0%) gas / (0x287401122e9fedf15604fccbde8498ba776f40a50a7c6d4c48438f0b59d95604) in 0.002s. Peers: 7
2026-03-25 13:34:43.013-0500 | EthScheduler-Workers-0 | INFO  | PersistBlockTask | Imported empty block #274 / 0 tx / 0 om / 0 (0.0%) gas / (0xfa9f159a0cc858c6bfc0ac879cb8efc39a0eb2aa9a4aeec14c8c6aae87982b01) in 0.002s. Peers: 7
2026-03-25 13:34:48.013-0500 | EthScheduler-Workers-0 | INFO  | PersistBlockTask | Imported empty block #275 / 0 tx / 0 om / 0 (0.0%) gas / (0xec14f53915b6235bf44df3122cab9c5667866964ed481298f5c5e23e811a754e) in 0.002s. Peers: 7
2026-03-25 13:34:53.010-0500 | EthScheduler-Workers-0 | INFO  | PersistBlockTask | Imported empty block #276 / 0 tx / 0 om / 0 (0.0%) gas / (0xae55ac88bb12843f674145b6c943251114bf4ccc1bdefd494328ec9b5080e2e6) in 0.002s. Peers: 7
2026-03-25 13:34:58.017-0500 | EthScheduler-Workers-0 | INFO  | PersistBlockTask | Imported empty block #277 / 0 tx / 0 om / 0 (0.0%) gas / (0x95874d6ef88994b2b4ab89584ffb6aae24138782308eddbbc985cb0dd7bdf7ec) in 0.002s. Peers: 7
2026-03-25 13:35:11.565-0500 | EthScheduler-Workers-0 | INFO  | PersistBlockTask | Imported empty block #278 / 0 tx / 0 om / 0 (0.0%) gas / (0x60b3e41b39edf448d0f09484c8e340a30a5e60cad64f320c58ae4c09987f7efe) in 0.002s. Peers: 7
2026-03-25 13:35:16.020-0500 | EthScheduler-Workers-0 | INFO  | PersistBlockTask | Imported empty block #279 / 0 tx / 0 om / 0 (0.0%) gas / (0x5249282ed0a157dfed247af54db7a46a02e5f894fbbabe4fbca2bcb159f495d7) in 0.003s. Peers: 7
2026-03-25 13:35:21.015-0500 | EthScheduler-Workers-0 | INFO  | PersistBlockTask | Imported empty block #280 / 0 tx / 0 om / 0 (0.0%) gas / (0x406971673d9bf9f873b8ca97ac645b9d37422e6ddbc28c447cc416a3b9ab67c5) in 0.002s. Peers: 7
2026-03-25 13:35:26.018-0500 | EthScheduler-Workers-0 | INFO  | PersistBlockTask | Imported empty block #281 / 0 tx / 0 om / 0 (0.0%) gas / (0x751a7d791390ce786540ddea5781696afee193a5c59ea2356baf8f291ea2020d) in 0.002s. Peers: 7
2026-03-25 13:35:39.596-0500 | EthScheduler-Workers-0 | INFO  | PersistBlockTask | Imported empty block #282 / 0 tx / 0 om / 0 (0.0%) gas / (0x9caf59209d9dbaf3722f34ac83707497771ec3c43c53aad7979816f7c9793784) in 0.002s. Peers: 7
2026-03-25 13:35:44.025-0500 | EthScheduler-Workers-0 | INFO  | PersistBlockTask | Imported empty block #283 / 0 tx / 0 om / 0 (0.0%) gas / (0x2a66ce981fd9ab9c132124f71d5ef6115065072f688da1766155f357dcd7094b) in 0.002s. Peers: 7
2026-03-25 13:35:49.021-0500 | EthScheduler-Workers-0 | INFO  | PersistBlockTask | Imported empty block #284 / 0 tx / 0 om / 0 (0.0%) gas / (0x983e7a2a3df6dfa1cb4be7c060824d3d8092a8cf75e3824852fd484f8db6aaf8) in 0.002s. Peers: 7
2026-03-25 13:35:54.016-0500 | EthScheduler-Workers-0 | INFO  | PersistBlockTask | Imported empty block #285 / 0 tx / 0 om / 0 (0.0%) gas / (0x0082c5909f01891f123e6d3dd5aa4969af2c07c72d4833de21a7eba55490cf95) in 0.002s. Peers: 7
2026-03-25 13:35:59.017-0500 | EthScheduler-Workers-0 | INFO  | PersistBlockTask | Imported empty block #286 / 0 tx / 0 om / 0 (0.0%) gas / (0x31cfcff2a9991c1cbce2dbce33ad69af1cfb263229af87f4b8ae7c7f94c66e97) in 0.003s. Peers: 7
2026-03-25 13:36:12.599-0500 | EthScheduler-Workers-0 | INFO  | PersistBlockTask | Imported empty block #287 / 0 tx / 0 om / 0 (0.0%) gas / (0x621403211f44379ae7f7f5b1fd0e82d9b35a61ef902137fcec543119b4d453ea) in 0.003s. Peers: 7
2026-03-25 13:36:17.017-0500 | EthScheduler-Workers-0 | INFO  | PersistBlockTask | Imported empty block #288 / 0 tx / 0 om / 0 (0.0%) gas / (0xee2797bbff1fe579ec933e04ce38d974d03712d7ef75ac0c6bab53578ecfe7e4) in 0.003s. Peers: 7
2026-03-25 13:36:22.017-0500 | EthScheduler-Workers-0 | INFO  | PersistBlockTask | Imported empty block #289 / 0 tx / 0 om / 0 (0.0%) gas / (0x6d9d8d81224b13ce11cb51008048b7ff60af9303d707758212fb918ea422a5e4) in 0.003s. Peers: 7
2026-03-25 13:36:27.015-0500 | EthScheduler-Workers-0 | INFO  | PersistBlockTask | Imported empty block #290 / 0 tx / 0 om / 0 (0.0%) gas / (0x11c4b97584f54932b7e6cab4d7fbb03d5c7533be4a51755b56b7dd90bff64ecf) in 0.001s. Peers: 7
2026-03-25 13:36:40.584-0500 | EthScheduler-Workers-0 | INFO  | PersistBlockTask | Imported empty block #291 / 0 tx / 0 om / 0 (0.0%) gas / (0xaeae313c506f9a33eb45d9c0946cec343af165e5511bb9ef5270ac1d7d84dd6a) in 0.002s. Peers: 7
2026-03-25 13:36:45.017-0500 | EthScheduler-Workers-0 | INFO  | PersistBlockTask | Imported empty block #292 / 0 tx / 0 om / 0 (0.0%) gas / (0xab1830232b05e240cda3d10dff0b11be85f9ea7c5ca8fa3faa2a9ba6783d823d) in 0.002s. Peers: 7
2026-03-25 13:36:50.014-0500 | EthScheduler-Workers-0 | INFO  | PersistBlockTask | Imported empty block #293 / 0 tx / 0 om / 0 (0.0%) gas / (0xb3bc3c6306eef72c786e1cbc8065ec29224c5edbaaa7f69ca4ae802dd38a6782) in 0.002s. Peers: 7
2026-03-25 13:36:55.013-0500 | EthScheduler-Workers-0 | INFO  | PersistBlockTask | Imported empty block #294 / 0 tx / 0 om / 0 (0.0%) gas / (0x2546e3bb655a2caf7522664d154440d55de00bc2645ab1353ea448405282a1e4) in 0.002s. Peers: 7
2026-03-25 13:37:00.020-0500 | EthScheduler-Workers-0 | INFO  | PersistBlockTask | Imported empty block #295 / 0 tx / 0 om / 0 (0.0%) gas / (0xb5294b7056cce62eef755443796aad82739276b80960ca88e4efb21ffe0dc74f) in 0.002s. Peers: 7
2026-03-25 13:37:13.583-0500 | EthScheduler-Workers-0 | INFO  | PersistBlockTask | Imported empty block #296 / 0 tx / 0 om / 0 (0.0%) gas / (0x2a723813d4599d5058d44c60d7a58eb155f3bc3bb047996253781a35e2dc218e) in 0.003s. Peers: 7
2026-03-25 13:37:18.011-0500 | EthScheduler-Workers-0 | INFO  | PersistBlockTask | Imported empty block #297 / 0 tx / 0 om / 0 (0.0%) gas / (0x936ba04ce0b535a3aa1df034d61422a7cdae6317be4756ee8c70e5d626e06b73) in 0.002s. Peers: 7
2026-03-25 13:37:23.019-0500 | EthScheduler-Workers-0 | INFO  | PersistBlockTask | Imported empty block #298 / 0 tx / 0 om / 0 (0.0%) gas / (0xcbfc002eb44b0337e96b07e77dc15eeec64aeba9658d9402e56fd0e431fcb242) in 0.001s. Peers: 7
2026-03-25 13:37:28.010-0500 | EthScheduler-Workers-0 | INFO  | PersistBlockTask | Imported empty block #299 / 0 tx / 0 om / 0 (0.0%) gas / (0xb8806acea489ae417c1ed5c1e605595b3360c65092774573fdabfcede3f36247) in 0.002s. Peers: 7
2026-03-25 13:37:41.552-0500 | EthScheduler-Workers-0 | INFO  | PersistBlockTask | Imported empty block #300 / 0 tx / 0 om / 0 (0.0%) gas / (0x16930b9ef98f73dd3e41295c8b9e977940e745fd16247d0f92e4e2f74c3e6eff) in 0.003s. Peers: 7
2026-03-25 13:37:46.018-0500 | EthScheduler-Workers-0 | INFO  | PersistBlockTask | Imported empty block #301 / 0 tx / 0 om / 0 (0.0%) gas / (0x47d0d80c16a60b871edb23dd11ca5369c6383e5596e5141ecabc3ffe189291ad) in 0.004s. Peers: 7
2026-03-25 13:37:51.014-0500 | EthScheduler-Workers-0 | INFO  | PersistBlockTask | Imported empty block #302 / 0 tx / 0 om / 0 (0.0%) gas / (0x18bb258f4d451392e92e5008d58d53eb0624600c9d3cd73876416f5d2f301b63) in 0.001s. Peers: 7
2026-03-25 13:37:56.011-0500 | EthScheduler-Workers-0 | INFO  | PersistBlockTask | Imported empty block #303 / 0 tx / 0 om / 0 (0.0%) gas / (0x5440cae06fe7d8a5497789bacf874b2d94a51e843787e400c0ca4cc152a01acf) in 0.002s. Peers: 7
2026-03-25 13:38:01.020-0500 | EthScheduler-Workers-0 | INFO  | PersistBlockTask | Imported empty block #304 / 0 tx / 0 om / 0 (0.0%) gas / (0x3c7afdc7c37794468b8fd15270cc1992779399fb312ba4356065f4dfaad302ff) in 0.003s. Peers: 7
2026-03-25 13:38:14.579-0500 | EthScheduler-Workers-0 | INFO  | PersistBlockTask | Imported empty block #305 / 0 tx / 0 om / 0 (0.0%) gas / (0x67803c8d322849ca96f1d0dae725192a4081e6d9da4c9380a6d13b5717aba1aa) in 0.003s. Peers: 7
2026-03-25 13:38:19.015-0500 | EthScheduler-Workers-0 | INFO  | PersistBlockTask | Imported empty block #306 / 0 tx / 0 om / 0 (0.0%) gas / (0x5ef904cd36578e5453094ec173c34c508a7a250e03fe391b33d869544e2b96e3) in 0.002s. Peers: 7
2026-03-25 13:38:24.022-0500 | EthScheduler-Workers-0 | INFO  | PersistBlockTask | Imported empty block #307 / 0 tx / 0 om / 0 (0.0%) gas / (0xbed47f12c7cc9b05efc1615552b69187c7aabb81f924413081e2b26dfc37333b) in 0.003s. Peers: 7
2026-03-25 13:38:29.017-0500 | EthScheduler-Workers-0 | INFO  | PersistBlockTask | Imported empty block #308 / 0 tx / 0 om / 0 (0.0%) gas / (0xc697bc62f09880126a307a2077da6aee878a12bc0fc90a62dc311e6aaee0da13) in 0.002s. Peers: 7
2026-03-25 13:38:42.589-0500 | EthScheduler-Workers-0 | INFO  | PersistBlockTask | Imported empty block #309 / 0 tx / 0 om / 0 (0.0%) gas / (0x06b2d55169bf48d7688f9e8e878cc4dc3652d3ac52753e3732249f68534bdcb5) in 0.002s. Peers: 7
2026-03-25 13:38:47.018-0500 | EthScheduler-Workers-0 | INFO  | PersistBlockTask | Imported empty block #310 / 0 tx / 0 om / 0 (0.0%) gas / (0xc601804a9a22775ce79dac444299c95681b9f3f75c1d3251958eef1171632576) in 0.004s. Peers: 7
2026-03-25 13:38:52.021-0500 | EthScheduler-Workers-0 | INFO  | PersistBlockTask | Imported empty block #311 / 0 tx / 0 om / 0 (0.0%) gas / (0x2f0dcb960cf58e84f797c08742c90a9117ba9d34044e625454ed409da3d1be71) in 0.002s. Peers: 7
2026-03-25 13:38:57.015-0500 | EthScheduler-Workers-0 | INFO  | PersistBlockTask | Imported empty block #312 / 0 tx / 0 om / 0 (0.0%) gas / (0xcf7e82c1fb6b56a2cd7cf6d46ddeacf8382f5ac48a630f34650ab68d33ab46b8) in 0.002s. Peers: 7
2026-03-25 13:39:02.021-0500 | EthScheduler-Workers-0 | INFO  | PersistBlockTask | Imported empty block #313 / 0 tx / 0 om / 0 (0.0%) gas / (0xd148fdf20bb7fe17c0c2e1d76364caae4f3ddd9605763e513aa5ff6c0839a0a8) in 0.002s. Peers: 7
2026-03-25 13:39:15.582-0500 | EthScheduler-Workers-0 | INFO  | PersistBlockTask | Imported empty block #314 / 0 tx / 0 om / 0 (0.0%) gas / (0x622a74835717144a224bd435e47151bfe74f23904c47cbab56bfeb6ead977a89) in 0.003s. Peers: 7
2026-03-25 13:39:20.013-0500 | EthScheduler-Workers-0 | INFO  | PersistBlockTask | Imported empty block #315 / 0 tx / 0 om / 0 (0.0%) gas / (0x6be19de2aafe017506982c26743312de1285d6fea651302473c45508fe784bfb) in 0.002s. Peers: 7
2026-03-25 13:39:25.018-0500 | EthScheduler-Workers-0 | INFO  | PersistBlockTask | Imported empty block #316 / 0 tx / 0 om / 0 (0.0%) gas / (0xb4d7703dddcb80cca2d8b7cf0391e1e4bb56c8c98aa54de8e5c8b6b26a9a9620) in 0.002s. Peers: 7
2026-03-25 13:39:30.013-0500 | EthScheduler-Workers-0 | INFO  | PersistBlockTask | Imported empty block #317 / 0 tx / 0 om / 0 (0.0%) gas / (0xfadb3d46e04dc17e30ea7597086edd1d4877e0256571e16a2ea4423b50b8588d) in 0.002s. Peers: 7
2026-03-25 13:39:35.011-0500 | EthScheduler-Workers-0 | INFO  | PersistBlockTask | Imported empty block #318 / 0 tx / 0 om / 0 (0.0%) gas / (0xcd0bda57ec243753f9e409aabc96de35a4e8b23fcde75cac5359e7c4f632d641) in 0.002s. Peers: 7
2026-03-25 13:39:48.579-0500 | EthScheduler-Workers-0 | INFO  | PersistBlockTask | Imported empty block #319 / 0 tx / 0 om / 0 (0.0%) gas / (0x31ec13d2fd84d922868840b78c212837494311cd4a52af6a2e6b47f037fb242b) in 0.002s. Peers: 7
2026-03-25 13:39:53.021-0500 | EthScheduler-Workers-0 | INFO  | PersistBlockTask | Imported empty block #320 / 0 tx / 0 om / 0 (0.0%) gas / (0x21296fe6001573736711054429068d0e93da2f688548d1b157e20309b4524146) in 0.003s. Peers: 7
2026-03-25 13:39:58.019-0500 | EthScheduler-Workers-0 | INFO  | PersistBlockTask | Imported empty block #321 / 0 tx / 0 om / 0 (0.0%) gas / (0x47acf4548839492d88d648a8a4288b23a09ba9ad5864fe72ad6de607d79b456f) in 0.002s. Peers: 7
2026-03-25 13:40:03.020-0500 | EthScheduler-Workers-0 | INFO  | PersistBlockTask | Imported empty block #322 / 0 tx / 0 om / 0 (0.0%) gas / (0x98d2c7c8785e7065e7caaf59876bafb3e916ed890fb485879a29db9d51481b5d) in 0.004s. Peers: 7
2026-03-25 13:40:16.591-0500 | EthScheduler-Workers-0 | INFO  | PersistBlockTask | Imported empty block #323 / 0 tx / 0 om / 0 (0.0%) gas / (0xae0f87c2a46b3129f82828c3c92fd5c97fac3b7937cfe812323104e58d839b7e) in 0.001s. Peers: 7
2026-03-25 13:40:21.013-0500 | EthScheduler-Workers-0 | INFO  | PersistBlockTask | Imported empty block #324 / 0 tx / 0 om / 0 (0.0%) gas / (0x65054cef46c0a0921124e29822d572ba12f5f5bc91a94fb763a678ada9780ef0) in 0.001s. Peers: 7
2026-03-25 13:40:26.009-0500 | EthScheduler-Workers-0 | INFO  | PersistBlockTask | Imported empty block #325 / 0 tx / 0 om / 0 (0.0%) gas / (0x5134fccc9d7855b0c3127832adb652f961841f5e9b8c547501d12e92b4097430) in 0.001s. Peers: 7
2026-03-25 13:40:31.017-0500 | EthScheduler-Workers-0 | INFO  | PersistBlockTask | Imported empty block #326 / 0 tx / 0 om / 0 (0.0%) gas / (0x70aee5d4627dd67e1f6ee113e871f0d6d1f1fc142a8b310221afe710bec6b2cd) in 0.002s. Peers: 7
2026-03-25 13:40:36.019-0500 | EthScheduler-Workers-0 | INFO  | PersistBlockTask | Imported empty block #327 / 0 tx / 0 om / 0 (0.0%) gas / (0xfcd55ff89fad7f38a0c8b75d86e726f264950d691d10e62ceda81c32c5978bfe) in 0.003s. Peers: 7
2026-03-25 13:40:49.535-0500 | EthScheduler-Workers-0 | INFO  | PersistBlockTask | Imported empty block #328 / 0 tx / 0 om / 0 (0.0%) gas / (0xf1247ea281216fa35235a71d6a7479d94b3a1f8a2441daad2fba23084ae6fa9a) in 0.002s. Peers: 7
2026-03-25 13:40:54.015-0500 | EthScheduler-Workers-0 | INFO  | PersistBlockTask | Imported empty block #329 / 0 tx / 0 om / 0 (0.0%) gas / (0x062850b7a58ae3be459f2479827070005c1f0af1a183e7d88f26b3a6d00c63c3) in 0.001s. Peers: 7
2026-03-25 13:40:59.012-0500 | EthScheduler-Workers-0 | INFO  | PersistBlockTask | Imported empty block #330 / 0 tx / 0 om / 0 (0.0%) gas / (0x5bcf57c4d71b7f365959d974f2e9ea1146890f18fc4af133e755caad22c08c52) in 0.002s. Peers: 7
2026-03-25 13:41:04.026-0500 | EthScheduler-Workers-0 | INFO  | PersistBlockTask | Imported empty block #331 / 0 tx / 0 om / 0 (0.0%) gas / (0x5ee538f7364c8dcc2aee6608fb2657fd89cc5165624d974c465bc8ca5e2396d5) in 0.003s. Peers: 7
2026-03-25 13:41:17.581-0500 | EthScheduler-Workers-0 | INFO  | PersistBlockTask | Imported empty block #332 / 0 tx / 0 om / 0 (0.0%) gas / (0x91536015232865a66e1c72f9b0d419b67393e7fe0729a7df7d692dbf09abced7) in 0.005s. Peers: 7
2026-03-25 13:41:22.018-0500 | EthScheduler-Workers-0 | INFO  | PersistBlockTask | Imported empty block #333 / 0 tx / 0 om / 0 (0.0%) gas / (0x41303c3a9de383147660d607070c1f5d7ec3653dbe93504972220714e8bccc6f) in 0.002s. Peers: 7
2026-03-25 13:41:27.019-0500 | EthScheduler-Workers-0 | INFO  | PersistBlockTask | Imported empty block #334 / 0 tx / 0 om / 0 (0.0%) gas / (0x92bd0953a11905bc0b0da4b81e0d92658f1e19cac5e59c59e6ae40864961deef) in 0.002s. Peers: 7
2026-03-25 13:41:32.013-0500 | EthScheduler-Workers-0 | INFO  | PersistBlockTask | Imported empty block #335 / 0 tx / 0 om / 0 (0.0%) gas / (0x427b83a8617ebed312748b532d92bc9ee113d445b4dc89b059f5224c85270cc5) in 0.002s. Peers: 7
2026-03-25 13:41:37.016-0500 | EthScheduler-Workers-0 | INFO  | PersistBlockTask | Imported empty block #336 / 0 tx / 0 om / 0 (0.0%) gas / (0x1ff9526d32c41c4d6b81681d1229fa8d99ef9603550519f7f9147519653b1dd0) in 0.001s. Peers: 7
2026-03-25 13:41:50.584-0500 | EthScheduler-Workers-0 | INFO  | PersistBlockTask | Imported empty block #337 / 0 tx / 0 om / 0 (0.0%) gas / (0xa1fdd2a18210adc6928a960e16371f22664ae23c3cb0679fd9aea930fb6c12f6) in 0.002s. Peers: 7
2026-03-25 13:41:55.016-0500 | EthScheduler-Workers-0 | INFO  | PersistBlockTask | Imported empty block #338 / 0 tx / 0 om / 0 (0.0%) gas / (0x34f401b40e916e845b6c449493c6f95ba5ccc18ca86bd8905ec718e870292393) in 0.001s. Peers: 7
2026-03-25 13:42:00.013-0500 | EthScheduler-Workers-0 | INFO  | PersistBlockTask | Imported empty block #339 / 0 tx / 0 om / 0 (0.0%) gas / (0xf740ad64704d09b4f4ba4b070fb53895c5870bf5805ce9e8c21e331f3719dab7) in 0.003s. Peers: 7
2026-03-25 13:42:05.020-0500 | EthScheduler-Workers-0 | INFO  | PersistBlockTask | Imported empty block #340 / 0 tx / 0 om / 0 (0.0%) gas / (0x9e8146cc2649a35e4c2ce109111bb277d57aaf54f510ddcc3ef4f9ed6f178386) in 0.003s. Peers: 7
2026-03-25 13:42:18.588-0500 | EthScheduler-Workers-0 | INFO  | PersistBlockTask | Imported empty block #341 / 0 tx / 0 om / 0 (0.0%) gas / (0xee7f547478cc4f2010c8f8897a34505420ecf85d1537ccaba891c7652cdf01d5) in 0.002s. Peers: 7
2026-03-25 13:42:23.015-0500 | EthScheduler-Workers-0 | INFO  | PersistBlockTask | Imported empty block #342 / 0 tx / 0 om / 0 (0.0%) gas / (0xa0249dae0e92613a1c9a53dcbbcd84cf9091aca6df358f7dd386fefedc097d12) in 0.003s. Peers: 7
2026-03-25 13:42:28.017-0500 | EthScheduler-Workers-0 | INFO  | PersistBlockTask | Imported empty block #343 / 0 tx / 0 om / 0 (0.0%) gas / (0xc077a9c2d72290caf13f6212ca2edbecb4a9221d514275cb5fea6a07d9f2da3c) in 0.002s. Peers: 7
2026-03-25 13:42:33.018-0500 | EthScheduler-Workers-0 | INFO  | PersistBlockTask | Imported empty block #344 / 0 tx / 0 om / 0 (0.0%) gas / (0x55fb570f121f3e764c848b1b3dd26236b533475fe740dbacc15e1aa8d63906b6) in 0.002s. Peers: 7
2026-03-25 13:42:38.015-0500 | EthScheduler-Workers-0 | INFO  | PersistBlockTask | Imported empty block #345 / 0 tx / 0 om / 0 (0.0%) gas / (0x578bfc08ebe602b7b5d70260a11900b0da646ac04cbc9dd260b337bef47d494a) in 0.001s. Peers: 7
2026-03-25 13:42:51.582-0500 | EthScheduler-Workers-0 | INFO  | PersistBlockTask | Imported empty block #346 / 0 tx / 0 om / 0 (0.0%) gas / (0x9138e24d7f425b6a117428c5c17c77f0e9387d0bdd1a3228ff50a2138f668b6d) in 0.002s. Peers: 7
2026-03-25 13:42:56.015-0500 | EthScheduler-Workers-0 | INFO  | PersistBlockTask | Imported empty block #347 / 0 tx / 0 om / 0 (0.0%) gas / (0x4a0d254129fb959d684ca1c44b58665c3cfc4c4286bd373e1a43121f06c839e0) in 0.001s. Peers: 7
2026-03-25 13:43:01.010-0500 | EthScheduler-Workers-0 | INFO  | PersistBlockTask | Imported empty block #348 / 0 tx / 0 om / 0 (0.0%) gas / (0xe53a58ee55df196ca7a2593d706b4a9689a5c303e80d7902ce9b2621976d611f) in 0.001s. Peers: 7
2026-03-25 13:43:06.012-0500 | EthScheduler-Workers-0 | INFO  | PersistBlockTask | Imported empty block #349 / 0 tx / 0 om / 0 (0.0%) gas / (0xe4090cb05199089037fcd45318f6ceb21a6a0b2b4b89c8a44f2da1248dd43ca3) in 0.002s. Peers: 7
2026-03-25 13:43:19.573-0500 | EthScheduler-Workers-0 | INFO  | PersistBlockTask | Imported empty block #350 / 0 tx / 0 om / 0 (0.0%) gas / (0x8f8fe0c7006169edd4f6eef7f427385717f68dace44dba4b198b5f52df8db0c7) in 0.002s. Peers: 7
2026-03-25 13:43:24.012-0500 | EthScheduler-Workers-0 | INFO  | PersistBlockTask | Imported empty block #351 / 0 tx / 0 om / 0 (0.0%) gas / (0x950d4105e127792113ef918b331e8b84b6863e3893ff87b942b459fa894be0d4) in 0.002s. Peers: 7
2026-03-25 13:43:29.012-0500 | EthScheduler-Workers-0 | INFO  | PersistBlockTask | Imported empty block #352 / 0 tx / 0 om / 0 (0.0%) gas / (0x8d63cfa5f203b8e3e68c68b80ac4a56887808dce19d61bda5855b94211b6d14b) in 0.002s. Peers: 7
2026-03-25 13:43:34.017-0500 | EthScheduler-Workers-0 | INFO  | PersistBlockTask | Imported empty block #353 / 0 tx / 0 om / 0 (0.0%) gas / (0x6ccd5e21b67ada9f7401da0a5110df2667a42eed9f2d10c4b7b614e07c28b218) in 0.002s. Peers: 7
2026-03-25 13:43:39.013-0500 | EthScheduler-Workers-0 | INFO  | PersistBlockTask | Imported empty block #354 / 0 tx / 0 om / 0 (0.0%) gas / (0xd4ba237e098f96481bf918c119082d64cb3bc8b1301ce2d5d364116616eb5fb2) in 0.001s. Peers: 7
2026-03-25 13:43:52.533-0500 | EthScheduler-Workers-0 | INFO  | PersistBlockTask | Imported empty block #355 / 0 tx / 0 om / 0 (0.0%) gas / (0x6a418a36154b999601f943cbfc2c3dbea1f694a7fe25d226c400331311afc4d6) in 0.005s. Peers: 7
2026-03-25 13:43:57.019-0500 | EthScheduler-Workers-0 | INFO  | PersistBlockTask | Imported empty block #356 / 0 tx / 0 om / 0 (0.0%) gas / (0x13f36afa155e891ec1c352e1cf9eca8c693c748b6d9517a8d8b3a95638c5d90e) in 0.002s. Peers: 7
2026-03-25 13:44:02.012-0500 | EthScheduler-Workers-0 | INFO  | PersistBlockTask | Imported empty block #357 / 0 tx / 0 om / 0 (0.0%) gas / (0x74f8347e9dad087663adc6326a3213dd0c9d010383e6925ba46e2dc5683e5ceb) in 0.001s. Peers: 7
2026-03-25 13:44:07.011-0500 | EthScheduler-Workers-0 | INFO  | PersistBlockTask | Imported empty block #358 / 0 tx / 0 om / 0 (0.0%) gas / (0xabeb6f56343ce75ee86c2746c38640e47e9b374c9fce5d29a5b616b2ee369565) in 0.002s. Peers: 7
2026-03-25 13:44:12.013-0500 | EthScheduler-Workers-0 | INFO  | PersistBlockTask | Imported empty block #359 / 0 tx / 0 om / 0 (0.0%) gas / (0x4ef8546d0a0e5dd18e0014a1bdd71fda36bad99e8b513369d5ccae4dba55a625) in 0.003s. Peers: 7
2026-03-25 13:44:25.574-0500 | EthScheduler-Workers-0 | INFO  | PersistBlockTask | Imported empty block #360 / 0 tx / 0 om / 0 (0.0%) gas / (0x942bc8caccb6890bae139a7cc4aefb7458413c12b2040e93c636bf86e0c2a09d) in 0.003s. Peers: 7
2026-03-25 13:44:30.014-0500 | EthScheduler-Workers-0 | INFO  | PersistBlockTask | Imported empty block #361 / 0 tx / 0 om / 0 (0.0%) gas / (0x3213340861a72ffd67a4473f0bca1662836a1312bab01f30c334940ae428fefc) in 0.002s. Peers: 7
2026-03-25 13:44:35.021-0500 | EthScheduler-Workers-0 | INFO  | PersistBlockTask | Imported empty block #362 / 0 tx / 0 om / 0 (0.0%) gas / (0xafb80932e9f0719dca8a9f624f310be234b8fb53f4a355dc283a142ae89139e5) in 0.004s. Peers: 7
2026-03-25 13:44:40.029-0500 | EthScheduler-Workers-0 | INFO  | PersistBlockTask | Imported empty block #363 / 0 tx / 0 om / 0 (0.0%) gas / (0x4b80187295ec11d3d6ec94fbb6f4578792ed2cb8f9e94390eaae2b84e0969a91) in 0.002s. Peers: 7
2026-03-25 13:44:53.580-0500 | EthScheduler-Workers-0 | INFO  | PersistBlockTask | Imported empty block #364 / 0 tx / 0 om / 0 (0.0%) gas / (0x1bde2fed49eaf60f7fbb556cc863cbc4f4b8f20a246946459b77ccb8928b8660) in 0.002s. Peers: 7
2026-03-25 13:44:58.018-0500 | EthScheduler-Workers-0 | INFO  | PersistBlockTask | Imported empty block #365 / 0 tx / 0 om / 0 (0.0%) gas / (0xf6ed764d405d85437bf48d607d3b86fca216e317ec0b1be2333c0a84abeffe9a) in 0.002s. Peers: 7
2026-03-25 13:45:03.026-0500 | EthScheduler-Workers-0 | INFO  | PersistBlockTask | Imported empty block #366 / 0 tx / 0 om / 0 (0.0%) gas / (0xd4427337ba472753c1a3f57c338c87eca6dd54db3700256762a7ca58a937fd8a) in 0.003s. Peers: 7
2026-03-25 13:45:08.020-0500 | EthScheduler-Workers-0 | INFO  | PersistBlockTask | Imported empty block #367 / 0 tx / 0 om / 0 (0.0%) gas / (0x5388f75ca35e70fc6392cb279f0ab2a178b5f1ed03f56fff143025d515ff5d3b) in 0.003s. Peers: 7
2026-03-25 13:45:13.016-0500 | EthScheduler-Workers-0 | INFO  | PersistBlockTask | Imported empty block #368 / 0 tx / 0 om / 0 (0.0%) gas / (0xb48594c87981fb748f6ed9412082ed9226154df4488d19bf283914af3b2b826b) in 0.002s. Peers: 7
2026-03-25 13:45:26.586-0500 | EthScheduler-Workers-0 | INFO  | PersistBlockTask | Imported empty block #369 / 0 tx / 0 om / 0 (0.0%) gas / (0xb66b7e2682d1e12c97dfb838f31c5c6e302b569e77faf6d2954a2fa279070c24) in 0.004s. Peers: 7
2026-03-25 13:45:31.014-0500 | EthScheduler-Workers-0 | INFO  | PersistBlockTask | Imported empty block #370 / 0 tx / 0 om / 0 (0.0%) gas / (0xb073fd7af84a8a7e3a72ccb7e7b1238eac348cc0cb15874a961b2199b6e900b3) in 0.002s. Peers: 7
2026-03-25 13:45:36.026-0500 | EthScheduler-Workers-0 | INFO  | PersistBlockTask | Imported empty block #371 / 0 tx / 0 om / 0 (0.0%) gas / (0x348f9baea6fbc5234b51cc32eab4a5377cef304b38419ed631b2591b835d6e7d) in 0.002s. Peers: 7
2026-03-25 13:45:41.024-0500 | EthScheduler-Workers-0 | INFO  | PersistBlockTask | Imported empty block #372 / 0 tx / 0 om / 0 (0.0%) gas / (0xa080fc8aadc328b5b2db7135ccaad06d8930592af4676aceb15694d8c33ec69a) in 0.004s. Peers: 7
2026-03-25 13:45:54.572-0500 | EthScheduler-Workers-0 | INFO  | PersistBlockTask | Imported empty block #373 / 0 tx / 0 om / 0 (0.0%) gas / (0x7bc15b9f21db2225a3722587332950984280ab5428f02ba06ca83035c8253386) in 0.002s. Peers: 7
2026-03-25 13:45:59.020-0500 | EthScheduler-Workers-0 | INFO  | PersistBlockTask | Imported empty block #374 / 0 tx / 0 om / 0 (0.0%) gas / (0xc2eef7992f2fbcb1eb0c41ff5c247c02afd2bab722c616624e2c2c5b69d84a8c) in 0.002s. Peers: 7
2026-03-25 13:46:04.024-0500 | EthScheduler-Workers-0 | INFO  | PersistBlockTask | Imported empty block #375 / 0 tx / 0 om / 0 (0.0%) gas / (0xb593fd16c03d487f6614d640b417b9a4c76fc989c5a6922724aa52d057b07a6e) in 0.005s. Peers: 7
2026-03-25 13:46:09.017-0500 | EthScheduler-Workers-0 | INFO  | PersistBlockTask | Imported empty block #376 / 0 tx / 0 om / 0 (0.0%) gas / (0xf85b2b0e360e121045aca51b1e4b21c46208131374ec20201cbf225599f36b81) in 0.003s. Peers: 7
2026-03-25 13:46:14.015-0500 | EthScheduler-Workers-0 | INFO  | PersistBlockTask | Imported empty block #377 / 0 tx / 0 om / 0 (0.0%) gas / (0xee4eed0f02aa22abcfe33b178507745bf44466778307d7e99954072fbc930ecb) in 0.003s. Peers: 7
2026-03-25 13:46:27.584-0500 | EthScheduler-Workers-0 | INFO  | PersistBlockTask | Imported empty block #378 / 0 tx / 0 om / 0 (0.0%) gas / (0x2dfd7b459467b3f6ceb5e9cf43ed5b89166b8e472662445063eff6ba870ee8fc) in 0.003s. Peers: 7
2026-03-25 13:46:32.010-0500 | EthScheduler-Workers-0 | INFO  | PersistBlockTask | Imported empty block #379 / 0 tx / 0 om / 0 (0.0%) gas / (0x08c1b0aae65a5e55c21a784ac266a1c84c702ef928d08d2eb11c539f22096d61) in 0.002s. Peers: 7
2026-03-25 13:46:37.016-0500 | EthScheduler-Workers-0 | INFO  | PersistBlockTask | Imported empty block #380 / 0 tx / 0 om / 0 (0.0%) gas / (0x18040078b06fc46ac9d4a82c9aa3048b997d75a21fb19c68e8148860cbadb2d9) in 0.001s. Peers: 7
2026-03-25 13:46:42.020-0500 | EthScheduler-Workers-0 | INFO  | PersistBlockTask | Imported empty block #381 / 0 tx / 0 om / 0 (0.0%) gas / (0x2b0a959a623134fda3fc7b82a6e1094c25bf82de002b0df3ec5e6a92b9d7d084) in 0.002s. Peers: 7
2026-03-25 13:46:55.541-0500 | EthScheduler-Workers-0 | INFO  | PersistBlockTask | Imported empty block #382 / 0 tx / 0 om / 0 (0.0%) gas / (0x46a9393a9d62eed9e11ad2c84c5629e5375836cd5f935e839c19d655b5def006) in 0.005s. Peers: 7
2026-03-25 13:47:00.016-0500 | EthScheduler-Workers-0 | INFO  | PersistBlockTask | Imported empty block #383 / 0 tx / 0 om / 0 (0.0%) gas / (0x812b87109d243e2e4df9d9b26d3ca762c9a010fd4f5a4f667006b8fc0f2d03fd) in 0.004s. Peers: 7
2026-03-25 13:47:05.017-0500 | EthScheduler-Workers-0 | INFO  | PersistBlockTask | Imported empty block #384 / 0 tx / 0 om / 0 (0.0%) gas / (0x28595a5a0c9aabe127385ff94bb7c3a04e100a6c5808a07f4de0904276128260) in 0.004s. Peers: 7
2026-03-25 13:47:10.022-0500 | EthScheduler-Workers-0 | INFO  | PersistBlockTask | Imported empty block #385 / 0 tx / 0 om / 0 (0.0%) gas / (0xed9d63cfabfc1cede8c903993b4f13f152f4894e16f90a9d7403f439dc5b4189) in 0.006s. Peers: 7
2026-03-25 13:47:15.012-0500 | EthScheduler-Workers-0 | INFO  | PersistBlockTask | Imported empty block #386 / 0 tx / 0 om / 0 (0.0%) gas / (0x8be0837779b670c521cb35a634a40b962c98d290547df3ad6311be3c44521674) in 0.002s. Peers: 7
2026-03-25 13:47:28.553-0500 | EthScheduler-Workers-0 | INFO  | PersistBlockTask | Imported empty block #387 / 0 tx / 0 om / 0 (0.0%) gas / (0xd9af317ca8c2c2759b8844442dc4bdb553878d6271e21c96477aabb774911d4c) in 0.003s. Peers: 7
2026-03-25 13:47:33.011-0500 | EthScheduler-Workers-0 | INFO  | PersistBlockTask | Imported empty block #388 / 0 tx / 0 om / 0 (0.0%) gas / (0x89f4fc50fbfd0c3d38ea04bac0121d6b51f8e3548e1b1d5856b5a0e4c41b5ecd) in 0.001s. Peers: 7
2026-03-25 13:47:38.025-0500 | EthScheduler-Workers-0 | INFO  | PersistBlockTask | Imported empty block #389 / 0 tx / 0 om / 0 (0.0%) gas / (0xb532897d671edbf6d6c73487a6dd43a710638c26f487eba386c0a82bbd4c6240) in 0.003s. Peers: 7
2026-03-25 13:47:43.013-0500 | EthScheduler-Workers-0 | INFO  | PersistBlockTask | Imported empty block #390 / 0 tx / 0 om / 0 (0.0%) gas / (0xc8617f0c005647a368d04cce6480b0b840a0bf4f11336fabd52dafa3a35aef85) in 0.001s. Peers: 7
2026-03-25 13:47:48.021-0500 | EthScheduler-Workers-0 | INFO  | PersistBlockTask | Imported empty block #391 / 0 tx / 0 om / 0 (0.0%) gas / (0x728ca0ca8f6b234085f416b283771ed16befa4407c1e639084fbee1909783b14) in 0.003s. Peers: 7
2026-03-25 13:48:01.580-0500 | EthScheduler-Workers-0 | INFO  | PersistBlockTask | Imported empty block #392 / 0 tx / 0 om / 0 (0.0%) gas / (0xa57f16343e46dc167be96f67d05c86404e2bda64687ab2238777ed93152aebd3) in 0.002s. Peers: 7
2026-03-25 13:48:06.012-0500 | EthScheduler-Workers-0 | INFO  | PersistBlockTask | Imported empty block #393 / 0 tx / 0 om / 0 (0.0%) gas / (0xfae45d694650d1c3d6da38be60d797e865056d2a8e9c76017026fc21a14dd8ef) in 0.001s. Peers: 7
2026-03-25 13:48:11.012-0500 | EthScheduler-Workers-0 | INFO  | PersistBlockTask | Imported empty block #394 / 0 tx / 0 om / 0 (0.0%) gas / (0xf53bcd7b12e47220ac115db301e876a5a3a1ea4d7398f6618cf561bd817b4874) in 0.002s. Peers: 7
2026-03-25 13:48:16.019-0500 | EthScheduler-Workers-0 | INFO  | PersistBlockTask | Imported empty block #395 / 0 tx / 0 om / 0 (0.0%) gas / (0x5b2042657f96aa9d4288b2450f01b8f585976e18fef28698813fa3e068d04a8b) in 0.002s. Peers: 7
2026-03-25 13:48:29.583-0500 | EthScheduler-Workers-0 | INFO  | PersistBlockTask | Imported empty block #396 / 0 tx / 0 om / 0 (0.0%) gas / (0x086b39a9c9f1936ff739c71269f1b2e3dc4a5cf6336434485cc917c380868db0) in 0.004s. Peers: 7
2026-03-25 13:48:34.016-0500 | EthScheduler-Workers-0 | INFO  | PersistBlockTask | Imported empty block #397 / 0 tx / 0 om / 0 (0.0%) gas / (0x95b2cff9f35cd3f2a6116c958c9ddba3eac8deb430ab09913fd7a129953b1588) in 0.002s. Peers: 7
2026-03-25 13:48:39.018-0500 | EthScheduler-Workers-0 | INFO  | PersistBlockTask | Imported empty block #398 / 0 tx / 0 om / 0 (0.0%) gas / (0x34cd18e480f312aac338cb1e461ac823851435a97c7784757aa5287a067ca297) in 0.002s. Peers: 7
2026-03-25 13:48:44.051-0500 | EthScheduler-Workers-0 | INFO  | PersistBlockTask | Imported empty block #399 / 0 tx / 0 om / 0 (0.0%) gas / (0x1c3d6cfa946eb10a4189e4de0f0953af48a9bc726bfdf82d73292aa1c9507c95) in 0.002s. Peers: 7
2026-03-25 13:48:49.017-0500 | EthScheduler-Workers-0 | INFO  | PersistBlockTask | Imported empty block #400 / 0 tx / 0 om / 0 (0.0%) gas / (0xfc36cd8bfd211d52c2dd2554de166caeb462fe1e04b39f8fe7553d9545a15e2e) in 0.003s. Peers: 7
2026-03-25 13:49:02.571-0500 | EthScheduler-Workers-0 | INFO  | PersistBlockTask | Imported empty block #401 / 0 tx / 0 om / 0 (0.0%) gas / (0x51f65f6f9ba4ff5549a69cf3b95319639914da9b525c6711bac4b9e0282b2960) in 0.004s. Peers: 7
2026-03-25 13:49:07.011-0500 | EthScheduler-Workers-0 | INFO  | PersistBlockTask | Imported empty block #402 / 0 tx / 0 om / 0 (0.0%) gas / (0x608d6b9399670ba402a0340f0c588b83998b3db7aa496d2e33cf3cc93d2b2347) in 0.001s. Peers: 7
2026-03-25 13:49:12.010-0500 | EthScheduler-Workers-0 | INFO  | PersistBlockTask | Imported empty block #403 / 0 tx / 0 om / 0 (0.0%) gas / (0xabbf99f9096245656b99d141a822d52257865fc7d70c6ef0fbb9325e6a952a1f) in 0.002s. Peers: 7
2026-03-25 13:49:17.012-0500 | EthScheduler-Workers-0 | INFO  | PersistBlockTask | Imported empty block #404 / 0 tx / 0 om / 0 (0.0%) gas / (0x9b04e0b0883c201ea2363424889bfdb1c49f3dd75001bb2093a74e761a2a9752) in 0.002s. Peers: 7
2026-03-25 13:49:30.578-0500 | EthScheduler-Workers-0 | INFO  | PersistBlockTask | Imported empty block #405 / 0 tx / 0 om / 0 (0.0%) gas / (0x1e573e76cf0d9b5751841bd7c4ae378bbb6bee42b9ac8b5ce6ba5d9a79300f6c) in 0.002s. Peers: 7
2026-03-25 13:49:35.012-0500 | EthScheduler-Workers-0 | INFO  | PersistBlockTask | Imported empty block #406 / 0 tx / 0 om / 0 (0.0%) gas / (0x1f18b411d2c42c61adfa4d2753eb052a8f10b9959769ca13b409c1dc370bb1b0) in 0.001s. Peers: 7
2026-03-25 13:49:40.034-0500 | EthScheduler-Workers-0 | INFO  | PersistBlockTask | Imported empty block #407 / 0 tx / 0 om / 0 (0.0%) gas / (0x9ca7da89429e6ca8d4c16a3019ebb3057f141f8f731757ec31bd15b3301a9647) in 0.002s. Peers: 7
2026-03-25 13:49:45.014-0500 | EthScheduler-Workers-0 | INFO  | PersistBlockTask | Imported empty block #408 / 0 tx / 0 om / 0 (0.0%) gas / (0x34246b2fa9bb0eb25abff4a95c384c39031913c51762de7f1eec3e66d54eeeaa) in 0.001s. Peers: 7
2026-03-25 13:49:50.015-0500 | EthScheduler-Workers-0 | INFO  | PersistBlockTask | Imported empty block #409 / 0 tx / 0 om / 0 (0.0%) gas / (0x3f5ef45f8c68ea6776b15ffffcd0ae635d8ec7ed9835867684d9df15f1df8bde) in 0.001s. Peers: 7
2026-03-25 13:50:03.532-0500 | EthScheduler-Workers-0 | INFO  | PersistBlockTask | Imported empty block #410 / 0 tx / 0 om / 0 (0.0%) gas / (0x244fa7c904c92381e82a4efaa8e347a2ba7cda901ba818b21758da3493778272) in 0.002s. Peers: 7
2026-03-25 13:50:08.013-0500 | EthScheduler-Workers-0 | INFO  | PersistBlockTask | Imported empty block #411 / 0 tx / 0 om / 0 (0.0%) gas / (0x5b4f70a52ad8dfb040c44ebefaa8cb4c0e134c19440b0b5d9bceb89f63796520) in 0.003s. Peers: 7
2026-03-25 13:50:13.020-0500 | EthScheduler-Workers-0 | INFO  | PersistBlockTask | Imported empty block #412 / 0 tx / 0 om / 0 (0.0%) gas / (0xeadd75ca529440fd5ac360e765d1650324ef1607635a6253a5ac6837c2898923) in 0.004s. Peers: 7
2026-03-25 13:50:18.015-0500 | EthScheduler-Workers-0 | INFO  | PersistBlockTask | Imported empty block #413 / 0 tx / 0 om / 0 (0.0%) gas / (0x064e844df7c1ddfe368c54b4439a007b892733e1660ec48769c9e8e7a7b1e765) in 0.002s. Peers: 7
2026-03-25 13:50:31.557-0500 | EthScheduler-Workers-0 | INFO  | PersistBlockTask | Imported empty block #414 / 0 tx / 0 om / 0 (0.0%) gas / (0x46cf80f3f43ac8c56cbb5e4709b13f3abac865c3bc7fb095fd3d9d0a069bfb27) in 0.002s. Peers: 7
2026-03-25 13:50:36.016-0500 | EthScheduler-Workers-0 | INFO  | PersistBlockTask | Imported empty block #415 / 0 tx / 0 om / 0 (0.0%) gas / (0xb437d1d10f55726e8e21452557376e3f2443d12ad3dbb5b0c7ad124b160b6e5c) in 0.002s. Peers: 7
2026-03-25 13:50:41.024-0500 | EthScheduler-Workers-0 | INFO  | PersistBlockTask | Imported empty block #416 / 0 tx / 0 om / 0 (0.0%) gas / (0x310a5fa3a2f809e0977abd30e8117832f80c1da2942ada75489aa6009b2f4afd) in 0.002s. Peers: 7
2026-03-25 13:50:46.023-0500 | EthScheduler-Workers-0 | INFO  | PersistBlockTask | Imported empty block #417 / 0 tx / 0 om / 0 (0.0%) gas / (0xe3d65137fb227e4f8352ebbf3237e5d820974c355b33c1bd56b44acb937c0933) in 0.001s. Peers: 7
2026-03-25 13:50:51.027-0500 | EthScheduler-Workers-0 | INFO  | PersistBlockTask | Imported empty block #418 / 0 tx / 0 om / 0 (0.0%) gas / (0xeb7317dfbd7d6b05de6257d028fcb5f3f7b6c41a89cdda1e3b85d064f07f68d9) in 0.004s. Peers: 7
2026-03-25 13:51:04.575-0500 | EthScheduler-Workers-0 | INFO  | PersistBlockTask | Imported empty block #419 / 0 tx / 0 om / 0 (0.0%) gas / (0xdea19dceb2c1d54672249f5987e5811198d01026c230055c0c692ae72f341762) in 0.002s. Peers: 7
2026-03-25 13:51:09.017-0500 | EthScheduler-Workers-0 | INFO  | PersistBlockTask | Imported empty block #420 / 0 tx / 0 om / 0 (0.0%) gas / (0x33948bab666fac5b32cc1f2e0225666654f3013bfdcffdd3a6ff1b249c6d3c84) in 0.001s. Peers: 7
2026-03-25 13:51:14.014-0500 | EthScheduler-Workers-0 | INFO  | PersistBlockTask | Imported empty block #421 / 0 tx / 0 om / 0 (0.0%) gas / (0x718d7959dfd89a4e845e41f3685e217e8a7c841b7ddbc9b4bd7bbc8afd984115) in 0.003s. Peers: 7
2026-03-25 13:51:19.013-0500 | EthScheduler-Workers-0 | INFO  | PersistBlockTask | Imported empty block #422 / 0 tx / 0 om / 0 (0.0%) gas / (0xbf882d3902ccdb21a8bd417ec90c4169fd71a7f8864aa8969659dd895480c31e) in 0.002s. Peers: 7
2026-03-25 13:51:32.572-0500 | EthScheduler-Workers-0 | INFO  | PersistBlockTask | Imported empty block #423 / 0 tx / 0 om / 0 (0.0%) gas / (0x7ea554261be6e981b56e3e4466453661f7a882b2fec35d627e330eb5ca5dbbb3) in 0.002s. Peers: 7
2026-03-25 13:51:37.014-0500 | EthScheduler-Workers-0 | INFO  | PersistBlockTask | Imported empty block #424 / 0 tx / 0 om / 0 (0.0%) gas / (0x56c90e435171d746f0c86ff6086f33fff31688efeba3c46992656db5981b2c7d) in 0.002s. Peers: 7
2026-03-25 13:51:42.012-0500 | EthScheduler-Workers-0 | INFO  | PersistBlockTask | Imported empty block #425 / 0 tx / 0 om / 0 (0.0%) gas / (0x56789f4bf2208a6e39c8206ddc607d19d73cefff06960f6bfdab1e29aba1f9cf) in 0.003s. Peers: 7
2026-03-25 13:51:47.018-0500 | EthScheduler-Workers-0 | INFO  | PersistBlockTask | Imported empty block #426 / 0 tx / 0 om / 0 (0.0%) gas / (0x16bd216358e8377c0f618b1d4d9708d588c9059cf8bf6e1afe27ff52ff7e0310) in 0.003s. Peers: 7
2026-03-25 13:51:52.016-0500 | EthScheduler-Workers-0 | INFO  | PersistBlockTask | Imported empty block #427 / 0 tx / 0 om / 0 (0.0%) gas / (0x6d437446e3e61470524dfae7da839497e5e988796e75ca93a99388993af17941) in 0.002s. Peers: 7
2026-03-25 13:52:05.575-0500 | EthScheduler-Workers-0 | INFO  | PersistBlockTask | Imported empty block #428 / 0 tx / 0 om / 0 (0.0%) gas / (0x9531e68178c43b2c6f83c9699a052f4e4570de93c5be9b195eb6d822cbaed532) in 0.003s. Peers: 7
2026-03-25 13:52:10.011-0500 | EthScheduler-Workers-0 | INFO  | PersistBlockTask | Imported empty block #429 / 0 tx / 0 om / 0 (0.0%) gas / (0xd8dedcdfa9d7e0005adc40e2bc7c3d6efdcf1d610b1a7a0aa454741be07de24c) in 0.001s. Peers: 7
2026-03-25 13:52:15.013-0500 | EthScheduler-Workers-0 | INFO  | PersistBlockTask | Imported empty block #430 / 0 tx / 0 om / 0 (0.0%) gas / (0x79e2d65d60e5e8760d2d96847a6d377c500842d4054dfd712306339f851fea7c) in 0.002s. Peers: 7
2026-03-25 13:52:20.011-0500 | EthScheduler-Workers-0 | INFO  | PersistBlockTask | Imported empty block #431 / 0 tx / 0 om / 0 (0.0%) gas / (0x3dc4d3c091af924ca60d1799d51e78d7ee3fbb91e08655ec2e6c63d41a41b37d) in 0.002s. Peers: 7
2026-03-25 13:52:25.018-0500 | EthScheduler-Workers-0 | INFO  | PersistBlockTask | Imported empty block #432 / 0 tx / 0 om / 0 (0.0%) gas / (0xf45ac7f4dd99c9360289939126a4bf1ec6d91a33c1b3cc99555d4253fa98c01e) in 0.003s. Peers: 7
2026-03-25 13:52:38.569-0500 | EthScheduler-Workers-0 | INFO  | PersistBlockTask | Imported empty block #433 / 0 tx / 0 om / 0 (0.0%) gas / (0x932d13353468fbaef25a62bfbe53e9345b2440b86db80656e370e1683fd75f9f) in 0.002s. Peers: 7
2026-03-25 13:52:43.013-0500 | EthScheduler-Workers-0 | INFO  | PersistBlockTask | Imported empty block #434 / 0 tx / 0 om / 0 (0.0%) gas / (0x3a96b4d299bba76dac168b9ec6df5fc04d0f1bf95bb5136c78770c092960e6f0) in 0.001s. Peers: 7
2026-03-25 13:52:48.011-0500 | EthScheduler-Workers-0 | INFO  | PersistBlockTask | Imported empty block #435 / 0 tx / 0 om / 0 (0.0%) gas / (0x83c938a7e9ce84116be01e66394e01a889077f3c37ccc63828e9ffbbe7dcde86) in 0.002s. Peers: 7
2026-03-25 13:52:53.008-0500 | EthScheduler-Workers-0 | INFO  | PersistBlockTask | Imported empty block #436 / 0 tx / 0 om / 0 (0.0%) gas / (0xeee3990afe2fe6f31a38c61cabade16a0d4ae011a91e87a73a2e347cc3fadd79) in 0.001s. Peers: 7
2026-03-25 13:53:06.534-0500 | EthScheduler-Workers-0 | INFO  | PersistBlockTask | Imported empty block #437 / 0 tx / 0 om / 0 (0.0%) gas / (0x6c546e164b730b938f0c5ae529488591c5457501b8b802512f0257d1845e9381) in 0.002s. Peers: 7
2026-03-25 13:53:11.014-0500 | EthScheduler-Workers-0 | INFO  | PersistBlockTask | Imported empty block #438 / 0 tx / 0 om / 0 (0.0%) gas / (0x27fc8e670b9b55f045095a4042441f0bb239d850ea53ea7a1826cad96a9e8394) in 0.002s. Peers: 7
2026-03-25 13:53:16.028-0500 | EthScheduler-Workers-0 | INFO  | PersistBlockTask | Imported empty block #439 / 0 tx / 0 om / 0 (0.0%) gas / (0x487bd593c3363d0984ad74ec8f40984905a6624ad168588fda37335d72b3140b) in 0.006s. Peers: 7
2026-03-25 13:53:21.009-0500 | EthScheduler-Workers-0 | INFO  | PersistBlockTask | Imported empty block #440 / 0 tx / 0 om / 0 (0.0%) gas / (0x91d5b0c7276607ca41bb753b7489f6859fe327de0fc889b7c3e756d3c320b1ac) in 0.002s. Peers: 7
2026-03-25 13:53:26.026-0500 | EthScheduler-Workers-0 | INFO  | PersistBlockTask | Imported empty block #441 / 0 tx / 0 om / 0 (0.0%) gas / (0x2b7dc7d2486d7a557a69195af4c61d7ddab30326ec90bf5ccdb09d09d28c8884) in 0.004s. Peers: 7
2026-03-25 13:53:39.579-0500 | EthScheduler-Workers-0 | INFO  | PersistBlockTask | Imported empty block #442 / 0 tx / 0 om / 0 (0.0%) gas / (0x3fed2e678100e279f8c66026d160f1fe64c98dce7fe1e4bd3b6074f7c119e13f) in 0.003s. Peers: 7
2026-03-25 13:53:44.014-0500 | EthScheduler-Workers-0 | INFO  | PersistBlockTask | Imported empty block #443 / 0 tx / 0 om / 0 (0.0%) gas / (0x2ee43d6a500d155b5d9a9fbeb55e61cc71b0e2915e32bf6c0298991cb806f0f2) in 0.001s. Peers: 7
2026-03-25 13:53:49.021-0500 | EthScheduler-Workers-0 | INFO  | PersistBlockTask | Imported empty block #444 / 0 tx / 0 om / 0 (0.0%) gas / (0x6917af3e431dcfa188c548a2a88004a87909710af18111d3162a3b66efa50270) in 0.002s. Peers: 7
2026-03-25 13:53:54.023-0500 | EthScheduler-Workers-0 | INFO  | PersistBlockTask | Imported empty block #445 / 0 tx / 0 om / 0 (0.0%) gas / (0x49e8870efeaa2bb45de835c31b096d77d6609211c68db4a7829496539fcbb438) in 0.002s. Peers: 7
2026-03-25 13:54:07.572-0500 | EthScheduler-Workers-0 | INFO  | PersistBlockTask | Imported empty block #446 / 0 tx / 0 om / 0 (0.0%) gas / (0xea0383c7d9c8e080d4e70a1c308129c770516b4b67228f830309fa459b09ab03) in 0.002s. Peers: 7
2026-03-25 13:54:12.021-0500 | EthScheduler-Workers-0 | INFO  | PersistBlockTask | Imported empty block #447 / 0 tx / 0 om / 0 (0.0%) gas / (0x01d6a0a52764a1b977ec3fbc33e542b3cf5b75429dcf64a23c13783cfc3628f6) in 0.004s. Peers: 7
2026-03-25 13:54:17.022-0500 | EthScheduler-Workers-0 | INFO  | PersistBlockTask | Imported empty block #448 / 0 tx / 0 om / 0 (0.0%) gas / (0x019cacee1a57029bce4c8b5d3273a8cc8b111bc01b1fdc43bbe550c7b19e4657) in 0.003s. Peers: 7
2026-03-25 13:54:22.016-0500 | EthScheduler-Workers-0 | INFO  | PersistBlockTask | Imported empty block #449 / 0 tx / 0 om / 0 (0.0%) gas / (0x316279b65dd3621203856baf8703a55776da9ae36ee4985221cce17dbb4e8c87) in 0.003s. Peers: 7
2026-03-25 13:54:27.021-0500 | EthScheduler-Workers-0 | INFO  | PersistBlockTask | Imported empty block #450 / 0 tx / 0 om / 0 (0.0%) gas / (0x794926b6fa9a2b2456d60000fa6462ab453b92e07a40eef78cdfdd17a04e18fc) in 0.002s. Peers: 7
2026-03-25 13:54:40.574-0500 | EthScheduler-Workers-0 | INFO  | PersistBlockTask | Imported empty block #451 / 0 tx / 0 om / 0 (0.0%) gas / (0xc5e379eefe412bee0b9dd84d4529c82b88ffedd1f49351ae325324c2bfa1148a) in 0.002s. Peers: 7
2026-03-25 13:54:45.017-0500 | EthScheduler-Workers-0 | INFO  | PersistBlockTask | Imported empty block #452 / 0 tx / 0 om / 0 (0.0%) gas / (0xcc7df0f89cf0245360ea05c0d38cf4e2792380d405e7abab78042e4b945c76f7) in 0.003s. Peers: 7
2026-03-25 13:54:50.017-0500 | EthScheduler-Workers-0 | INFO  | PersistBlockTask | Imported empty block #453 / 0 tx / 0 om / 0 (0.0%) gas / (0xb4f1c0ef9caeb5805e41f86f95342dd1df62cd649b8da45ad85624b141221d2c) in 0.002s. Peers: 7
2026-03-25 13:54:55.014-0500 | EthScheduler-Workers-0 | INFO  | PersistBlockTask | Imported empty block #454 / 0 tx / 0 om / 0 (0.0%) gas / (0x5876b4ba9b28e67e454c61293deda05b7458eb6f8fab06f82439e23abcf00563) in 0.001s. Peers: 7
2026-03-25 13:55:08.558-0500 | EthScheduler-Workers-0 | INFO  | PersistBlockTask | Imported empty block #455 / 0 tx / 0 om / 0 (0.0%) gas / (0xd1dc2592f1abdc1c5c388251e2f9047f8249ade0953a160e1330775735bad7da) in 0.002s. Peers: 7
2026-03-25 13:55:13.012-0500 | EthScheduler-Workers-0 | INFO  | PersistBlockTask | Imported empty block #456 / 0 tx / 0 om / 0 (0.0%) gas / (0x5e53207d7c2e229bba0d622f21ae8eb3005b34afe22bbf78726f40dbaa6a9ed3) in 0.002s. Peers: 7
2026-03-25 13:55:18.016-0500 | EthScheduler-Workers-0 | INFO  | PersistBlockTask | Imported empty block #457 / 0 tx / 0 om / 0 (0.0%) gas / (0x1622636506bde8f5f9a787534dec5a153a7bd57ef70a313c2b101f32bdb7b4ad) in 0.002s. Peers: 7
2026-03-25 13:55:23.009-0500 | EthScheduler-Workers-0 | INFO  | PersistBlockTask | Imported empty block #458 / 0 tx / 0 om / 0 (0.0%) gas / (0xf8604d12f6e5c9cbb4bfaa61b10d2615c7c1f4732c915bc7a36185b8ab68271a) in 0.001s. Peers: 7
2026-03-25 13:55:28.016-0500 | EthScheduler-Workers-0 | INFO  | PersistBlockTask | Imported empty block #459 / 0 tx / 0 om / 0 (0.0%) gas / (0xba1145611322789a323cdde5959b46c6a16f312da354cfbbe0e26cf4c24b87a5) in 0.001s. Peers: 7
2026-03-25 13:55:41.560-0500 | EthScheduler-Workers-0 | INFO  | PersistBlockTask | Imported empty block #460 / 0 tx / 0 om / 0 (0.0%) gas / (0x2492de6fddbd5a900e990d473cad7ec276c331c070b2690f7e143fc73d68c037) in 0.002s. Peers: 7
2026-03-25 13:55:46.009-0500 | EthScheduler-Workers-0 | INFO  | PersistBlockTask | Imported empty block #461 / 0 tx / 0 om / 0 (0.0%) gas / (0x02610111c97f5d7269e3a26fa2f23cb1f234c95c0d92708000f9e720998702e0) in 0.001s. Peers: 7
2026-03-25 13:55:51.014-0500 | EthScheduler-Workers-0 | INFO  | PersistBlockTask | Imported empty block #462 / 0 tx / 0 om / 0 (0.0%) gas / (0x520f301256a2d442d770032deae7dd6e3afdcba25294680eca254a929dadc3cb) in 0.001s. Peers: 7
2026-03-25 13:55:56.011-0500 | EthScheduler-Workers-0 | INFO  | PersistBlockTask | Imported empty block #463 / 0 tx / 0 om / 0 (0.0%) gas / (0x91fff42cb4eea227406d1b39152e54af92077d15b8d1391915b4ac39923fe455) in 0.002s. Peers: 7
2026-03-25 13:56:09.532-0500 | EthScheduler-Workers-0 | INFO  | PersistBlockTask | Imported empty block #464 / 0 tx / 0 om / 0 (0.0%) gas / (0x9d803090a65331fe24749f53e6bd4e2943330f2d5cdd6bea614bef9ff24b47fb) in 0.001s. Peers: 7
2026-03-25 13:56:14.020-0500 | EthScheduler-Workers-0 | INFO  | PersistBlockTask | Imported empty block #465 / 0 tx / 0 om / 0 (0.0%) gas / (0x7ddce228385293fbb75de52f9310c51615e264a7c7cc21585d29ee2ab336ffd9) in 0.001s. Peers: 7
2026-03-25 13:56:19.016-0500 | EthScheduler-Workers-0 | INFO  | PersistBlockTask | Imported empty block #466 / 0 tx / 0 om / 0 (0.0%) gas / (0x34c9295513b2d1b7088faef41fa7017ac5469f8c2e2e1741124ad92615c84c7a) in 0.002s. Peers: 7
2026-03-25 13:56:24.012-0500 | EthScheduler-Workers-0 | INFO  | PersistBlockTask | Imported empty block #467 / 0 tx / 0 om / 0 (0.0%) gas / (0xe2ec08ab5f99ab2c98b5c6bc113af42a6091559a1676365f971d202d44f05778) in 0.002s. Peers: 7
2026-03-25 13:56:29.028-0500 | EthScheduler-Workers-0 | INFO  | PersistBlockTask | Imported empty block #468 / 0 tx / 0 om / 0 (0.0%) gas / (0x5431ad247cdcce1fa61822bec97eb6828c04f2b9494e63e9d188835165fbc2f4) in 0.002s. Peers: 7
2026-03-25 13:56:42.577-0500 | EthScheduler-Workers-0 | INFO  | PersistBlockTask | Imported empty block #469 / 0 tx / 0 om / 0 (0.0%) gas / (0x5e5a534fe8ca63f9c0185c391a43ee440929283f77fa34cef5a5aabdaac7a1aa) in 0.003s. Peers: 7
2026-03-25 13:56:47.017-0500 | EthScheduler-Workers-0 | INFO  | PersistBlockTask | Imported empty block #470 / 0 tx / 0 om / 0 (0.0%) gas / (0x4e93b8826e667750e48d4a88e3310be6c10b6cca7350ccb5078b9e46909f245c) in 0.002s. Peers: 7
2026-03-25 13:56:52.027-0500 | EthScheduler-Workers-0 | INFO  | PersistBlockTask | Imported empty block #471 / 0 tx / 0 om / 0 (0.0%) gas / (0x1e2cf94d532bf3b5f4f3529a899d04313bc8e0da5fd6fd5c3f0fac5ca69a7785) in 0.003s. Peers: 7
2026-03-25 13:56:57.009-0500 | EthScheduler-Workers-0 | INFO  | PersistBlockTask | Imported empty block #472 / 0 tx / 0 om / 0 (0.0%) gas / (0x16bb5674c44363381f761a3985454009b4c2e8fee18de98bc8e3cd3f17016faf) in 0.001s. Peers: 7
2026-03-25 13:57:02.013-0500 | EthScheduler-Workers-0 | INFO  | PersistBlockTask | Imported empty block #473 / 0 tx / 0 om / 0 (0.0%) gas / (0xf77c8f9acf6b406f72061ec9d21293427509cfac4e63fc7cb1e0a051b8b1cfce) in 0.001s. Peers: 7
2026-03-25 13:57:15.576-0500 | EthScheduler-Workers-0 | INFO  | PersistBlockTask | Imported empty block #474 / 0 tx / 0 om / 0 (0.0%) gas / (0x651538a64c00dfaae78d81f9df6ab5f36ae7576e4c458be70b08733575ccd282) in 0.002s. Peers: 7
2026-03-25 13:57:20.015-0500 | EthScheduler-Workers-0 | INFO  | PersistBlockTask | Imported empty block #475 / 0 tx / 0 om / 0 (0.0%) gas / (0x0da149d5b722cfa140a182708351c2611a337135c81548803c3fa69777c646d3) in 0.002s. Peers: 7
2026-03-25 13:57:25.020-0500 | EthScheduler-Workers-0 | INFO  | PersistBlockTask | Imported empty block #476 / 0 tx / 0 om / 0 (0.0%) gas / (0xd01a0c48c4bdb14aa88ccc88b9031991cb46329dc6b95498faa8ade7b3b6987d) in 0.002s. Peers: 7
2026-03-25 13:57:30.014-0500 | EthScheduler-Workers-0 | INFO  | PersistBlockTask | Imported empty block #477 / 0 tx / 0 om / 0 (0.0%) gas / (0x3b32311aa5496b9abe0a39d277445b75cf39d3d95470a89e1732cefe8be1ca92) in 0.002s. Peers: 7
2026-03-25 13:57:43.567-0500 | EthScheduler-Workers-0 | INFO  | PersistBlockTask | Imported empty block #478 / 0 tx / 0 om / 0 (0.0%) gas / (0xbba17dac60fa3225b1a08979a1b8fbf5b77d7fcacbf6183c3dd553a067b4d015) in 0.002s. Peers: 7
2026-03-25 13:57:48.014-0500 | EthScheduler-Workers-0 | INFO  | PersistBlockTask | Imported empty block #479 / 0 tx / 0 om / 0 (0.0%) gas / (0xd0a5ecc91252205c4f654215938a9c6ee3fc3652696f994d565bae28ae6f0810) in 0.003s. Peers: 7
2026-03-25 13:57:53.014-0500 | EthScheduler-Workers-0 | INFO  | PersistBlockTask | Imported empty block #480 / 0 tx / 0 om / 0 (0.0%) gas / (0x30bdcec049491921c2e715bd31d209c47120117968fe2aab751bdfee0055367b) in 0.002s. Peers: 7
2026-03-25 13:57:58.008-0500 | EthScheduler-Workers-0 | INFO  | PersistBlockTask | Imported empty block #481 / 0 tx / 0 om / 0 (0.0%) gas / (0x26bf3927726c0ce71d0aa7e132ad89bbacfe7fc00af85c9a586084fa8bff2d7b) in 0.002s. Peers: 7
2026-03-25 13:58:03.022-0500 | EthScheduler-Workers-0 | INFO  | PersistBlockTask | Imported empty block #482 / 0 tx / 0 om / 0 (0.0%) gas / (0xd298bbf57ec04acd70afd435fa52dcbfc1ab5605d2d2370ce2942b4b6ffb4d8b) in 0.002s. Peers: 7
2026-03-25 13:58:16.566-0500 | EthScheduler-Workers-0 | INFO  | PersistBlockTask | Imported empty block #483 / 0 tx / 0 om / 0 (0.0%) gas / (0x6e7214f7ad8eb855c9a7899718cf91027633bc5a54ea4b191a89c3e9d4d1aecd) in 0.001s. Peers: 7
2026-03-25 13:58:21.012-0500 | EthScheduler-Workers-0 | INFO  | PersistBlockTask | Imported empty block #484 / 0 tx / 0 om / 0 (0.0%) gas / (0xb9408963add46c63a702443528400cae731935895fde7e3154ecbd29df10730a) in 0.001s. Peers: 7
2026-03-25 13:58:26.010-0500 | EthScheduler-Workers-0 | INFO  | PersistBlockTask | Imported empty block #485 / 0 tx / 0 om / 0 (0.0%) gas / (0x2918a8d17186337a02363ebf7a383236ae8047bebe5042fe173376550d6d1588) in 0.001s. Peers: 7
2026-03-25 13:58:31.011-0500 | EthScheduler-Workers-0 | INFO  | PersistBlockTask | Imported empty block #486 / 0 tx / 0 om / 0 (0.0%) gas / (0xcccd2569d47450eaff86f40a498cbc4bfa6c0c0b26b7268e1668bfb68ffb9250) in 0.002s. Peers: 7
2026-03-25 13:58:44.548-0500 | EthScheduler-Workers-0 | INFO  | PersistBlockTask | Imported empty block #487 / 0 tx / 0 om / 0 (0.0%) gas / (0x38d150cdbedbb03316b7b50ec3defdb6c390877c5f2198f0ec4ff35ed508f4a0) in 0.002s. Peers: 7
2026-03-25 13:58:49.017-0500 | EthScheduler-Workers-0 | INFO  | PersistBlockTask | Imported empty block #488 / 0 tx / 0 om / 0 (0.0%) gas / (0x073e07299900d10dfa57eb2f60ab5f1b8a40c03948fa1fa8103ddcdcca746566) in 0.002s. Peers: 7
2026-03-25 13:58:54.013-0500 | EthScheduler-Workers-0 | INFO  | PersistBlockTask | Imported empty block #489 / 0 tx / 0 om / 0 (0.0%) gas / (0x19733917f1f262f36df763b8d2327316bf6d91be8492c381700ef175d8caac19) in 0.002s. Peers: 7
2026-03-25 13:58:59.008-0500 | EthScheduler-Workers-0 | INFO  | PersistBlockTask | Imported empty block #490 / 0 tx / 0 om / 0 (0.0%) gas / (0xe81d4f0a2c2a7dd21e2d2b396078eda73c0cd90b18c74652a480b87324d35125) in 0.002s. Peers: 7
2026-03-25 13:59:04.024-0500 | EthScheduler-Workers-0 | INFO  | PersistBlockTask | Imported empty block #491 / 0 tx / 0 om / 0 (0.0%) gas / (0x25dabfdb3582b77004b0294a46293b6a20c7f460465260cfa8ecb7187dbce611) in 0.001s. Peers: 7
2026-03-25 13:59:17.541-0500 | EthScheduler-Workers-0 | INFO  | PersistBlockTask | Imported empty block #492 / 0 tx / 0 om / 0 (0.0%) gas / (0x9179f0e20dd9923fe0420b802cce298ba285745a56d58fa29b85ab81dae036a0) in 0.003s. Peers: 7
2026-03-25 13:59:22.010-0500 | EthScheduler-Workers-0 | INFO  | PersistBlockTask | Imported empty block #493 / 0 tx / 0 om / 0 (0.0%) gas / (0x8070de25454b784a8893dd85010020faaff6de6dcd9e76822a6d627c80a28e4d) in 0.001s. Peers: 7
2026-03-25 13:59:27.015-0500 | EthScheduler-Workers-0 | INFO  | PersistBlockTask | Imported empty block #494 / 0 tx / 0 om / 0 (0.0%) gas / (0x496b74121adc8386be8dcfcd512e612c408893ba88aca21de5672172b81badfa) in 0.002s. Peers: 7
2026-03-25 13:59:32.017-0500 | EthScheduler-Workers-0 | INFO  | PersistBlockTask | Imported empty block #495 / 0 tx / 0 om / 0 (0.0%) gas / (0xe991eeba6f3f32c40f60fee0acb7af3020be0b47b1494491578b7a29ad55da96) in 0.002s. Peers: 7
2026-03-25 13:59:45.565-0500 | EthScheduler-Workers-0 | INFO  | PersistBlockTask | Imported empty block #496 / 0 tx / 0 om / 0 (0.0%) gas / (0xc5cc3a57d278f7a0ef2f4def6045a1ae940392b0006598910a56def7c40926d3) in 0.001s. Peers: 7
2026-03-25 13:59:50.030-0500 | EthScheduler-Workers-0 | INFO  | PersistBlockTask | Imported empty block #497 / 0 tx / 0 om / 0 (0.0%) gas / (0x59774d9e2b3d4c040eb24c952f1c5b767dd329fc4cad4924fe5521a495da0838) in 0.005s. Peers: 7
2026-03-25 13:59:55.008-0500 | EthScheduler-Workers-0 | INFO  | PersistBlockTask | Imported empty block #498 / 0 tx / 0 om / 0 (0.0%) gas / (0xffbe84905a8f09954a2c3c783984d9a0786102ee168e7391bb5c61c8086f6559) in 0.002s. Peers: 7
2026-03-25 14:00:00.009-0500 | EthScheduler-Workers-0 | INFO  | PersistBlockTask | Imported empty block #499 / 0 tx / 0 om / 0 (0.0%) gas / (0x5fa7bc573523cc1d5c3c24446398f7ed72a65eadef691b4b0e5c8506948fcea9) in 0.001s. Peers: 7
2026-03-25 14:00:05.010-0500 | EthScheduler-Workers-0 | INFO  | PersistBlockTask | Imported empty block #500 / 0 tx / 0 om / 0 (0.0%) gas / (0xb97780bf6b4eec0b0e3ce4e492505bae590516a64e10dddc321cbfcdb99c3829) in 0.001s. Peers: 7
2026-03-25 14:00:18.564-0500 | EthScheduler-Workers-0 | INFO  | PersistBlockTask | Imported empty block #501 / 0 tx / 0 om / 0 (0.0%) gas / (0x49aab4729166600729f65922c5265a917768b95d2e0a9cba468afa184c86902e) in 0.002s. Peers: 7
2026-03-25 14:00:23.014-0500 | EthScheduler-Workers-0 | INFO  | PersistBlockTask | Imported empty block #502 / 0 tx / 0 om / 0 (0.0%) gas / (0x8f1a2c5b9f8adc201d7977731c3832e87ba2bcd0fa6bd0193af634cd22699b9f) in 0.002s. Peers: 7
2026-03-25 14:00:28.011-0500 | EthScheduler-Workers-0 | INFO  | PersistBlockTask | Imported empty block #503 / 0 tx / 0 om / 0 (0.0%) gas / (0x0dfd72b4e05f6b0f70de1889b1392f4fc6f9b8a58c80eb12806ea16edc2c4031) in 0.003s. Peers: 7
2026-03-25 14:00:33.014-0500 | EthScheduler-Workers-0 | INFO  | PersistBlockTask | Imported empty block #504 / 0 tx / 0 om / 0 (0.0%) gas / (0x1e4431ad210178e89db2ca0625b9d2ae12ec94dc351e2770f4cd4327b124e0f8) in 0.003s. Peers: 7
2026-03-25 14:00:38.017-0500 | EthScheduler-Workers-0 | INFO  | PersistBlockTask | Imported empty block #505 / 0 tx / 0 om / 0 (0.0%) gas / (0x0d18c82a04a8ea7aa53292f6d5c2dbe39f88a9f4a4eead3114ba1ee57b78d759) in 0.003s. Peers: 7
2026-03-25 14:00:51.578-0500 | EthScheduler-Workers-0 | INFO  | PersistBlockTask | Imported empty block #506 / 0 tx / 0 om / 0 (0.0%) gas / (0x417980a7b0423d5161c097a84fe5d563ce8df0aa446a52a0482cd1b43523eebd) in 0.004s. Peers: 7
2026-03-25 14:00:56.026-0500 | EthScheduler-Workers-0 | INFO  | PersistBlockTask | Imported empty block #507 / 0 tx / 0 om / 0 (0.0%) gas / (0xd7536d0ff583632df358d5977194734bf0e69deaac5e679d7e5e44f9bc64502e) in 0.002s. Peers: 7
2026-03-25 14:01:01.014-0500 | EthScheduler-Workers-0 | INFO  | PersistBlockTask | Imported empty block #508 / 0 tx / 0 om / 0 (0.0%) gas / (0x6c48dddfd39b55b63d393fac81f4fce8202c4aa1f1b403dad8119a72a998d515) in 0.002s. Peers: 7
2026-03-25 14:01:06.011-0500 | EthScheduler-Workers-0 | INFO  | PersistBlockTask | Imported empty block #509 / 0 tx / 0 om / 0 (0.0%) gas / (0x5721568b82d1138880fb38f7f7fe8b31872a7d5547f57ff8de543ca3100dbfe8) in 0.002s. Peers: 7
2026-03-25 14:01:19.562-0500 | EthScheduler-Workers-0 | INFO  | PersistBlockTask | Imported empty block #510 / 0 tx / 0 om / 0 (0.0%) gas / (0xc770eb47cdd2f3835e419a4562d0a2c20bfe276acab92ac42ea432c8d8c5b230) in 0.003s. Peers: 7
2026-03-25 14:01:24.018-0500 | EthScheduler-Workers-0 | INFO  | PersistBlockTask | Imported empty block #511 / 0 tx / 0 om / 0 (0.0%) gas / (0xa099e97adb6566b8aa0de8382770acdd2012e14744958d9f221b5c31926b5b1e) in 0.003s. Peers: 7
2026-03-25 14:01:29.033-0500 | EthScheduler-Workers-0 | INFO  | PersistBlockTask | Imported empty block #512 / 0 tx / 0 om / 0 (0.0%) gas / (0xef97bc2244afcf410f81443b89bb590cfa5fa3ff4821b398813fb79b4d3ac538) in 0.018s. Peers: 7
2026-03-25 14:01:34.015-0500 | EthScheduler-Workers-0 | INFO  | PersistBlockTask | Imported empty block #513 / 0 tx / 0 om / 0 (0.0%) gas / (0x79682a3643faad7a596e5ef253064ac5b83d342320126dd7871719d77867a3cf) in 0.005s. Peers: 7
2026-03-25 14:01:39.016-0500 | EthScheduler-Workers-0 | INFO  | PersistBlockTask | Imported empty block #514 / 0 tx / 0 om / 0 (0.0%) gas / (0x8a8a21bf17c02ef90a5f58e3449128dc4b78acd33186fcec18f634a263c7146f) in 0.002s. Peers: 7
2026-03-25 14:01:52.534-0500 | EthScheduler-Workers-0 | INFO  | PersistBlockTask | Imported empty block #515 / 0 tx / 0 om / 0 (0.0%) gas / (0x3e99e338f31ad1ad05055e06569de58b9527112fea3cebb2abe8a224be9c7a72) in 0.002s. Peers: 7
2026-03-25 14:01:57.037-0500 | EthScheduler-Workers-0 | INFO  | PersistBlockTask | Imported block #516 / 1 tx / 0 om / 250,754 (0.8%) gas / (0x91bc8b353f8ab661e094be8602c7e6c1220cc05de24049bc8bdbc3e6365b3b12) in 0.011s. Peers: 7
2026-03-25 14:02:02.015-0500 | EthScheduler-Workers-0 | INFO  | PersistBlockTask | Imported empty block #517 / 0 tx / 0 om / 0 (0.0%) gas / (0x60c5bbc34beb9004f9c793ec13c9e594d2aadf58a579d461436ada8cf2d9746f) in 0.002s. Peers: 7
2026-03-25 14:02:07.010-0500 | EthScheduler-Workers-0 | INFO  | PersistBlockTask | Imported empty block #518 / 0 tx / 0 om / 0 (0.0%) gas / (0x2ef5263b925bdec73b28e9ca598d83d7b4347b33da6f06ce7051c51665c09f2b) in 0.002s. Peers: 7
2026-03-25 14:02:20.589-0500 | EthScheduler-Workers-0 | INFO  | PersistBlockTask | Imported block #519 / 1 tx / 0 om / 199,454 (0.7%) gas / (0x7075bb6d935dd61d165ed4de4ab3bc576f417ef0080dc5cc05bbfe209a111014) in 0.008s. Peers: 7
2026-03-25 14:02:25.017-0500 | EthScheduler-Workers-0 | INFO  | PersistBlockTask | Imported empty block #520 / 0 tx / 0 om / 0 (0.0%) gas / (0x99cfbf245bb99b380c8875d7ff9ed570dcd514e0cf279c26491ef101512cb702) in 0.004s. Peers: 7
2026-03-25 14:02:30.016-0500 | EthScheduler-Workers-0 | INFO  | PersistBlockTask | Imported empty block #521 / 0 tx / 0 om / 0 (0.0%) gas / (0xd3ac8d278da54520e048e5df233dbc52975eb383376b924f1b1563f3a545e953) in 0.002s. Peers: 7
2026-03-25 14:02:35.015-0500 | EthScheduler-Workers-0 | INFO  | PersistBlockTask | Imported empty block #522 / 0 tx / 0 om / 0 (0.0%) gas / (0x20e2a199b3099626d7cf4af41adfefb98d26c31c8925e1f00ecfd197e3004213) in 0.002s. Peers: 7
2026-03-25 14:02:40.024-0500 | EthScheduler-Workers-0 | INFO  | PersistBlockTask | Imported empty block #523 / 0 tx / 0 om / 0 (0.0%) gas / (0x717070cd653315f134ea6e7dbbed85bf71616643e8d26acca558eded9c4160d3) in 0.002s. Peers: 7
2026-03-25 14:02:53.571-0500 | EthScheduler-Workers-0 | INFO  | PersistBlockTask | Imported empty block #524 / 0 tx / 0 om / 0 (0.0%) gas / (0x0d88e3149b2d0a557199465a01dd8d93e0245ceaf3eca73e2f8587a82ccce7c4) in 0.001s. Peers: 7
2026-03-25 14:02:58.018-0500 | EthScheduler-Workers-0 | INFO  | PersistBlockTask | Imported empty block #525 / 0 tx / 0 om / 0 (0.0%) gas / (0xd44243c03510cfd6014b40ead5e453a8e3d6ccf2b34963d0e9e0aeadb162a241) in 0.002s. Peers: 7
2026-03-25 14:03:03.020-0500 | EthScheduler-Workers-0 | INFO  | PersistBlockTask | Imported empty block #526 / 0 tx / 0 om / 0 (0.0%) gas / (0x8245dedc7cb5511af27010e226854f8fb2810a8f25817e1c9bdcd411e75757bb) in 0.003s. Peers: 7
2026-03-25 14:03:08.016-0500 | EthScheduler-Workers-0 | INFO  | PersistBlockTask | Imported empty block #527 / 0 tx / 0 om / 0 (0.0%) gas / (0xe2888c9803033fab03b1331a9e5a7766d48fd3de1b117599d6343ea67bf611aa) in 0.002s. Peers: 7
2026-03-25 14:03:21.588-0500 | EthScheduler-Workers-0 | INFO  | PersistBlockTask | Imported empty block #528 / 0 tx / 0 om / 0 (0.0%) gas / (0xd2fd3725210fc58d584b4bd4bb3c95ec9350447fe27178f27758c1c3ed1fac28) in 0.004s. Peers: 7
2026-03-25 14:03:26.012-0500 | EthScheduler-Workers-0 | INFO  | PersistBlockTask | Imported empty block #529 / 0 tx / 0 om / 0 (0.0%) gas / (0xa16b7bc9ed5bad6796be3f9c04db6d2f5483cb6107c9c8eb04e005924e35f429) in 0.004s. Peers: 7
2026-03-25 14:03:31.026-0500 | EthScheduler-Workers-0 | INFO  | PersistBlockTask | Imported empty block #530 / 0 tx / 0 om / 0 (0.0%) gas / (0x282d40b817399b70ec8dff8ed1f47c3639d539952123356ccf0431417b9d980f) in 0.004s. Peers: 7
2026-03-25 14:03:36.016-0500 | EthScheduler-Workers-0 | INFO  | PersistBlockTask | Imported empty block #531 / 0 tx / 0 om / 0 (0.0%) gas / (0xcc286be7d87c81d48813dabd1a66483d732e6e9f2320611c43c8410a3d284e32) in 0.002s. Peers: 7
2026-03-25 14:03:41.012-0500 | EthScheduler-Workers-0 | INFO  | PersistBlockTask | Imported empty block #532 / 0 tx / 0 om / 0 (0.0%) gas / (0x5cf7266a179919c002e2a967f8b23b6ba561f7fdfd9887f0b11cc481deb031cd) in 0.002s. Peers: 7
2026-03-25 14:03:54.547-0500 | EthScheduler-Workers-0 | INFO  | PersistBlockTask | Imported empty block #533 / 0 tx / 0 om / 0 (0.0%) gas / (0x4638e9654c6954f118dfa8bb7364c0bd51eb632d19f021822e3fafb87101491f) in 0.003s. Peers: 7
2026-03-25 14:03:59.025-0500 | EthScheduler-Workers-0 | INFO  | PersistBlockTask | Imported empty block #534 / 0 tx / 0 om / 0 (0.0%) gas / (0xce46404355fcc059fe1e597014bc0ae4aa7106a110915399c5abe36a48598533) in 0.002s. Peers: 7
2026-03-25 14:04:04.014-0500 | EthScheduler-Workers-0 | INFO  | PersistBlockTask | Imported empty block #535 / 0 tx / 0 om / 0 (0.0%) gas / (0xd1fcff26378b7fb695c3202c1920d296caef77c447c36f12cd57b1a1423ef85c) in 0.003s. Peers: 7
2026-03-25 14:04:09.014-0500 | EthScheduler-Workers-0 | INFO  | PersistBlockTask | Imported empty block #536 / 0 tx / 0 om / 0 (0.0%) gas / (0x0f2c56e4aa5844282c440ea0b7f8c66cf6f3aa9c40e2b7ad0c971312a4620b8c) in 0.002s. Peers: 7
2026-03-25 14:04:22.509-0500 | EthScheduler-Workers-0 | INFO  | PersistBlockTask | Imported empty block #537 / 0 tx / 0 om / 0 (0.0%) gas / (0x4837a0a270b48e58a780ce5b271e27c4ed1c6a79a0365913ed0b4f897e49f8f0) in 0.003s. Peers: 7
2026-03-25 14:04:27.017-0500 | EthScheduler-Workers-0 | INFO  | PersistBlockTask | Imported empty block #538 / 0 tx / 0 om / 0 (0.0%) gas / (0x695dffc6ca245b5b6dd5fa88ee6aee5ffb7bb7a43c4c6d186ae83c80cf4f3f4e) in 0.002s. Peers: 7
2026-03-25 14:04:32.012-0500 | EthScheduler-Workers-0 | INFO  | PersistBlockTask | Imported empty block #539 / 0 tx / 0 om / 0 (0.0%) gas / (0xf0c8b8f3c9da7934a055f60041043b753893d933ec9a681aa2dc088c9444c714) in 0.003s. Peers: 7
2026-03-25 14:04:37.019-0500 | EthScheduler-Workers-0 | INFO  | PersistBlockTask | Imported empty block #540 / 0 tx / 0 om / 0 (0.0%) gas / (0xa81657c00f145868e5d46a9842288e36972fb60468fddda82992b8827e7b8f57) in 0.003s. Peers: 7
2026-03-25 14:04:42.011-0500 | EthScheduler-Workers-0 | INFO  | PersistBlockTask | Imported empty block #541 / 0 tx / 0 om / 0 (0.0%) gas / (0x44376c71a4c5f8c6dcdcae3f2fe8ef7c255dfc40b5f1ff90b8671e8e96003e75) in 0.001s. Peers: 7
2026-03-25 14:04:55.646-0500 | EthScheduler-Workers-0 | INFO  | PersistBlockTask | Imported empty block #542 / 0 tx / 0 om / 0 (0.0%) gas / (0x8fa87654b935b6d7610bdd1e514a662701270a8afa640feabd920b9818088b68) in 0.002s. Peers: 7
2026-03-25 14:05:00.012-0500 | EthScheduler-Workers-0 | INFO  | PersistBlockTask | Imported empty block #543 / 0 tx / 0 om / 0 (0.0%) gas / (0xc0c23432f3dc5d528dbdc90a22f8d8802d10f502ecf583108f3899aee10f264d) in 0.002s. Peers: 7
2026-03-25 14:05:05.016-0500 | EthScheduler-Workers-0 | INFO  | PersistBlockTask | Imported empty block #544 / 0 tx / 0 om / 0 (0.0%) gas / (0x6b44019cc17ac9c146104873487ccadae5c5074c23bac12168c302c992e3c42a) in 0.004s. Peers: 7
2026-03-25 14:05:10.014-0500 | EthScheduler-Workers-0 | INFO  | PersistBlockTask | Imported empty block #545 / 0 tx / 0 om / 0 (0.0%) gas / (0x2110b0a6589644967e0cab1d255d638d59b11ba52ae73dc3bb4854efb9d8f0af) in 0.004s. Peers: 7
2026-03-25 14:05:15.017-0500 | EthScheduler-Workers-0 | INFO  | PersistBlockTask | Imported empty block #546 / 0 tx / 0 om / 0 (0.0%) gas / (0x6f278d37c142d53f7ef91bdd85c3c743a44f9c3a6ee35b9508b5707d328d5723) in 0.003s. Peers: 7
2026-03-25 14:05:28.581-0500 | EthScheduler-Workers-0 | INFO  | PersistBlockTask | Imported empty block #547 / 0 tx / 0 om / 0 (0.0%) gas / (0x9c96d4c7c600a876800fdfd2f3ea8ee280707e94ffc46f7d21865aef774403e6) in 0.002s. Peers: 7
2026-03-25 14:05:33.009-0500 | EthScheduler-Workers-0 | INFO  | PersistBlockTask | Imported empty block #548 / 0 tx / 0 om / 0 (0.0%) gas / (0x4bfda375cd67744f101495e94c2ba5b3624b536949c5a8bdeca5e75ac1d4cf75) in 0.001s. Peers: 7
2026-03-25 14:05:38.016-0500 | EthScheduler-Workers-0 | INFO  | PersistBlockTask | Imported empty block #549 / 0 tx / 0 om / 0 (0.0%) gas / (0x3a4aff88dd61a7b3f47bc6f0e5c88979a70f49db95693e257b5e2a22ef3386d6) in 0.002s. Peers: 7
2026-03-25 14:05:43.012-0500 | EthScheduler-Workers-0 | INFO  | PersistBlockTask | Imported empty block #550 / 0 tx / 0 om / 0 (0.0%) gas / (0x9d0925e71778002b9da7b44ffe7f6e220c8455efa7ad6e2057f6cdcddb9eb4f5) in 0.002s. Peers: 7
2026-03-25 14:05:56.560-0500 | EthScheduler-Workers-0 | INFO  | PersistBlockTask | Imported empty block #551 / 0 tx / 0 om / 0 (0.0%) gas / (0x9d392b3ddb9630ea0ec8141db2c489111866cd47cac41c9333ba28142af67dac) in 0.003s. Peers: 7
2026-03-25 14:06:01.019-0500 | EthScheduler-Workers-0 | INFO  | PersistBlockTask | Imported empty block #552 / 0 tx / 0 om / 0 (0.0%) gas / (0x21725fad766d91d252f3d44746c0b9a522f87bbc31b2f06bbc8580b1898c2a21) in 0.002s. Peers: 7
2026-03-25 14:06:06.010-0500 | EthScheduler-Workers-0 | INFO  | PersistBlockTask | Imported empty block #553 / 0 tx / 0 om / 0 (0.0%) gas / (0x9a0b3dd23aa7b5bd8cc2cece1cf2500ab68d9ba08ac145812757e244fb2a74d3) in 0.002s. Peers: 7
2026-03-25 14:06:11.009-0500 | EthScheduler-Workers-0 | INFO  | PersistBlockTask | Imported empty block #554 / 0 tx / 0 om / 0 (0.0%) gas / (0xee41cc124eac2d3e64b0aaa0179ecdb06e566447b6278a143d81e7512645ec75) in 0.001s. Peers: 7
2026-03-25 14:06:16.012-0500 | EthScheduler-Workers-0 | INFO  | PersistBlockTask | Imported empty block #555 / 0 tx / 0 om / 0 (0.0%) gas / (0xf98a373515227b894fcf625002c1f60151843e392e90cdcb9dc78d3c19699ebc) in 0.001s. Peers: 7
2026-03-25 14:06:29.570-0500 | EthScheduler-Workers-0 | INFO  | PersistBlockTask | Imported empty block #556 / 0 tx / 0 om / 0 (0.0%) gas / (0xc9637e9e548afb28eb221321370d0f43db0a2c00bfe669181e950c6728876f56) in 0.002s. Peers: 7
2026-03-25 14:06:34.012-0500 | EthScheduler-Workers-0 | INFO  | PersistBlockTask | Imported empty block #557 / 0 tx / 0 om / 0 (0.0%) gas / (0xc8f12da599370331f55e665588137630f02aeb7e4d225d3ff4c7f17ced7a9258) in 0.002s. Peers: 7
2026-03-25 14:06:39.019-0500 | EthScheduler-Workers-0 | INFO  | PersistBlockTask | Imported empty block #558 / 0 tx / 0 om / 0 (0.0%) gas / (0x81c46a48829012a3bd45ee4c757c82694f9d838cc905259fc7ffb1f9e097f097) in 0.003s. Peers: 7
2026-03-25 14:06:44.010-0500 | EthScheduler-Workers-0 | INFO  | PersistBlockTask | Imported empty block #559 / 0 tx / 0 om / 0 (0.0%) gas / (0xac33c2b0d5687e472168b5ee1842468464c85458111a6c603abd99d0220ec784) in 0.002s. Peers: 7
2026-03-25 14:06:57.575-0500 | EthScheduler-Workers-0 | INFO  | PersistBlockTask | Imported empty block #560 / 0 tx / 0 om / 0 (0.0%) gas / (0xef199d05e74a4c5c6e5d0c0032cf26afe418e51c34f65c9998aa3379b0ce46aa) in 0.002s. Peers: 7
2026-03-25 14:07:02.017-0500 | EthScheduler-Workers-0 | INFO  | PersistBlockTask | Imported empty block #561 / 0 tx / 0 om / 0 (0.0%) gas / (0xb23b6b209ae53e557b9a167c18bf2f090d87f0932ab9a50f711251714c2e8640) in 0.002s. Peers: 7
2026-03-25 14:07:07.008-0500 | EthScheduler-Workers-0 | INFO  | PersistBlockTask | Imported empty block #562 / 0 tx / 0 om / 0 (0.0%) gas / (0x51b54233feb92c1480b20505639b6f47c05a9f5a266b58b556cb9ef91e732e73) in 0.002s. Peers: 7
2026-03-25 14:07:12.012-0500 | EthScheduler-Workers-0 | INFO  | PersistBlockTask | Imported empty block #563 / 0 tx / 0 om / 0 (0.0%) gas / (0xd59a8756e8c11b01c82660f15213a06ffd3aec3e95516e48f67c03e4e988008d) in 0.001s. Peers: 7
2026-03-25 14:07:17.011-0500 | EthScheduler-Workers-0 | INFO  | PersistBlockTask | Imported empty block #564 / 0 tx / 0 om / 0 (0.0%) gas / (0xeb31a530219a8b4d7f3acb921a9b58c335ccef17142353927787ab107112e666) in 0.002s. Peers: 7
2026-03-25 14:07:30.569-0500 | EthScheduler-Workers-0 | INFO  | PersistBlockTask | Imported empty block #565 / 0 tx / 0 om / 0 (0.0%) gas / (0x1e08ed09005823a932fe76974746d95b8989544fd1cf21c4e7a97ea3d9693ae3) in 0.004s. Peers: 7
2026-03-25 14:07:35.022-0500 | EthScheduler-Workers-0 | INFO  | PersistBlockTask | Imported empty block #566 / 0 tx / 0 om / 0 (0.0%) gas / (0x093266df3e4d7afe17605b39b3876137f64519b7d34b685198770e0a116c4580) in 0.002s. Peers: 7
2026-03-25 14:07:40.011-0500 | EthScheduler-Workers-0 | INFO  | PersistBlockTask | Imported empty block #567 / 0 tx / 0 om / 0 (0.0%) gas / (0xba2adc5e98b8763bb941b2f29f4588521e77647a1681215320fdd6e207eadb6a) in 0.002s. Peers: 7
2026-03-25 14:07:45.011-0500 | EthScheduler-Workers-0 | INFO  | PersistBlockTask | Imported empty block #568 / 0 tx / 0 om / 0 (0.0%) gas / (0xbca9db6a076a968418ad1ad86dff039b5e3a7ff33d1b1385db6d3fb126b7c5e8) in 0.002s. Peers: 7
2026-03-25 14:07:58.554-0500 | EthScheduler-Workers-0 | INFO  | PersistBlockTask | Imported empty block #569 / 0 tx / 0 om / 0 (0.0%) gas / (0x948396a9c76ebbf8214e04cc5e6196055c4a9722ffbc9ee7621453e4b6d9d551) in 0.002s. Peers: 7
2026-03-25 14:08:03.011-0500 | EthScheduler-Workers-0 | INFO  | PersistBlockTask | Imported empty block #570 / 0 tx / 0 om / 0 (0.0%) gas / (0xc23302f4d5c831386922b03f6c6c8e48d5b45da0a6c5203703314d88ab235867) in 0.003s. Peers: 7
2026-03-25 14:08:08.012-0500 | EthScheduler-Workers-0 | INFO  | PersistBlockTask | Imported empty block #571 / 0 tx / 0 om / 0 (0.0%) gas / (0x218ba864efb7610b705abf73339e63db691617b5b0b3fd950dff005cfa6629ba) in 0.002s. Peers: 7
2026-03-25 14:08:13.009-0500 | EthScheduler-Workers-0 | INFO  | PersistBlockTask | Imported empty block #572 / 0 tx / 0 om / 0 (0.0%) gas / (0x3894c5c738292e9eca685180931420842b038f810a5f84ffca867c54452b37c2) in 0.002s. Peers: 7
2026-03-25 14:08:18.016-0500 | EthScheduler-Workers-0 | INFO  | PersistBlockTask | Imported empty block #573 / 0 tx / 0 om / 0 (0.0%) gas / (0x3ce789ee61f619a32dc8ed0b026146350ee5aca9e801173f0e15eabf6a05edd3) in 0.004s. Peers: 7
2026-03-25 14:08:31.566-0500 | EthScheduler-Workers-0 | INFO  | PersistBlockTask | Imported empty block #574 / 0 tx / 0 om / 0 (0.0%) gas / (0x02e3c9df6cf46563a6920f69708d7c394f4affd66f3357579d52abc63e09a10b) in 0.002s. Peers: 7
2026-03-25 14:08:36.010-0500 | EthScheduler-Workers-0 | INFO  | PersistBlockTask | Imported empty block #575 / 0 tx / 0 om / 0 (0.0%) gas / (0x4dec48d29bfb92a6888604c915345607cfd84468d179cccd58260f2664bf3124) in 0.002s. Peers: 7
2026-03-25 14:08:41.011-0500 | EthScheduler-Workers-0 | INFO  | PersistBlockTask | Imported empty block #576 / 0 tx / 0 om / 0 (0.0%) gas / (0x6f7ece5d01368c8f36e4a969eeb51fda6bc5cae285059359790844d53ad560f4) in 0.002s. Peers: 7
2026-03-25 14:08:46.009-0500 | EthScheduler-Workers-0 | INFO  | PersistBlockTask | Imported empty block #577 / 0 tx / 0 om / 0 (0.0%) gas / (0x68863ba8500383c3e889056cccb1d737e5a9c6e47c1ac99558c90439055891ea) in 0.002s. Peers: 7
2026-03-25 14:08:59.571-0500 | EthScheduler-Workers-0 | INFO  | PersistBlockTask | Imported empty block #578 / 0 tx / 0 om / 0 (0.0%) gas / (0x42d8dae9c93e1cfbd0d85215ca2acc64810537360df3c237017768d146afb926) in 0.002s. Peers: 7
2026-03-25 14:09:04.018-0500 | EthScheduler-Workers-0 | INFO  | PersistBlockTask | Imported empty block #579 / 0 tx / 0 om / 0 (0.0%) gas / (0x74a911e15b1f56c1e110e352628657d108fc72d39b55429169f390aef15e240d) in 0.002s. Peers: 7
2026-03-25 14:09:09.016-0500 | EthScheduler-Workers-0 | INFO  | PersistBlockTask | Imported empty block #580 / 0 tx / 0 om / 0 (0.0%) gas / (0x789b11b84641c35e9b0a229b5e471b14b0dacfe6d286505961a4bbfd16768f8e) in 0.002s. Peers: 7
2026-03-25 14:09:14.009-0500 | EthScheduler-Workers-0 | INFO  | PersistBlockTask | Imported empty block #581 / 0 tx / 0 om / 0 (0.0%) gas / (0x633fc851cd55e28499826892302257ef11d12d8e17cc9ee71dd533a792133a96) in 0.001s. Peers: 7
2026-03-25 14:09:19.011-0500 | EthScheduler-Workers-0 | INFO  | PersistBlockTask | Imported empty block #582 / 0 tx / 0 om / 0 (0.0%) gas / (0x5310eb7a3afa6147d29d97b1fd268690631007468ab34c0f202a058f34fc7742) in 0.002s. Peers: 7
2026-03-25 14:09:32.569-0500 | EthScheduler-Workers-0 | INFO  | PersistBlockTask | Imported empty block #583 / 0 tx / 0 om / 0 (0.0%) gas / (0x290fe9d8ed0e2c9c3c3e7cb9f23ac8948a18ffc7b521bc29f40714fb4cfc213b) in 0.002s. Peers: 7
2026-03-25 14:09:37.014-0500 | EthScheduler-Workers-0 | INFO  | PersistBlockTask | Imported empty block #584 / 0 tx / 0 om / 0 (0.0%) gas / (0x3317316d9f4af61d56c3a056aa7f8622ecfa4748d55de7aba7ec7ea6981228bd) in 0.003s. Peers: 7
2026-03-25 14:09:42.010-0500 | EthScheduler-Workers-0 | INFO  | PersistBlockTask | Imported empty block #585 / 0 tx / 0 om / 0 (0.0%) gas / (0x6a688731b35b78111299aeaeb0a142732ac1482a01cb2c33bf6e1c3d7395df6b) in 0.002s. Peers: 7
2026-03-25 14:09:47.011-0500 | EthScheduler-Workers-0 | INFO  | PersistBlockTask | Imported empty block #586 / 0 tx / 0 om / 0 (0.0%) gas / (0x9b1755b1269a2301b02d11ecf9c0a4edb2e66367a1882d7402fcb8d2bf8a6d8c) in 0.002s. Peers: 7
2026-03-25 14:09:52.010-0500 | EthScheduler-Workers-0 | INFO  | PersistBlockTask | Imported empty block #587 / 0 tx / 0 om / 0 (0.0%) gas / (0xe86a780c53b49e47a974f8f02affba42c737713261a0629970e6c98b418fbf70) in 0.002s. Peers: 7
2026-03-25 14:10:05.577-0500 | EthScheduler-Workers-0 | INFO  | PersistBlockTask | Imported empty block #588 / 0 tx / 0 om / 0 (0.0%) gas / (0xfa34571a895d0f7f539d62bf4cf9775fcd6861dda2f2a256e7f43afd4baeda9f) in 0.002s. Peers: 7
2026-03-25 14:10:10.013-0500 | EthScheduler-Workers-0 | INFO  | PersistBlockTask | Imported empty block #589 / 0 tx / 0 om / 0 (0.0%) gas / (0x1b743fff4d1d1c29a6969554d9a9f8c0614a0153d1a3578028fa46a2752b0801) in 0.002s. Peers: 7
2026-03-25 14:10:15.021-0500 | EthScheduler-Workers-0 | INFO  | PersistBlockTask | Imported empty block #590 / 0 tx / 0 om / 0 (0.0%) gas / (0xeb045ba906284ef127db61f4c85f8ac722374cbe5921e577de95ce4f9e427c7c) in 0.002s. Peers: 7
2026-03-25 14:10:20.012-0500 | EthScheduler-Workers-0 | INFO  | PersistBlockTask | Imported empty block #591 / 0 tx / 0 om / 0 (0.0%) gas / (0x5102b00d61e1e2d320890e8c1972ed74a2bba0528765d0592fb38c8253780c0c) in 0.002s. Peers: 7
2026-03-25 14:10:33.549-0500 | EthScheduler-Workers-0 | INFO  | PersistBlockTask | Imported empty block #592 / 0 tx / 0 om / 0 (0.0%) gas / (0x825ce3e966374de33a1eae59661c6a683d100f8d3dd8eb611afcededc06d6ed2) in 0.002s. Peers: 7
2026-03-25 14:10:38.011-0500 | EthScheduler-Workers-0 | INFO  | PersistBlockTask | Imported empty block #593 / 0 tx / 0 om / 0 (0.0%) gas / (0x08dbbc1e15c7888b39e26fd2a2f48fd0acc28259c5941fbe4c30bff241011810) in 0.003s. Peers: 7
2026-03-25 14:10:43.014-0500 | EthScheduler-Workers-0 | INFO  | PersistBlockTask | Imported empty block #594 / 0 tx / 0 om / 0 (0.0%) gas / (0xed2014650b49c3d50250111d1d604507f96320d4d31b5ac34eb8fcfac9d7c9cf) in 0.003s. Peers: 7
2026-03-25 14:10:48.015-0500 | EthScheduler-Workers-0 | INFO  | PersistBlockTask | Imported empty block #595 / 0 tx / 0 om / 0 (0.0%) gas / (0xcd833547fba09229dc0787c561987efde86175c6f7396174360fce32739a9bb3) in 0.002s. Peers: 7
2026-03-25 14:10:53.015-0500 | EthScheduler-Workers-0 | INFO  | PersistBlockTask | Imported empty block #596 / 0 tx / 0 om / 0 (0.0%) gas / (0x5c9bee58be94ccb4f2156e1fea9bfa4bae86eebd87110b3e1490cec92e388396) in 0.002s. Peers: 7
2026-03-25 14:11:06.547-0500 | EthScheduler-Workers-0 | INFO  | PersistBlockTask | Imported empty block #597 / 0 tx / 0 om / 0 (0.0%) gas / (0xb5c15ae6fc7f5fd8678c381effee4f9075b48b78288a6e366f836a0551d708a7) in 0.002s. Peers: 7
2026-03-25 14:11:11.023-0500 | EthScheduler-Workers-0 | INFO  | PersistBlockTask | Imported empty block #598 / 0 tx / 0 om / 0 (0.0%) gas / (0x16d46e5dd4f98c61464cf1744d47b7b257064868d4f8d8632c5a86a98f88d125) in 0.001s. Peers: 7
2026-03-25 14:11:16.013-0500 | EthScheduler-Workers-0 | INFO  | PersistBlockTask | Imported empty block #599 / 0 tx / 0 om / 0 (0.0%) gas / (0x1014c9b8ee9eb6179587fe43b3125d4cd8f4a589aa7feaaf61aa14a1d93905e0) in 0.003s. Peers: 7
2026-03-25 14:11:21.012-0500 | EthScheduler-Workers-0 | INFO  | PersistBlockTask | Imported empty block #600 / 0 tx / 0 om / 0 (0.0%) gas / (0xfa69076ef590692da8882fa55649b0daa6b681b48a7a74670a109d3162ee3dd7) in 0.003s. Peers: 7
2026-03-25 14:11:34.565-0500 | EthScheduler-Workers-0 | INFO  | PersistBlockTask | Imported empty block #601 / 0 tx / 0 om / 0 (0.0%) gas / (0x2302889c19aa14683dea39abc482eb59703d2a07a14c5a9ad5635aa16252ab60) in 0.001s. Peers: 7
2026-03-25 14:11:39.011-0500 | EthScheduler-Workers-0 | INFO  | PersistBlockTask | Imported empty block #602 / 0 tx / 0 om / 0 (0.0%) gas / (0x3c1d69f016a97199ac0d1b2194021ae23b07bbb0d2432e50b8e8cc339c6f122a) in 0.002s. Peers: 7
2026-03-25 14:11:44.010-0500 | EthScheduler-Workers-0 | INFO  | PersistBlockTask | Imported empty block #603 / 0 tx / 0 om / 0 (0.0%) gas / (0xa26b524fccabe9f9cd55a334a4f098a735f71a2418aeeae3a0459900b7c13430) in 0.001s. Peers: 7
2026-03-25 14:11:49.011-0500 | EthScheduler-Workers-0 | INFO  | PersistBlockTask | Imported empty block #604 / 0 tx / 0 om / 0 (0.0%) gas / (0xa9b35e1e9b644987121b032cb54eda247fd9ee64c2242f7a3d7cd4d58598d0ef) in 0.001s. Peers: 7
2026-03-25 14:11:54.015-0500 | EthScheduler-Workers-0 | INFO  | PersistBlockTask | Imported empty block #605 / 0 tx / 0 om / 0 (0.0%) gas / (0x96c113ef0dafa8ba2050f8c8d70eb6286298d944f0c264ba6124fa3c2d234100) in 0.003s. Peers: 7
2026-03-25 14:12:07.569-0500 | EthScheduler-Workers-0 | INFO  | PersistBlockTask | Imported empty block #606 / 0 tx / 0 om / 0 (0.0%) gas / (0x864892e9a48967d30f5cad25e0904972553ef0ee69e8b511d67a52e134a57650) in 0.002s. Peers: 7
2026-03-25 14:12:12.009-0500 | EthScheduler-Workers-0 | INFO  | PersistBlockTask | Imported empty block #607 / 0 tx / 0 om / 0 (0.0%) gas / (0xb9dc7f7a8e1e1ef03b38499de6b2b0cde23e62d98694b06f9e2c2ba491c73757) in 0.002s. Peers: 7
2026-03-25 14:12:17.015-0500 | EthScheduler-Workers-0 | INFO  | PersistBlockTask | Imported empty block #608 / 0 tx / 0 om / 0 (0.0%) gas / (0xcacca6edd0b9b9261a78b0f4b1c066f6ad2705c53cb04927f5300d87874b2b27) in 0.002s. Peers: 7
2026-03-25 14:12:22.012-0500 | EthScheduler-Workers-0 | INFO  | PersistBlockTask | Imported empty block #609 / 0 tx / 0 om / 0 (0.0%) gas / (0x6aebc2a267dfbdedf0d6ad762de98dbbad4ec354923f49b0c405685c2846bb09) in 0.002s. Peers: 7
2026-03-25 14:12:35.567-0500 | EthScheduler-Workers-0 | INFO  | PersistBlockTask | Imported empty block #610 / 0 tx / 0 om / 0 (0.0%) gas / (0x55de35e33122892b664776d3dc9180b1cc7c28921bef0cea69cc75837b4b84a8) in 0.003s. Peers: 7
2026-03-25 14:12:40.016-0500 | EthScheduler-Workers-0 | INFO  | PersistBlockTask | Imported empty block #611 / 0 tx / 0 om / 0 (0.0%) gas / (0x370eb18c52210ad06405fa7c1f6612a2132fa526ca735d12468270237694e777) in 0.002s. Peers: 7
2026-03-25 14:12:45.015-0500 | EthScheduler-Workers-0 | INFO  | PersistBlockTask | Imported empty block #612 / 0 tx / 0 om / 0 (0.0%) gas / (0x14a85fa594686d443bd114002a5d2aa1ef618c4e170981d8f4f01e7677d925f8) in 0.003s. Peers: 7
2026-03-25 14:12:50.027-0500 | EthScheduler-Workers-0 | INFO  | PersistBlockTask | Imported empty block #613 / 0 tx / 0 om / 0 (0.0%) gas / (0xfe0bcf873c349c59c6bfef21e1937810882461ef65a5cfd8c426408b424e6a72) in 0.002s. Peers: 7
2026-03-25 14:12:55.012-0500 | EthScheduler-Workers-0 | INFO  | PersistBlockTask | Imported empty block #614 / 0 tx / 0 om / 0 (0.0%) gas / (0x0877a923d41cada9184e6845e9119bbeb6904452221ae38f85ae659fcb000b68) in 0.003s. Peers: 7
2026-03-25 14:13:08.577-0500 | EthScheduler-Workers-0 | INFO  | PersistBlockTask | Imported empty block #615 / 0 tx / 0 om / 0 (0.0%) gas / (0x67445360c790b6bb086871606e57ae9c74a54ba498a17f77529398dd7c9720a4) in 0.002s. Peers: 7
2026-03-25 14:13:13.012-0500 | EthScheduler-Workers-0 | INFO  | PersistBlockTask | Imported empty block #616 / 0 tx / 0 om / 0 (0.0%) gas / (0x88ee4c7020d842407a7766b59af1a4b3131bdc608beddc4a27c19e9b6908f464) in 0.002s. Peers: 7
2026-03-25 14:13:18.017-0500 | EthScheduler-Workers-0 | INFO  | PersistBlockTask | Imported empty block #617 / 0 tx / 0 om / 0 (0.0%) gas / (0x756b5f92b4ec5f352267d742ac15b38d3486a80943eaff8e0d891a889e1dda2f) in 0.002s. Peers: 7
2026-03-25 14:13:23.011-0500 | EthScheduler-Workers-0 | INFO  | PersistBlockTask | Imported empty block #618 / 0 tx / 0 om / 0 (0.0%) gas / (0x22370c5e5f06f443388bfb04620c986fb290b756ddb1037b94153a247881d16f) in 0.002s. Peers: 7
2026-03-25 14:13:28.010-0500 | EthScheduler-Workers-0 | INFO  | PersistBlockTask | Imported empty block #619 / 0 tx / 0 om / 0 (0.0%) gas / (0x51c9f4ddc9681b3d444879fa7a939c708305ed38820f09c239899e8a0cab3a2b) in 0.001s. Peers: 7
2026-03-25 14:13:41.550-0500 | EthScheduler-Workers-0 | INFO  | PersistBlockTask | Imported empty block #620 / 0 tx / 0 om / 0 (0.0%) gas / (0x543f1c46cb14eafcd2b0494f09a214d37a3c8c2ecade3e68b6fdea4b89abae73) in 0.003s. Peers: 7
2026-03-25 14:13:46.020-0500 | EthScheduler-Workers-0 | INFO  | PersistBlockTask | Imported empty block #621 / 0 tx / 0 om / 0 (0.0%) gas / (0xeb7f031cf70acddcba57eeea8d3d0925fc739ed0ac1b5606a9f22defead8d7f6) in 0.005s. Peers: 7
2026-03-25 14:13:51.011-0500 | EthScheduler-Workers-0 | INFO  | PersistBlockTask | Imported empty block #622 / 0 tx / 0 om / 0 (0.0%) gas / (0x6deea021aaf2f14fd528caa138732bcfe5264eb39c99b8bef7bb0ec252af9a07) in 0.002s. Peers: 7
2026-03-25 14:13:56.013-0500 | EthScheduler-Workers-0 | INFO  | PersistBlockTask | Imported empty block #623 / 0 tx / 0 om / 0 (0.0%) gas / (0x35e3abc1aff2338845ee9b898fa9dd433618cf02b1089ba34898964a736a8072) in 0.002s. Peers: 7
2026-03-25 14:14:09.541-0500 | EthScheduler-Workers-0 | INFO  | PersistBlockTask | Imported empty block #624 / 0 tx / 0 om / 0 (0.0%) gas / (0xdec1a3ec17279a3107f8a976f637c8f71c99f18bdb028438c638c3e82f072588) in 0.003s. Peers: 7
2026-03-25 14:14:14.008-0500 | EthScheduler-Workers-0 | INFO  | PersistBlockTask | Imported empty block #625 / 0 tx / 0 om / 0 (0.0%) gas / (0x43a2084e8911ee82baf3a9416180eaae2e4ec8f0d71a030a15e75d16dd64d709) in 0.002s. Peers: 7
2026-03-25 14:14:19.013-0500 | EthScheduler-Workers-0 | INFO  | PersistBlockTask | Imported empty block #626 / 0 tx / 0 om / 0 (0.0%) gas / (0x9ea251cb1884726044c74434111b961f1e5241115b872ac1079700b09eab57ce) in 0.002s. Peers: 7
2026-03-25 14:14:24.009-0500 | EthScheduler-Workers-0 | INFO  | PersistBlockTask | Imported empty block #627 / 0 tx / 0 om / 0 (0.0%) gas / (0x0f8e00d29a15c8ea936bd8e73c5138ea28a3f97d70e9de3470925b19c7f59ee9) in 0.002s. Peers: 7
2026-03-25 14:14:29.012-0500 | EthScheduler-Workers-0 | INFO  | PersistBlockTask | Imported empty block #628 / 0 tx / 0 om / 0 (0.0%) gas / (0x883e64d239f92250e8c1b30ef88b4bb7b4fa63b7d3c0674fd01b4dc1783e3698) in 0.002s. Peers: 7
2026-03-25 14:14:42.568-0500 | EthScheduler-Workers-0 | INFO  | PersistBlockTask | Imported empty block #629 / 0 tx / 0 om / 0 (0.0%) gas / (0xa0111e4672aabcba889aa809d38b2ac82db76562fc5bbd318923f88476b392fa) in 0.002s. Peers: 7
2026-03-25 14:14:47.014-0500 | EthScheduler-Workers-0 | INFO  | PersistBlockTask | Imported empty block #630 / 0 tx / 0 om / 0 (0.0%) gas / (0xb12546d459a9ef9e88d6d8a1b59b3f4dab474e5ac49e45a44a90db2de123e452) in 0.003s. Peers: 7
2026-03-25 14:14:52.013-0500 | EthScheduler-Workers-0 | INFO  | PersistBlockTask | Imported empty block #631 / 0 tx / 0 om / 0 (0.0%) gas / (0xd6bc39e8a7f4573023c73cb2da7165233e4f02faec7a0abfac8de1b018df1026) in 0.001s. Peers: 7
2026-03-25 14:14:57.017-0500 | EthScheduler-Workers-0 | INFO  | PersistBlockTask | Imported empty block #632 / 0 tx / 0 om / 0 (0.0%) gas / (0xdaaea04c4d5723c0e0823fe7f21c4a28133106484097689e5f9beda50ea91326) in 0.003s. Peers: 7
2026-03-25 14:15:10.569-0500 | EthScheduler-Workers-0 | INFO  | PersistBlockTask | Imported empty block #633 / 0 tx / 0 om / 0 (0.0%) gas / (0x96e0d94e754329fba0261a127ce3c11d0069796619f17c7fac09203dcc756f73) in 0.002s. Peers: 7
2026-03-25 14:15:15.017-0500 | EthScheduler-Workers-0 | INFO  | PersistBlockTask | Imported empty block #634 / 0 tx / 0 om / 0 (0.0%) gas / (0x3c0d1d1b811c68c0454c092bcab19c014281814d2384f9c09d67b0cb659563da) in 0.002s. Peers: 7
2026-03-25 14:15:20.014-0500 | EthScheduler-Workers-0 | INFO  | PersistBlockTask | Imported empty block #635 / 0 tx / 0 om / 0 (0.0%) gas / (0xa27c0b04bfb88546d27b34e52f11823772a3888388eab0c305ec544bb7b1118d) in 0.001s. Peers: 7
2026-03-25 14:15:25.011-0500 | EthScheduler-Workers-0 | INFO  | PersistBlockTask | Imported empty block #636 / 0 tx / 0 om / 0 (0.0%) gas / (0x93e4796020dfabc816927d85cfb0690025688f228afe562f4538c9167e3bed73) in 0.002s. Peers: 7
2026-03-25 14:15:30.009-0500 | EthScheduler-Workers-0 | INFO  | PersistBlockTask | Imported empty block #637 / 0 tx / 0 om / 0 (0.0%) gas / (0xd666c01237afe77ccc1627c84b93a949a9cd3426317822ef16dee77d4a37a7a6) in 0.002s. Peers: 7
2026-03-25 14:15:43.573-0500 | EthScheduler-Workers-0 | INFO  | PersistBlockTask | Imported empty block #638 / 0 tx / 0 om / 0 (0.0%) gas / (0x19e7243138fba6b93e9d747a888ff60c84ddac505be151f4210d3dbc0a7b052e) in 0.002s. Peers: 7
2026-03-25 14:15:48.008-0500 | EthScheduler-Workers-0 | INFO  | PersistBlockTask | Imported empty block #639 / 0 tx / 0 om / 0 (0.0%) gas / (0x66389891f6fc2fcad89f52679d028d60a2afd75be60f0b2e532fdd97d6a326bd) in 0.002s. Peers: 7
2026-03-25 14:15:53.022-0500 | EthScheduler-Workers-0 | INFO  | PersistBlockTask | Imported empty block #640 / 0 tx / 0 om / 0 (0.0%) gas / (0x9c5c60360e62c1c01b0dbd0e57f47287e9f3147f50ed75c2bb4e8d58274ab16e) in 0.003s. Peers: 7
2026-03-25 14:15:58.022-0500 | EthScheduler-Workers-0 | INFO  | PersistBlockTask | Imported empty block #641 / 0 tx / 0 om / 0 (0.0%) gas / (0x03e8ed35347025830dfa470baa741f8ac024ce579d99a5c9949f3345fc6aaacc) in 0.003s. Peers: 7
2026-03-25 14:16:11.574-0500 | EthScheduler-Workers-0 | INFO  | PersistBlockTask | Imported empty block #642 / 0 tx / 0 om / 0 (0.0%) gas / (0x2cec7687559050ff11b649251fd83a48157f20940e76be9627db1e6fe302651b) in 0.001s. Peers: 7
2026-03-25 14:16:16.018-0500 | EthScheduler-Workers-0 | INFO  | PersistBlockTask | Imported empty block #643 / 0 tx / 0 om / 0 (0.0%) gas / (0x3bcd04c5a879e66d9e23296f4546e4ee61914ef9fc021f84250f1d5932efd552) in 0.003s. Peers: 7
2026-03-25 14:16:21.013-0500 | EthScheduler-Workers-0 | INFO  | PersistBlockTask | Imported empty block #644 / 0 tx / 0 om / 0 (0.0%) gas / (0x8225d2ce2bf8805b65cab3e3ef29561c1a17ef5e781c29dceb1f63020b211725) in 0.002s. Peers: 7
2026-03-25 14:16:26.011-0500 | EthScheduler-Workers-0 | INFO  | PersistBlockTask | Imported empty block #645 / 0 tx / 0 om / 0 (0.0%) gas / (0x73896965c17e4b2915c5e0bc3a2fb275499e662176b79e11df833f1d75c2b727) in 0.001s. Peers: 7
2026-03-25 14:16:31.010-0500 | EthScheduler-Workers-0 | INFO  | PersistBlockTask | Imported empty block #646 / 0 tx / 0 om / 0 (0.0%) gas / (0x6c96d31a6697dd54a1261a3e3fb1fe73be4f0e929af3f07c16b9b4e6c3708d71) in 0.002s. Peers: 7
2026-03-25 14:16:44.556-0500 | EthScheduler-Workers-0 | INFO  | PersistBlockTask | Imported empty block #647 / 0 tx / 0 om / 0 (0.0%) gas / (0x26bb403b88f074d604bc3392e12c44a14b3295f9594541c9a63e01720ac05274) in 0.002s. Peers: 7
2026-03-25 14:16:49.009-0500 | EthScheduler-Workers-0 | INFO  | PersistBlockTask | Imported empty block #648 / 0 tx / 0 om / 0 (0.0%) gas / (0xd6df1b12c2692b7500da4af0f0029083ff23c7a10ae51f14b1e63e1631b6edfe) in 0.002s. Peers: 7
2026-03-25 14:16:54.010-0500 | EthScheduler-Workers-0 | INFO  | PersistBlockTask | Imported empty block #649 / 0 tx / 0 om / 0 (0.0%) gas / (0x75740734420b38b3e16ef6568d72384c294673ff89b11e99a364400057ee9086) in 0.001s. Peers: 7
2026-03-25 14:16:59.012-0500 | EthScheduler-Workers-0 | INFO  | PersistBlockTask | Imported empty block #650 / 0 tx / 0 om / 0 (0.0%) gas / (0xf3cc539a2ae650cf725cecc00a2dd6f72bd5fd9305aebd7ba0ca4f23d477e234) in 0.003s. Peers: 7
2026-03-25 14:17:12.541-0500 | EthScheduler-Workers-0 | INFO  | PersistBlockTask | Imported empty block #651 / 0 tx / 0 om / 0 (0.0%) gas / (0x45335cf7438c72d59e8cd80dbb45708f6e6a917bee41026a86ed796578faa0e0) in 0.002s. Peers: 7
2026-03-25 14:17:17.010-0500 | EthScheduler-Workers-0 | INFO  | PersistBlockTask | Imported empty block #652 / 0 tx / 0 om / 0 (0.0%) gas / (0x583f1eaa585dcdebd6a9902b70469497a7552467950a7d6839c8031f8394386b) in 0.001s. Peers: 7
2026-03-25 14:17:22.025-0500 | EthScheduler-Workers-0 | INFO  | PersistBlockTask | Imported empty block #653 / 0 tx / 0 om / 0 (0.0%) gas / (0x83a96119aa987b30307523674069387e3bf310d7de1a2a1d56da65c93ffe171d) in 0.002s. Peers: 7
2026-03-25 14:17:27.014-0500 | EthScheduler-Workers-0 | INFO  | PersistBlockTask | Imported empty block #654 / 0 tx / 0 om / 0 (0.0%) gas / (0xa72840c6b7950b9fe43d15cf5828fbfedb163cf885101893fa1660fa84bdbfde) in 0.001s. Peers: 7
2026-03-25 14:17:32.013-0500 | EthScheduler-Workers-0 | INFO  | PersistBlockTask | Imported empty block #655 / 0 tx / 0 om / 0 (0.0%) gas / (0x4ac61013b8a37e4c48711d13a2a540922c7016badce0e890c9cd35b11642b9bd) in 0.003s. Peers: 7
2026-03-25 14:17:45.574-0500 | EthScheduler-Workers-0 | INFO  | PersistBlockTask | Imported empty block #656 / 0 tx / 0 om / 0 (0.0%) gas / (0xe6ed0edba0025cf44a48340076ecebbdc3c4927829b4a0c2a2c531578ebcf5d8) in 0.003s. Peers: 7
2026-03-25 14:17:50.008-0500 | EthScheduler-Workers-0 | INFO  | PersistBlockTask | Imported empty block #657 / 0 tx / 0 om / 0 (0.0%) gas / (0x53e8133848665f711d73ac86b42bf71f03216286af8386fc6343caf6505f2d02) in 0.001s. Peers: 7
2026-03-25 14:17:55.018-0500 | EthScheduler-Workers-0 | INFO  | PersistBlockTask | Imported empty block #658 / 0 tx / 0 om / 0 (0.0%) gas / (0x14ee855d3b8e677af778f13321f58bddb0d1b6993ba5ace32ca16ed7c768c398) in 0.002s. Peers: 7
2026-03-25 14:18:00.015-0500 | EthScheduler-Workers-0 | INFO  | PersistBlockTask | Imported empty block #659 / 0 tx / 0 om / 0 (0.0%) gas / (0xe04238d14372ff9608f0219a54ef75b473c7cc658158934d2dff96cbcbe685d6) in 0.002s. Peers: 7
2026-03-25 14:18:05.016-0500 | EthScheduler-Workers-0 | INFO  | PersistBlockTask | Imported empty block #660 / 0 tx / 0 om / 0 (0.0%) gas / (0x0b40679b6b2e314cc8f800a2d25f782a99015e6febbd1c5958e2fd13d7926e0b) in 0.002s. Peers: 7
2026-03-25 14:18:18.565-0500 | EthScheduler-Workers-0 | INFO  | PersistBlockTask | Imported empty block #661 / 0 tx / 0 om / 0 (0.0%) gas / (0x9713af6f8f9ff273eb2eb37ee5e21d946abcc7f9f003f88d578f7f3adc81ed4c) in 0.003s. Peers: 7
2026-03-25 14:18:23.015-0500 | EthScheduler-Workers-0 | INFO  | PersistBlockTask | Imported empty block #662 / 0 tx / 0 om / 0 (0.0%) gas / (0x62397254482d419aa281a3a50b4d7f5a5e60c9cf6e62b0c2aeaa21e47cc17f35) in 0.002s. Peers: 7
2026-03-25 14:18:28.009-0500 | EthScheduler-Workers-0 | INFO  | PersistBlockTask | Imported empty block #663 / 0 tx / 0 om / 0 (0.0%) gas / (0x438ff221be7d33171e58ee0da1297961a912f5b63f1fb07d6d9fb8685f590ec7) in 0.001s. Peers: 7
2026-03-25 14:18:33.011-0500 | EthScheduler-Workers-0 | INFO  | PersistBlockTask | Imported empty block #664 / 0 tx / 0 om / 0 (0.0%) gas / (0xb2e0d19f41c87260f03d1fa4ce2105a2f617094955015b880b716868f0365373) in 0.001s. Peers: 7
2026-03-25 14:18:46.566-0500 | EthScheduler-Workers-0 | INFO  | PersistBlockTask | Imported empty block #665 / 0 tx / 0 om / 0 (0.0%) gas / (0x514a1c7d2b2dd64182b258a83d2fe55bba20333678ca04f2bf5579cfbca58bf9) in 0.002s. Peers: 7
2026-03-25 14:18:51.008-0500 | EthScheduler-Workers-0 | INFO  | PersistBlockTask | Imported empty block #666 / 0 tx / 0 om / 0 (0.0%) gas / (0x6148b1fec6214397627de067ec257453e3fcf89aa09e9b87272715a2b805d3d4) in 0.001s. Peers: 7
2026-03-25 14:18:56.011-0500 | EthScheduler-Workers-0 | INFO  | PersistBlockTask | Imported empty block #667 / 0 tx / 0 om / 0 (0.0%) gas / (0x672f5512666721eb7316a34d380acbe068e5f965c304df5caaa85f2623dce546) in 0.003s. Peers: 7
2026-03-25 14:19:01.016-0500 | EthScheduler-Workers-0 | INFO  | PersistBlockTask | Imported empty block #668 / 0 tx / 0 om / 0 (0.0%) gas / (0xed2a49ce72ea5daf199d18e61009fb95837c7dbf68db31e06834c6451a8dd0f5) in 0.001s. Peers: 7
2026-03-25 14:19:06.011-0500 | EthScheduler-Workers-0 | INFO  | PersistBlockTask | Imported empty block #669 / 0 tx / 0 om / 0 (0.0%) gas / (0xc9b0c047fcee578f97981e27fac93ca05b976d920164fd9cd443035530fb0896) in 0.001s. Peers: 7
2026-03-25 14:19:19.552-0500 | EthScheduler-Workers-0 | INFO  | PersistBlockTask | Imported empty block #670 / 0 tx / 0 om / 0 (0.0%) gas / (0xb8981b8677a33669526391c5f6307ca479001df0dbe293ff7b7e815f23b87883) in 0.003s. Peers: 7
2026-03-25 14:19:24.017-0500 | EthScheduler-Workers-0 | INFO  | PersistBlockTask | Imported empty block #671 / 0 tx / 0 om / 0 (0.0%) gas / (0xdb7c3895e4da316f2b2384c64f8503f310eae7c669ccbb4be9884565f66446eb) in 0.002s. Peers: 7
2026-03-25 14:19:29.011-0500 | EthScheduler-Workers-0 | INFO  | PersistBlockTask | Imported empty block #672 / 0 tx / 0 om / 0 (0.0%) gas / (0x558321d6d996e379b8097ade8fb3986ba30d7212a62cc864bc277316bbc9f154) in 0.003s. Peers: 7
2026-03-25 14:19:34.014-0500 | EthScheduler-Workers-0 | INFO  | PersistBlockTask | Imported empty block #673 / 0 tx / 0 om / 0 (0.0%) gas / (0xe3c887e427c59accde296c8f7db8b51ba3e92e2a244de8d2f74580bf6cee90a2) in 0.002s. Peers: 7
2026-03-25 14:19:47.502-0500 | EthScheduler-Workers-0 | INFO  | PersistBlockTask | Imported empty block #674 / 0 tx / 0 om / 0 (0.0%) gas / (0xd36f00b953e0e28e92704e6e7a8aea3676f63eb6c7ea8064c7ceadc9ff13fd9e) in 0.002s. Peers: 7
2026-03-25 14:19:52.017-0500 | EthScheduler-Workers-0 | INFO  | PersistBlockTask | Imported empty block #675 / 0 tx / 0 om / 0 (0.0%) gas / (0x13b5745f2ba998396ce46c22139c2297ae956bf95eedfa1f32184f9f0f8117a7) in 0.003s. Peers: 7
2026-03-25 14:19:57.021-0500 | EthScheduler-Workers-0 | INFO  | PersistBlockTask | Imported empty block #676 / 0 tx / 0 om / 0 (0.0%) gas / (0xba004c0b1a2cb6e79087e72a87c6d951ff45064ca7d84bc0872c95b7dabc27b1) in 0.001s. Peers: 7
2026-03-25 14:20:02.010-0500 | EthScheduler-Workers-0 | INFO  | PersistBlockTask | Imported empty block #677 / 0 tx / 0 om / 0 (0.0%) gas / (0x62f8126de81ce017f9364a5f0b5e7e45ff09a74686eaef1d4aeb7ba10be795b5) in 0.002s. Peers: 7
2026-03-25 14:20:07.009-0500 | EthScheduler-Workers-0 | INFO  | PersistBlockTask | Imported empty block #678 / 0 tx / 0 om / 0 (0.0%) gas / (0x41275f6a9c7fd09fb6e9b8c0d1e58725b22ac5acaec2a44a640da438a5847310) in 0.001s. Peers: 7
2026-03-25 14:20:20.640-0500 | EthScheduler-Workers-0 | INFO  | PersistBlockTask | Imported empty block #679 / 0 tx / 0 om / 0 (0.0%) gas / (0x09188bc2c44767ab5163d7e6fa8c90f66019a9a5aff7c3901d4d910599338f87) in 0.003s. Peers: 7
2026-03-25 14:20:25.017-0500 | EthScheduler-Workers-0 | INFO  | PersistBlockTask | Imported empty block #680 / 0 tx / 0 om / 0 (0.0%) gas / (0x8e49e68be4bc40af5111eae67adcaf21fd2d89ff2b0b3bf1744c5becc44cd87d) in 0.002s. Peers: 7
2026-03-25 14:20:30.014-0500 | EthScheduler-Workers-0 | INFO  | PersistBlockTask | Imported empty block #681 / 0 tx / 0 om / 0 (0.0%) gas / (0x69cec00ee504a8ae40e776e229a50cddde215989eb06a8fe005ad466c1afeb65) in 0.002s. Peers: 7
2026-03-25 14:20:35.025-0500 | EthScheduler-Workers-0 | INFO  | PersistBlockTask | Imported empty block #682 / 0 tx / 0 om / 0 (0.0%) gas / (0x2b1c7169f95cb07b3a3dfd8fa4a630d5fd2a099a32367b616476306b9c049dcc) in 0.003s. Peers: 7
2026-03-25 14:20:48.584-0500 | EthScheduler-Workers-0 | INFO  | PersistBlockTask | Imported empty block #683 / 0 tx / 0 om / 0 (0.0%) gas / (0xbf03a5d32f81b2f33e1d7e4e2b46ba60bc8fb6c8edc68be2ca079e315aaeee05) in 0.002s. Peers: 7
2026-03-25 14:20:53.010-0500 | EthScheduler-Workers-0 | INFO  | PersistBlockTask | Imported empty block #684 / 0 tx / 0 om / 0 (0.0%) gas / (0xe8ca2778b68d5554d592141268a1d34ddd55941621ae1b2d77a9dba001d50f95) in 0.002s. Peers: 7
2026-03-25 14:20:58.016-0500 | EthScheduler-Workers-0 | INFO  | PersistBlockTask | Imported empty block #685 / 0 tx / 0 om / 0 (0.0%) gas / (0x980754e3c7dbd4c8692b47bf604c9f7c748b47ed060255c149228a29cb9279fc) in 0.002s. Peers: 7
2026-03-25 14:21:03.015-0500 | EthScheduler-Workers-0 | INFO  | PersistBlockTask | Imported empty block #686 / 0 tx / 0 om / 0 (0.0%) gas / (0x706723aa5c5ea9b621825eaa4ef9b76a2fadc284b2583dd6b490a8883b4ef94a) in 0.001s. Peers: 7
2026-03-25 14:21:08.012-0500 | EthScheduler-Workers-0 | INFO  | PersistBlockTask | Imported empty block #687 / 0 tx / 0 om / 0 (0.0%) gas / (0xe4dd4b7867454d7eeb2048bb6ad992004affeb22eef1b1e69fa115891b7a96ca) in 0.001s. Peers: 7
2026-03-25 14:21:21.567-0500 | EthScheduler-Workers-0 | INFO  | PersistBlockTask | Imported empty block #688 / 0 tx / 0 om / 0 (0.0%) gas / (0x7332eedd2685986a2361c8d9314fc8920e268417c34700b34044be47e1a0957a) in 0.003s. Peers: 7
2026-03-25 14:21:26.009-0500 | EthScheduler-Workers-0 | INFO  | PersistBlockTask | Imported empty block #689 / 0 tx / 0 om / 0 (0.0%) gas / (0xba5359f002971358f5cd293c81c8b8f32985b2e460dfead7213a7fd35149cf91) in 0.001s. Peers: 7
2026-03-25 14:21:31.015-0500 | EthScheduler-Workers-0 | INFO  | PersistBlockTask | Imported empty block #690 / 0 tx / 0 om / 0 (0.0%) gas / (0x24d432a6ae069653270e054729f40838c4f4f67730b56d6acf54a88c8dbf32da) in 0.001s. Peers: 7
2026-03-25 14:21:36.009-0500 | EthScheduler-Workers-0 | INFO  | PersistBlockTask | Imported empty block #691 / 0 tx / 0 om / 0 (0.0%) gas / (0xeeb7b4829207b45fab2f2fd53cc3ca61e532bdd439d67a177be1797ada047464) in 0.002s. Peers: 7
2026-03-25 14:21:49.573-0500 | EthScheduler-Workers-0 | INFO  | PersistBlockTask | Imported empty block #692 / 0 tx / 0 om / 0 (0.0%) gas / (0x72de8f35ef475a444cf93fd8b5ae06c08293a60cffe4657612ec36c88a8a48b9) in 0.003s. Peers: 7
2026-03-25 14:21:54.010-0500 | EthScheduler-Workers-0 | INFO  | PersistBlockTask | Imported empty block #693 / 0 tx / 0 om / 0 (0.0%) gas / (0x140678466049e6c89d29e54a1b8df322069c529b03eb2f3f784a1838c862478d) in 0.002s. Peers: 7
2026-03-25 14:21:59.010-0500 | EthScheduler-Workers-0 | INFO  | PersistBlockTask | Imported empty block #694 / 0 tx / 0 om / 0 (0.0%) gas / (0x6f1c0a35777b05018f0adef0e630a17a5cb1fc97a7859d37e9cc2eaecbdd1fb1) in 0.002s. Peers: 7
2026-03-25 14:22:04.010-0500 | EthScheduler-Workers-0 | INFO  | PersistBlockTask | Imported empty block #695 / 0 tx / 0 om / 0 (0.0%) gas / (0x7d68b428e83a96b0a91c94c4dbc7dcb180da2c7691f8569834db19ccbcc3c40a) in 0.002s. Peers: 7
2026-03-25 14:22:09.013-0500 | EthScheduler-Workers-0 | INFO  | PersistBlockTask | Imported empty block #696 / 0 tx / 0 om / 0 (0.0%) gas / (0x0b2dbee4f58e11e6b17c9519818d3dff906f70d0526e5a6c0c0a70a5296c1f86) in 0.004s. Peers: 7
2026-03-25 14:22:22.569-0500 | EthScheduler-Workers-0 | INFO  | PersistBlockTask | Imported empty block #697 / 0 tx / 0 om / 0 (0.0%) gas / (0x1a3703c91a0832bf6897d6dd298cc633e1f277fc264dabfbca29e1a4238c9d1d) in 0.003s. Peers: 7
2026-03-25 14:22:27.013-0500 | EthScheduler-Workers-0 | INFO  | PersistBlockTask | Imported empty block #698 / 0 tx / 0 om / 0 (0.0%) gas / (0xb85f87b3d9ed1d099dd81998a2332f43942c670a9b9301d1430708bcab07d87f) in 0.002s. Peers: 7
2026-03-25 14:22:32.016-0500 | EthScheduler-Workers-0 | INFO  | PersistBlockTask | Imported empty block #699 / 0 tx / 0 om / 0 (0.0%) gas / (0x4085541aadf3e63dd96716f7ac748a593671190856fd646f168de44017982b55) in 0.001s. Peers: 7
2026-03-25 14:22:37.012-0500 | EthScheduler-Workers-0 | INFO  | PersistBlockTask | Imported empty block #700 / 0 tx / 0 om / 0 (0.0%) gas / (0x07d1d678eeb7fe2511a9dca159ae68f9217e6703ee85c5f2b1eaa614331fab0c) in 0.002s. Peers: 7
2026-03-25 14:22:42.017-0500 | EthScheduler-Workers-0 | INFO  | PersistBlockTask | Imported empty block #701 / 0 tx / 0 om / 0 (0.0%) gas / (0xd8fcb83362a3b27d118bec748daab4878c8673b17541b4781295bed2972318b2) in 0.002s. Peers: 7
2026-03-25 14:22:55.524-0500 | EthScheduler-Workers-0 | INFO  | PersistBlockTask | Imported empty block #702 / 0 tx / 0 om / 0 (0.0%) gas / (0x126ba7072b7e58cd197568f1f8b4ac9ff6a74c382f301c133942ac89a767205c) in 0.003s. Peers: 7
2026-03-25 14:23:00.020-0500 | EthScheduler-Workers-0 | INFO  | PersistBlockTask | Imported empty block #703 / 0 tx / 0 om / 0 (0.0%) gas / (0x1fb6bd05e675297c041c6aebe0bbca1e864d80e7665f56ed1fbbf69f093c0a40) in 0.002s. Peers: 7
2026-03-25 14:23:05.010-0500 | EthScheduler-Workers-0 | INFO  | PersistBlockTask | Imported empty block #704 / 0 tx / 0 om / 0 (0.0%) gas / (0xeb3b452eb3aff9f692b2552af6c200cce54b47e52e89989e92c1bbe3e7c819c2) in 0.002s. Peers: 7
2026-03-25 14:23:10.013-0500 | EthScheduler-Workers-0 | INFO  | PersistBlockTask | Imported empty block #705 / 0 tx / 0 om / 0 (0.0%) gas / (0xc53a69eae98e6cab538498f3f6f9a6f70ac172c04996c1cd96f654438735db84) in 0.002s. Peers: 7
2026-03-25 14:23:23.582-0500 | EthScheduler-Workers-0 | INFO  | PersistBlockTask | Imported empty block #706 / 0 tx / 0 om / 0 (0.0%) gas / (0xcc8466b840ff280da1befc28ae4d75f15d23b6ca50d420ad20df4e309338b3d7) in 0.003s. Peers: 7
2026-03-25 14:23:28.010-0500 | EthScheduler-Workers-0 | INFO  | PersistBlockTask | Imported empty block #707 / 0 tx / 0 om / 0 (0.0%) gas / (0x94736c39e117eda64eb6a3f3a1f89d7b9eaf8af12cc417dbcd4731d77de70db7) in 0.002s. Peers: 7
2026-03-25 14:23:33.018-0500 | EthScheduler-Workers-0 | INFO  | PersistBlockTask | Imported empty block #708 / 0 tx / 0 om / 0 (0.0%) gas / (0xb963b5b7b6173e67c6d13b0947d7000a432e7c372b1fc9e2abfbcc58ad794973) in 0.004s. Peers: 7
2026-03-25 14:23:38.014-0500 | EthScheduler-Workers-0 | INFO  | PersistBlockTask | Imported empty block #709 / 0 tx / 0 om / 0 (0.0%) gas / (0xa7bc0e2ed4e94711b7e4ff08ec6230c7418eeca1487d92fcd4b2b5e9256fb502) in 0.002s. Peers: 7
2026-03-25 14:23:43.011-0500 | EthScheduler-Workers-0 | INFO  | PersistBlockTask | Imported empty block #710 / 0 tx / 0 om / 0 (0.0%) gas / (0x30ee3339ab4529f49db761e99f6004281fae7237191c9ce7bb7a302d1db86d8a) in 0.002s. Peers: 7
2026-03-25 14:23:56.605-0500 | EthScheduler-Workers-0 | INFO  | PersistBlockTask | Imported empty block #711 / 0 tx / 0 om / 0 (0.0%) gas / (0xdd48fd766b12137f45ea69f2527481e52f472e057a825a449798c4292f949465) in 0.002s. Peers: 7
2026-03-25 14:24:01.017-0500 | EthScheduler-Workers-0 | INFO  | PersistBlockTask | Imported empty block #712 / 0 tx / 0 om / 0 (0.0%) gas / (0xe7fe5f6244ca36aeececf3cae876f9d3f4a945d2b7cc623508b2fc35736af64f) in 0.004s. Peers: 7
2026-03-25 14:24:06.011-0500 | EthScheduler-Workers-0 | INFO  | PersistBlockTask | Imported empty block #713 / 0 tx / 0 om / 0 (0.0%) gas / (0x941e628b98eea07f62b7244603132248eacab1bfb7785d9551ca4a545ca62a43) in 0.003s. Peers: 7
2026-03-25 14:24:11.013-0500 | EthScheduler-Workers-0 | INFO  | PersistBlockTask | Imported empty block #714 / 0 tx / 0 om / 0 (0.0%) gas / (0x6043f1bce8b819e3a90c78ad496da54dcd9bda42b655f651a7359edb4ec46fbf) in 0.002s. Peers: 7
2026-03-25 14:24:24.568-0500 | EthScheduler-Workers-0 | INFO  | PersistBlockTask | Imported empty block #715 / 0 tx / 0 om / 0 (0.0%) gas / (0x5fdf0685262421615f8110fa0146ab387abfab430dc6478a3306d1b6354a9cc2) in 0.002s. Peers: 7
2026-03-25 14:24:29.012-0500 | EthScheduler-Workers-0 | INFO  | PersistBlockTask | Imported empty block #716 / 0 tx / 0 om / 0 (0.0%) gas / (0x41ebc4a10ffaff3a41633d5510497876ebe933976be1df6dea0e5bac80f18528) in 0.002s. Peers: 7
2026-03-25 14:24:34.010-0500 | EthScheduler-Workers-0 | INFO  | PersistBlockTask | Imported empty block #717 / 0 tx / 0 om / 0 (0.0%) gas / (0xd533b017b924beb00c97c49a0e992d58424d44e6a3f82f767752a46536e074a7) in 0.003s. Peers: 7
2026-03-25 14:24:39.017-0500 | EthScheduler-Workers-0 | INFO  | PersistBlockTask | Imported empty block #718 / 0 tx / 0 om / 0 (0.0%) gas / (0x377666236a3c35bd2a5bc0f25aa20b12b2355c77fba47afdb861a44b1a5b90af) in 0.004s. Peers: 7
2026-03-25 14:24:44.010-0500 | EthScheduler-Workers-0 | INFO  | PersistBlockTask | Imported empty block #719 / 0 tx / 0 om / 0 (0.0%) gas / (0x8c389b3aec1bed565e6e106e50fb6b43e614043b09f9199e9936850afd0bb700) in 0.002s. Peers: 7
2026-03-25 14:24:57.589-0500 | EthScheduler-Workers-0 | INFO  | PersistBlockTask | Imported empty block #720 / 0 tx / 0 om / 0 (0.0%) gas / (0x06b5b5a272d04abf6ad4a17bc751e950f2a45ce66a8d6ccceb9736fd1bce74fd) in 0.004s. Peers: 7
2026-03-25 14:25:02.014-0500 | EthScheduler-Workers-0 | INFO  | PersistBlockTask | Imported empty block #721 / 0 tx / 0 om / 0 (0.0%) gas / (0x37382313437c7f52373a7ff41aaa129875a8030ce5be255cb3dc1098a4bbc9d8) in 0.003s. Peers: 7
2026-03-25 14:25:07.015-0500 | EthScheduler-Workers-0 | INFO  | PersistBlockTask | Imported empty block #722 / 0 tx / 0 om / 0 (0.0%) gas / (0xc704c4c17a2fa9608ce6fa26059ca2be19af3d5288a20b7aa93a9f1666f08af6) in 0.002s. Peers: 7
2026-03-25 14:25:12.014-0500 | EthScheduler-Workers-0 | INFO  | PersistBlockTask | Imported empty block #723 / 0 tx / 0 om / 0 (0.0%) gas / (0xf91eb008ef53a6d403c3c43a18dd4653d29e2c42f39ae7bdc38ee71ad1230ad5) in 0.002s. Peers: 7
2026-03-25 14:25:25.567-0500 | EthScheduler-Workers-0 | INFO  | PersistBlockTask | Imported empty block #724 / 0 tx / 0 om / 0 (0.0%) gas / (0xf4b2f6f659c6019d14da01e41802cea093e787763e1e8863210020768b6d4bb7) in 0.004s. Peers: 7
2026-03-25 14:25:30.013-0500 | EthScheduler-Workers-0 | INFO  | PersistBlockTask | Imported empty block #725 / 0 tx / 0 om / 0 (0.0%) gas / (0x980cb471de09bdac7e82caa848a36f54209b2a63779170a54ae84fb49688996b) in 0.002s. Peers: 7
2026-03-25 14:25:35.011-0500 | EthScheduler-Workers-0 | INFO  | PersistBlockTask | Imported empty block #726 / 0 tx / 0 om / 0 (0.0%) gas / (0xf0c90f84b5b2a5d41a12381ecd6e95928e4182d4f9a43000adaa4364fc20f70c) in 0.002s. Peers: 7
2026-03-25 14:25:40.015-0500 | EthScheduler-Workers-0 | INFO  | PersistBlockTask | Imported empty block #727 / 0 tx / 0 om / 0 (0.0%) gas / (0xb4f5ba53cc58b276a747d1ef48701853107e3f157304afe55bb4a1e9285bd2d4) in 0.001s. Peers: 7
2026-03-25 14:25:45.012-0500 | EthScheduler-Workers-0 | INFO  | PersistBlockTask | Imported empty block #728 / 0 tx / 0 om / 0 (0.0%) gas / (0x09f6c45cc92e187fe6a21aa855f1737666e7aca3f46f9f88b7957303c2c4ab4d) in 0.003s. Peers: 7
2026-03-25 14:25:58.563-0500 | EthScheduler-Workers-0 | INFO  | PersistBlockTask | Imported empty block #729 / 0 tx / 0 om / 0 (0.0%) gas / (0xb2468908c4b205a4e371a8c149e043dd326178f2bab4f5956e698c7014be5fc4) in 0.002s. Peers: 7
2026-03-25 14:26:03.013-0500 | EthScheduler-Workers-0 | INFO  | PersistBlockTask | Imported empty block #730 / 0 tx / 0 om / 0 (0.0%) gas / (0x29f7d082fa08b1051751f905d5399336ee96f29e9a791069b0861b1309e051f7) in 0.002s. Peers: 7
2026-03-25 14:26:08.026-0500 | EthScheduler-Workers-0 | INFO  | PersistBlockTask | Imported empty block #731 / 0 tx / 0 om / 0 (0.0%) gas / (0x7e18186a70eae6d962bf42a478f5cd4f75fc4762d98c9774443b13bbd436a042) in 0.002s. Peers: 7
2026-03-25 14:26:13.013-0500 | EthScheduler-Workers-0 | INFO  | PersistBlockTask | Imported empty block #732 / 0 tx / 0 om / 0 (0.0%) gas / (0x131ded1c76477f718bf43054e188f323f3cba25b6a65fc992ad6fb6e3fcfe075) in 0.003s. Peers: 7
2026-03-25 14:26:18.011-0500 | EthScheduler-Workers-0 | INFO  | PersistBlockTask | Imported empty block #733 / 0 tx / 0 om / 0 (0.0%) gas / (0x5fb311df8e129dc672a70b673da910e97697e39e83eadbfffb5d5b06bf1bfc01) in 0.002s. Peers: 7
2026-03-25 14:26:31.579-0500 | EthScheduler-Workers-0 | INFO  | PersistBlockTask | Imported empty block #734 / 0 tx / 0 om / 0 (0.0%) gas / (0x0957f4ec436d3aff8425585109cc4b77936099bf01404b24933f263744f39e86) in 0.002s. Peers: 7
2026-03-25 14:26:36.020-0500 | EthScheduler-Workers-0 | INFO  | PersistBlockTask | Imported empty block #735 / 0 tx / 0 om / 0 (0.0%) gas / (0xe12390f497f6691d6176fe093b191ffd8564935c5af0d1b7ef8a22b79949a450) in 0.004s. Peers: 7
2026-03-25 14:26:41.010-0500 | EthScheduler-Workers-0 | INFO  | PersistBlockTask | Imported empty block #736 / 0 tx / 0 om / 0 (0.0%) gas / (0xb4beca7f7acb2b9b81dff14d114dd5d42d607a9ce0491ddf2702bff50acc3067) in 0.002s. Peers: 7
2026-03-25 14:26:46.009-0500 | EthScheduler-Workers-0 | INFO  | PersistBlockTask | Imported empty block #737 / 0 tx / 0 om / 0 (0.0%) gas / (0x9a0042e0904bee12119c2dba21b101a1c5392eb4e3a15398485a77e95d6f0341) in 0.001s. Peers: 7
2026-03-25 14:26:59.575-0500 | EthScheduler-Workers-0 | INFO  | PersistBlockTask | Imported empty block #738 / 0 tx / 0 om / 0 (0.0%) gas / (0x5fbd198813d3fcf649f2fd033067c4486f6ad9de90950edf80ae0117319a173e) in 0.004s. Peers: 7
2026-03-25 14:27:04.014-0500 | EthScheduler-Workers-0 | INFO  | PersistBlockTask | Imported empty block #739 / 0 tx / 0 om / 0 (0.0%) gas / (0x8f7d3eb746776969306d11aa0ebbea7f3cae9a511f0ce895dadea7ba7cdd4e8b) in 0.003s. Peers: 7
2026-03-25 14:27:09.015-0500 | EthScheduler-Workers-0 | INFO  | PersistBlockTask | Imported empty block #740 / 0 tx / 0 om / 0 (0.0%) gas / (0x045649d420a3bd81a9338fd89e2cfa6ab9c4e2e8140c18b6cc82cdb1681f5be0) in 0.002s. Peers: 7
2026-03-25 14:27:14.012-0500 | EthScheduler-Workers-0 | INFO  | PersistBlockTask | Imported empty block #741 / 0 tx / 0 om / 0 (0.0%) gas / (0x2fa24a83280eedb364c730df397703a1d5c2cdd1b15e09156d72cb59b51c4e4f) in 0.003s. Peers: 7
2026-03-25 14:27:19.014-0500 | EthScheduler-Workers-0 | INFO  | PersistBlockTask | Imported empty block #742 / 0 tx / 0 om / 0 (0.0%) gas / (0xf973d16fa0fc47f2caaefd0b173fdd0ec4d58b3cb7498aab6be94beb8c60599e) in 0.001s. Peers: 7
2026-03-25 14:27:32.566-0500 | EthScheduler-Workers-0 | INFO  | PersistBlockTask | Imported empty block #743 / 0 tx / 0 om / 0 (0.0%) gas / (0x96ebd59e7a821f688b4cdedf92cbdf0fc61cd29f3e21beb08f7042a2a616f938) in 0.002s. Peers: 7
2026-03-25 14:27:37.016-0500 | EthScheduler-Workers-0 | INFO  | PersistBlockTask | Imported empty block #744 / 0 tx / 0 om / 0 (0.0%) gas / (0xfa6fc3d7c48ada384666ebb312371996331b0a10fa548328e9ba191a46a77eb8) in 0.004s. Peers: 7
2026-03-25 14:27:42.016-0500 | EthScheduler-Workers-0 | INFO  | PersistBlockTask | Imported empty block #745 / 0 tx / 0 om / 0 (0.0%) gas / (0x296e442ab04c93377d411f62126ae6eb6551c082e36fb1d8e0a1ad92c88f93dd) in 0.004s. Peers: 7
2026-03-25 14:27:47.021-0500 | EthScheduler-Workers-0 | INFO  | PersistBlockTask | Imported empty block #746 / 0 tx / 0 om / 0 (0.0%) gas / (0x3aa5fadaffb14cc272d73413c4a77b540bf653fd0a50bc0083be53871b089b08) in 0.003s. Peers: 7
2026-03-25 14:28:00.563-0500 | EthScheduler-Workers-0 | INFO  | PersistBlockTask | Imported empty block #747 / 0 tx / 0 om / 0 (0.0%) gas / (0xa0fbcbc9b12e6cf91cab4dba6f66e1a00127e5004d73279ba6ebb2981c39d841) in 0.004s. Peers: 7
2026-03-25 14:28:05.012-0500 | EthScheduler-Workers-0 | INFO  | PersistBlockTask | Imported empty block #748 / 0 tx / 0 om / 0 (0.0%) gas / (0x9ca3c00c163c71c1c4ab06bf4e4abac19e87fb067ebca3e8c41e6266a216a853) in 0.003s. Peers: 7
2026-03-25 14:28:10.014-0500 | EthScheduler-Workers-0 | INFO  | PersistBlockTask | Imported empty block #749 / 0 tx / 0 om / 0 (0.0%) gas / (0x0cfded08393bdccc7e8916d99fef30906a3a060cfb4221a67cbf0e0158a8a94d) in 0.002s. Peers: 7
2026-03-25 14:28:15.023-0500 | EthScheduler-Workers-0 | INFO  | PersistBlockTask | Imported empty block #750 / 0 tx / 0 om / 0 (0.0%) gas / (0xe7f07e22d7bd012fa618415406c39de20022418d24d0e0d12eb20c8c1d68bca8) in 0.004s. Peers: 7
2026-03-25 14:28:20.016-0500 | EthScheduler-Workers-0 | INFO  | PersistBlockTask | Imported empty block #751 / 0 tx / 0 om / 0 (0.0%) gas / (0x1024e257be60b7ef7568c0add36cbd55dda942a43dd690ba7e50b539f99c4097) in 0.002s. Peers: 7
2026-03-25 14:28:33.531-0500 | EthScheduler-Workers-0 | INFO  | PersistBlockTask | Imported empty block #752 / 0 tx / 0 om / 0 (0.0%) gas / (0xa88b92f033f78ce442ae166011ffa274b568f1a76ab31ca773805c4d64508921) in 0.002s. Peers: 7
2026-03-25 14:28:38.013-0500 | EthScheduler-Workers-0 | INFO  | PersistBlockTask | Imported empty block #753 / 0 tx / 0 om / 0 (0.0%) gas / (0x3340dc7b491fa4f41543ff4c37e2c26775b24917e114e96851e0864cd000c820) in 0.003s. Peers: 7
2026-03-25 14:28:43.013-0500 | EthScheduler-Workers-0 | INFO  | PersistBlockTask | Imported empty block #754 / 0 tx / 0 om / 0 (0.0%) gas / (0x9b741aa33853866f6c5af1dd42b5176c12f69fb75b44d19f52aa14ff68aacf29) in 0.001s. Peers: 7
2026-03-25 14:28:48.011-0500 | EthScheduler-Workers-0 | INFO  | PersistBlockTask | Imported empty block #755 / 0 tx / 0 om / 0 (0.0%) gas / (0xb389defdac74f54a5f6c42124a5359b6ec0fe0749aefb05abe5a73e02254cc01) in 0.003s. Peers: 7
2026-03-25 14:29:01.588-0500 | EthScheduler-Workers-0 | INFO  | PersistBlockTask | Imported empty block #756 / 0 tx / 0 om / 0 (0.0%) gas / (0x024e9aa72c19307e845620e5c493666fe7ba7ec96da6c8ea7f5ad2c7c1bca1be) in 0.003s. Peers: 7
2026-03-25 14:29:06.019-0500 | EthScheduler-Workers-0 | INFO  | PersistBlockTask | Imported empty block #757 / 0 tx / 0 om / 0 (0.0%) gas / (0x5ce69e33d8d176d7232bb3f97d03c3730adf55161934c81bc59ed27e254c1c81) in 0.003s. Peers: 7
2026-03-25 14:29:11.012-0500 | EthScheduler-Workers-0 | INFO  | PersistBlockTask | Imported empty block #758 / 0 tx / 0 om / 0 (0.0%) gas / (0x1d1cfa9b4eb8ee8e6ce0518df35fbf9324cefab7ae0086366a1bf115b008411a) in 0.002s. Peers: 7
2026-03-25 14:29:16.013-0500 | EthScheduler-Workers-0 | INFO  | PersistBlockTask | Imported empty block #759 / 0 tx / 0 om / 0 (0.0%) gas / (0x2f3b50dca55af106c295511a064060e63c7215dce72d7e6e0bb8b08a9eab5f71) in 0.003s. Peers: 7
2026-03-25 14:29:21.013-0500 | EthScheduler-Workers-0 | INFO  | PersistBlockTask | Imported empty block #760 / 0 tx / 0 om / 0 (0.0%) gas / (0x05bf2004f3528b778936164f0803a119c7ed6f5dca23b065c912c1b8159bf912) in 0.003s. Peers: 7
2026-03-25 14:29:34.563-0500 | EthScheduler-Workers-0 | INFO  | PersistBlockTask | Imported empty block #761 / 0 tx / 0 om / 0 (0.0%) gas / (0xf73a0c7f9ced1c7e7525e8682eba0e917a2e2a8d17b941f32bf3a09fd6a5e664) in 0.003s. Peers: 7
2026-03-25 14:29:39.014-0500 | EthScheduler-Workers-0 | INFO  | PersistBlockTask | Imported empty block #762 / 0 tx / 0 om / 0 (0.0%) gas / (0x4e4c8c20de58660936976b6a5f684fd02a41e2ce232da514866d26e6f972f1e6) in 0.005s. Peers: 7
2026-03-25 14:29:44.015-0500 | EthScheduler-Workers-0 | INFO  | PersistBlockTask | Imported empty block #763 / 0 tx / 0 om / 0 (0.0%) gas / (0xd8853cf96391cb069017dd1ecd18da5328dd0f567b334ccce042b742fa6d7511) in 0.002s. Peers: 7
2026-03-25 14:29:49.018-0500 | EthScheduler-Workers-0 | INFO  | PersistBlockTask | Imported empty block #764 / 0 tx / 0 om / 0 (0.0%) gas / (0x6ce669e2ca20e3d498772f3841f53711f5e2c56d5a9c88b053febc123fee5c03) in 0.002s. Peers: 7
2026-03-25 14:30:02.560-0500 | EthScheduler-Workers-0 | INFO  | PersistBlockTask | Imported empty block #765 / 0 tx / 0 om / 0 (0.0%) gas / (0x4f16101800634f96fe9fea8f4a4b9c2ea6ad928d30c20bec49b8e5640d63e8d9) in 0.001s. Peers: 7
2026-03-25 14:30:07.015-0500 | EthScheduler-Workers-0 | INFO  | PersistBlockTask | Imported empty block #766 / 0 tx / 0 om / 0 (0.0%) gas / (0x201181d53f05c6c3af839f0147627e8eb7722c786ba4e2fe18ac018582708448) in 0.004s. Peers: 7
2026-03-25 14:30:12.014-0500 | EthScheduler-Workers-0 | INFO  | PersistBlockTask | Imported empty block #767 / 0 tx / 0 om / 0 (0.0%) gas / (0x1c93da2200fb250aaf5d26b4f07a463e9e6deef7d036fab610acf1f0127e5256) in 0.002s. Peers: 7
2026-03-25 14:30:17.017-0500 | EthScheduler-Workers-0 | INFO  | PersistBlockTask | Imported empty block #768 / 0 tx / 0 om / 0 (0.0%) gas / (0x1c3c5d22d18c0563c18df77bf856152c2dcf75acb2206c55d5d8fcaf3f4fbb08) in 0.004s. Peers: 7
2026-03-25 14:30:22.015-0500 | EthScheduler-Workers-0 | INFO  | PersistBlockTask | Imported empty block #769 / 0 tx / 0 om / 0 (0.0%) gas / (0x1267678e567402cb2a00a75232fd87f75c2195fb4d5e8001b3418b1945e362f2) in 0.002s. Peers: 7
2026-03-25 14:30:35.569-0500 | EthScheduler-Workers-0 | INFO  | PersistBlockTask | Imported empty block #770 / 0 tx / 0 om / 0 (0.0%) gas / (0x16511d21a24071d60ba758a53d78168fc87620a87e29de153d68c4472fabfea4) in 0.004s. Peers: 7
2026-03-25 14:30:40.017-0500 | EthScheduler-Workers-0 | INFO  | PersistBlockTask | Imported empty block #771 / 0 tx / 0 om / 0 (0.0%) gas / (0x3334e40029e1746f56f81ae79d50f4d0f80930fc874e4132a4d4dc113fbc0f3c) in 0.002s. Peers: 7
2026-03-25 14:30:45.015-0500 | EthScheduler-Workers-0 | INFO  | PersistBlockTask | Imported empty block #772 / 0 tx / 0 om / 0 (0.0%) gas / (0xfea5c608eeefdd98e95894321a62dc2a9514ee880026149216be81cffd5e4ad7) in 0.002s. Peers: 7
2026-03-25 14:30:50.015-0500 | EthScheduler-Workers-0 | INFO  | PersistBlockTask | Imported empty block #773 / 0 tx / 0 om / 0 (0.0%) gas / (0x11b73bfc585cbc469e920d1dfc1a7305cfdaa7191a0412583991f70a969fc582) in 0.004s. Peers: 7
2026-03-25 14:30:55.021-0500 | EthScheduler-Workers-0 | INFO  | PersistBlockTask | Imported empty block #774 / 0 tx / 0 om / 0 (0.0%) gas / (0xa23043ee8dfd9f0c50337795a8303ab4ca720ed98433f3326cc6a71331865360) in 0.003s. Peers: 7
2026-03-25 14:31:08.567-0500 | EthScheduler-Workers-0 | INFO  | PersistBlockTask | Imported empty block #775 / 0 tx / 0 om / 0 (0.0%) gas / (0x4f90727f5442cb70ff8ece69c73186024e0101fecf5bc4e2cd07e8382477cf46) in 0.003s. Peers: 7
2026-03-25 14:31:13.012-0500 | EthScheduler-Workers-0 | INFO  | PersistBlockTask | Imported empty block #776 / 0 tx / 0 om / 0 (0.0%) gas / (0xe21dbdac5259a09e4e75413fe05dbb0a8425dd85b03f4d2e8b73dbb06e46e185) in 0.003s. Peers: 7
2026-03-25 14:31:18.018-0500 | EthScheduler-Workers-0 | INFO  | PersistBlockTask | Imported empty block #777 / 0 tx / 0 om / 0 (0.0%) gas / (0xe15f72b8053b23c8e59ac5a2d8c1f52c97c00f0b88778e4c84967094fce2fd07) in 0.003s. Peers: 7
2026-03-25 14:31:23.028-0500 | EthScheduler-Workers-0 | INFO  | PersistBlockTask | Imported empty block #778 / 0 tx / 0 om / 0 (0.0%) gas / (0x6ffa44057395890da08c58be70a4ff7d29a3405751651abd07f7f9c5dfd42128) in 0.002s. Peers: 7
2026-03-25 14:31:36.570-0500 | EthScheduler-Workers-0 | INFO  | PersistBlockTask | Imported empty block #779 / 0 tx / 0 om / 0 (0.0%) gas / (0x7ad98e45dbdc07449765bf25e6974a721aae3aeaef08dae12fee8121ac4e50b7) in 0.013s. Peers: 7
2026-03-25 14:31:41.016-0500 | EthScheduler-Workers-0 | INFO  | PersistBlockTask | Imported empty block #780 / 0 tx / 0 om / 0 (0.0%) gas / (0x13ccb560191f67d74a8129f522ed3eb69c359a59177d00ab3d9df1e531bf695a) in 0.003s. Peers: 7
2026-03-25 14:31:46.029-0500 | EthScheduler-Workers-0 | INFO  | PersistBlockTask | Imported empty block #781 / 0 tx / 0 om / 0 (0.0%) gas / (0xd26dff4f6a47e0816ccec60a6e3ca76bc4c0984c7aca5a3ee02f45f7d4c96982) in 0.002s. Peers: 7
2026-03-25 14:31:51.016-0500 | EthScheduler-Workers-0 | INFO  | PersistBlockTask | Imported empty block #782 / 0 tx / 0 om / 0 (0.0%) gas / (0xa895f517e5e6beb621fb363cb33413829a2def524411872defd099ff132f93c2) in 0.003s. Peers: 7
2026-03-25 14:31:56.010-0500 | EthScheduler-Workers-0 | INFO  | PersistBlockTask | Imported empty block #783 / 0 tx / 0 om / 0 (0.0%) gas / (0xde4c4e47f8b3c7cae1250950c7ac3cb6544e39bb2834ee6ad2e99481a1a7b397) in 0.003s. Peers: 7
2026-03-25 14:32:09.538-0500 | EthScheduler-Workers-0 | INFO  | PersistBlockTask | Imported empty block #784 / 0 tx / 0 om / 0 (0.0%) gas / (0x7f05785f867e18ffd57ab84d76d7cd45a3d0c2699a9b2729b1755140436f44af) in 0.003s. Peers: 7
2026-03-25 14:32:14.012-0500 | EthScheduler-Workers-0 | INFO  | PersistBlockTask | Imported empty block #785 / 0 tx / 0 om / 0 (0.0%) gas / (0x1690b31a89039d75b2b810205a84d83f4d0e7809a5e1c4aa72456ef916f37864) in 0.002s. Peers: 7
2026-03-25 14:32:19.010-0500 | EthScheduler-Workers-0 | INFO  | PersistBlockTask | Imported empty block #786 / 0 tx / 0 om / 0 (0.0%) gas / (0x5e364347d263626662831ae190790f3c8270ea66b9b2a25733481183e9f67fec) in 0.001s. Peers: 7
2026-03-25 14:32:24.012-0500 | EthScheduler-Workers-0 | INFO  | PersistBlockTask | Imported empty block #787 / 0 tx / 0 om / 0 (0.0%) gas / (0xc7aa436256c55a1e961438f3925acac31f3fee2bb1ebc027d833c6ebfe71ec27) in 0.002s. Peers: 7
2026-03-25 14:32:37.564-0500 | EthScheduler-Workers-0 | INFO  | PersistBlockTask | Imported empty block #788 / 0 tx / 0 om / 0 (0.0%) gas / (0xda575bf38b5780b501b5ac5740f0ea77d093de8efa815a9a50c211c5bba10d0e) in 0.003s. Peers: 7
2026-03-25 14:32:42.020-0500 | EthScheduler-Workers-0 | INFO  | PersistBlockTask | Imported empty block #789 / 0 tx / 0 om / 0 (0.0%) gas / (0xd35a40c3351ee2585e6ebc8d4a49ae397c3c514823211401a39ea6b3d6564791) in 0.004s. Peers: 7
2026-03-25 14:32:47.017-0500 | EthScheduler-Workers-0 | INFO  | PersistBlockTask | Imported empty block #790 / 0 tx / 0 om / 0 (0.0%) gas / (0x184cfdfd25cfdb6679c0f195c2768cca40eadbd443b9a8a5d595fb337ba97144) in 0.001s. Peers: 7
2026-03-25 14:32:52.018-0500 | EthScheduler-Workers-0 | INFO  | PersistBlockTask | Imported empty block #791 / 0 tx / 0 om / 0 (0.0%) gas / (0xcf247d57d1ecb2d4a0939ced2b5b3c270ed55428939997b98670b3ea329fcc69) in 0.003s. Peers: 7
2026-03-25 14:32:57.011-0500 | EthScheduler-Workers-0 | INFO  | PersistBlockTask | Imported empty block #792 / 0 tx / 0 om / 0 (0.0%) gas / (0xa70abf1c7bc5bf63737aeaabe1bbe0e100e974c712e87240cf72dc389e5c5ee0) in 0.003s. Peers: 7
2026-03-25 14:33:10.562-0500 | EthScheduler-Workers-0 | INFO  | PersistBlockTask | Imported empty block #793 / 0 tx / 0 om / 0 (0.0%) gas / (0x13631775d95b74cff82ad8e064e89a05240c625fabd128cf25e7e032b031f05e) in 0.002s. Peers: 7
2026-03-25 14:33:15.011-0500 | EthScheduler-Workers-0 | INFO  | PersistBlockTask | Imported empty block #794 / 0 tx / 0 om / 0 (0.0%) gas / (0x14173aba4cf21f61ca6352fabe1d3fc2949381ce8e74a93ce24d0d56fe84dbca) in 0.002s. Peers: 7
2026-03-25 14:33:20.011-0500 | EthScheduler-Workers-0 | INFO  | PersistBlockTask | Imported empty block #795 / 0 tx / 0 om / 0 (0.0%) gas / (0x9e6a9a71a566c0bbe6f306e25bf24d0e24eb6116f7904bec75adccf4e6d0ea3c) in 0.002s. Peers: 7
2026-03-25 14:33:25.012-0500 | EthScheduler-Workers-0 | INFO  | PersistBlockTask | Imported empty block #796 / 0 tx / 0 om / 0 (0.0%) gas / (0x86b99f1a06595e024684d6b72533ff4e4aa8a5d6810beb3db850da4ff0648dcf) in 0.002s. Peers: 7
2026-03-25 14:33:38.571-0500 | EthScheduler-Workers-0 | INFO  | PersistBlockTask | Imported empty block #797 / 0 tx / 0 om / 0 (0.0%) gas / (0x074070304727f3185a8825f8d2b38c153c2bf1405df8c3be679f74be68ee6a3d) in 0.004s. Peers: 7
2026-03-25 14:33:43.012-0500 | EthScheduler-Workers-0 | INFO  | PersistBlockTask | Imported empty block #798 / 0 tx / 0 om / 0 (0.0%) gas / (0x37404a7b40e4ce8c33e0eac4b8114fc2cce6aeb3a89fbd5b495d3481eb2878cc) in 0.002s. Peers: 7
2026-03-25 14:33:48.014-0500 | EthScheduler-Workers-0 | INFO  | PersistBlockTask | Imported empty block #799 / 0 tx / 0 om / 0 (0.0%) gas / (0x6cf05b24d5b0bc6dfeca9e621a52efaaec01cca824839e65ad86ddcb6b8e0b9a) in 0.003s. Peers: 7
2026-03-25 14:33:53.019-0500 | EthScheduler-Workers-0 | INFO  | PersistBlockTask | Imported empty block #800 / 0 tx / 0 om / 0 (0.0%) gas / (0x37c6dc7dd1b81d59953e207622c8ad79b5bc4bff94046a1469ce8bd634b45db1) in 0.006s. Peers: 7
2026-03-25 14:33:58.015-0500 | EthScheduler-Workers-0 | INFO  | PersistBlockTask | Imported empty block #801 / 0 tx / 0 om / 0 (0.0%) gas / (0x3a7efaf33159e2f0f872cf6fd29da6f84a73bfcbbf1bddb67d8ff3edd05e8e23) in 0.004s. Peers: 7
2026-03-25 14:34:11.550-0500 | EthScheduler-Workers-0 | INFO  | PersistBlockTask | Imported empty block #802 / 0 tx / 0 om / 0 (0.0%) gas / (0xc598dd6b92ae1d31111526b3183cba872a88e688a84a925d8dcd4aa5c437583c) in 0.003s. Peers: 7
2026-03-25 14:34:16.018-0500 | EthScheduler-Workers-0 | INFO  | PersistBlockTask | Imported empty block #803 / 0 tx / 0 om / 0 (0.0%) gas / (0xc7d29cc9cbf37086278c0fe686249fcecc30109eab0807b0bea826b057052d56) in 0.005s. Peers: 7
2026-03-25 14:34:21.025-0500 | EthScheduler-Workers-0 | INFO  | PersistBlockTask | Imported empty block #804 / 0 tx / 0 om / 0 (0.0%) gas / (0xa7919623302b32750223135b9aa0e1f86efefef71f082abff7f8da350c0e27df) in 0.004s. Peers: 7
2026-03-25 14:34:26.016-0500 | EthScheduler-Workers-0 | INFO  | PersistBlockTask | Imported empty block #805 / 0 tx / 0 om / 0 (0.0%) gas / (0x8538d819e424c6eafa7ddcd25f8e7ad9ce694418f7773b47c3bd8b2ab5ca5733) in 0.002s. Peers: 7
2026-03-25 14:34:39.522-0500 | EthScheduler-Workers-0 | INFO  | PersistBlockTask | Imported empty block #806 / 0 tx / 0 om / 0 (0.0%) gas / (0x134c013cef959a06d4d169a937aee32487322ee5a22b56ecedfe0a2c3579ea4f) in 0.001s. Peers: 7
2026-03-25 14:34:44.014-0500 | EthScheduler-Workers-0 | INFO  | PersistBlockTask | Imported empty block #807 / 0 tx / 0 om / 0 (0.0%) gas / (0x35775516d5571f96ebaaf4f72f3e98f0ab27aca7e12e530706d55401f4bd263d) in 0.002s. Peers: 7
2026-03-25 14:34:49.017-0500 | EthScheduler-Workers-0 | INFO  | PersistBlockTask | Imported empty block #808 / 0 tx / 0 om / 0 (0.0%) gas / (0x917d6b33b1b7acea75b538e1bde9e801f07bee8cafa556beb75fefadd644cefb) in 0.003s. Peers: 7
2026-03-25 14:34:54.012-0500 | EthScheduler-Workers-0 | INFO  | PersistBlockTask | Imported empty block #809 / 0 tx / 0 om / 0 (0.0%) gas / (0x414bb5788425532898a60f96e77531850bd1238124c7a6caa10f18fd1a8f3085) in 0.002s. Peers: 7
2026-03-25 14:34:59.018-0500 | EthScheduler-Workers-0 | INFO  | PersistBlockTask | Imported empty block #810 / 0 tx / 0 om / 0 (0.0%) gas / (0xe836d235140584b88102125da25ffbba8fd5821d857112090bc4550d0ce017cd) in 0.002s. Peers: 7
2026-03-25 14:35:12.570-0500 | EthScheduler-Workers-0 | INFO  | PersistBlockTask | Imported empty block #811 / 0 tx / 0 om / 0 (0.0%) gas / (0x2e03a9d8b93e09552e0a1f4fefcc4a111fa844ad73ae17f9e696f58cf19c6b64) in 0.002s. Peers: 7
2026-03-25 14:35:17.011-0500 | EthScheduler-Workers-0 | INFO  | PersistBlockTask | Imported empty block #812 / 0 tx / 0 om / 0 (0.0%) gas / (0xf8af5ebab7aa93c41c845c7518640f092a561174d3e43df335e32df36d82bcc3) in 0.002s. Peers: 7
2026-03-25 14:35:22.018-0500 | EthScheduler-Workers-0 | INFO  | PersistBlockTask | Imported empty block #813 / 0 tx / 0 om / 0 (0.0%) gas / (0xd9fec4dea917abb3f78b007d6ec6a06f5bf658c222b6d8637361d5431a82514d) in 0.003s. Peers: 7
2026-03-25 14:35:27.015-0500 | EthScheduler-Workers-0 | INFO  | PersistBlockTask | Imported empty block #814 / 0 tx / 0 om / 0 (0.0%) gas / (0x8e6a124a322440c45fa24dfffbaff4f6fb48783c8f2dbe4efa490403661a10a3) in 0.003s. Peers: 7
2026-03-25 14:35:32.017-0500 | EthScheduler-Workers-0 | INFO  | PersistBlockTask | Imported empty block #815 / 0 tx / 0 om / 0 (0.0%) gas / (0xbdd9b25f1913479025a9ad9440e46a8471eb522c9d6f202ed11ae8a0ec13e3c8) in 0.002s. Peers: 7
2026-03-25 14:35:45.566-0500 | EthScheduler-Workers-0 | INFO  | PersistBlockTask | Imported empty block #816 / 0 tx / 0 om / 0 (0.0%) gas / (0x87971f7511c033681b712cba0c6395cc263bdf3ead2131b5f8c8de8ac416d9ea) in 0.005s. Peers: 7
2026-03-25 14:35:50.015-0500 | EthScheduler-Workers-0 | INFO  | PersistBlockTask | Imported empty block #817 / 0 tx / 0 om / 0 (0.0%) gas / (0xb62cc524be105d418cc0cdc950a0b70b31774247b61f2856fae9c417c9447edf) in 0.003s. Peers: 7
2026-03-25 14:35:55.016-0500 | EthScheduler-Workers-0 | INFO  | PersistBlockTask | Imported empty block #818 / 0 tx / 0 om / 0 (0.0%) gas / (0x6b3c13f15fde84ecc2caa442d9329c6e6c708b01dbf67c302715f172d1d9249c) in 0.002s. Peers: 7
2026-03-25 14:36:00.018-0500 | EthScheduler-Workers-0 | INFO  | PersistBlockTask | Imported empty block #819 / 0 tx / 0 om / 0 (0.0%) gas / (0x78d83b6bf68b64f59c3601dd3f6d06ff20a9783a1a0d551589c9698f26cdbe2f) in 0.004s. Peers: 7
2026-03-25 14:36:13.565-0500 | EthScheduler-Workers-0 | INFO  | PersistBlockTask | Imported empty block #820 / 0 tx / 0 om / 0 (0.0%) gas / (0x60e74f42fc45117c64e44f4baf7829a5087682f03022035e6dc9c130aa339f61) in 0.003s. Peers: 7
2026-03-25 14:36:18.011-0500 | EthScheduler-Workers-0 | INFO  | PersistBlockTask | Imported empty block #821 / 0 tx / 0 om / 0 (0.0%) gas / (0xbe7a0ba6ebf2cc8d80300302a9d5a756cacc451f5942196160041b2677f2c870) in 0.001s. Peers: 7
2026-03-25 14:36:23.013-0500 | EthScheduler-Workers-0 | INFO  | PersistBlockTask | Imported empty block #822 / 0 tx / 0 om / 0 (0.0%) gas / (0x7f9cf50b509ab4be45e937d4042784392b2311961625ca670f3df6abc90e9fd5) in 0.004s. Peers: 7
2026-03-25 14:36:28.013-0500 | EthScheduler-Workers-0 | INFO  | PersistBlockTask | Imported empty block #823 / 0 tx / 0 om / 0 (0.0%) gas / (0x34a8fbe2db5cac2a1b1d67d8ed8e8efdc679bf608f41279dfd66a935131bb186) in 0.002s. Peers: 7
2026-03-25 14:36:33.018-0500 | EthScheduler-Workers-0 | INFO  | PersistBlockTask | Imported empty block #824 / 0 tx / 0 om / 0 (0.0%) gas / (0x661e068ca51f8d66e3d7721e848322973608424425eb2e9385d38b47c78143eb) in 0.004s. Peers: 7
2026-03-25 14:36:46.575-0500 | EthScheduler-Workers-0 | INFO  | PersistBlockTask | Imported empty block #825 / 0 tx / 0 om / 0 (0.0%) gas / (0xc3822f8544d1f2cee19e3cb7d10f99582219d8f81d208aba03b313195d9c60e5) in 0.003s. Peers: 7
2026-03-25 14:36:51.013-0500 | EthScheduler-Workers-0 | INFO  | PersistBlockTask | Imported empty block #826 / 0 tx / 0 om / 0 (0.0%) gas / (0x82a3dce9ca82bacbf0b901a84bf5e329243de8a87563da3b3f218b476974ffae) in 0.001s. Peers: 7
2026-03-25 14:36:56.014-0500 | EthScheduler-Workers-0 | INFO  | PersistBlockTask | Imported empty block #827 / 0 tx / 0 om / 0 (0.0%) gas / (0x54e421a419f66c9565d4330bf669f1173f50e520becf2bd9eaf2c0d7e82133bc) in 0.003s. Peers: 7
2026-03-25 14:37:01.013-0500 | EthScheduler-Workers-0 | INFO  | PersistBlockTask | Imported empty block #828 / 0 tx / 0 om / 0 (0.0%) gas / (0xbf03dd51026753bb6a1022745eccbeb85802f81595fac8b94c449c0ad6fa39a7) in 0.002s. Peers: 7
2026-03-25 14:37:14.535-0500 | EthScheduler-Workers-0 | INFO  | PersistBlockTask | Imported empty block #829 / 0 tx / 0 om / 0 (0.0%) gas / (0x2841c74a42afb3697be2027e1e38b29acd78fe086a5e7daa15ada4b958fbf364) in 0.003s. Peers: 7
2026-03-25 14:37:19.021-0500 | EthScheduler-Workers-0 | INFO  | PersistBlockTask | Imported empty block #830 / 0 tx / 0 om / 0 (0.0%) gas / (0x388de5ed6e2898b4ab7ca65c9cc350408fb994a79ed577edba462f32c9b6762d) in 0.003s. Peers: 7
2026-03-25 14:37:24.012-0500 | EthScheduler-Workers-0 | INFO  | PersistBlockTask | Imported empty block #831 / 0 tx / 0 om / 0 (0.0%) gas / (0x7f6070f6f1d2a342d4dcfeb136360f714b5f32ba73c5d8328b9c6e479e9fc4a3) in 0.002s. Peers: 7
2026-03-25 14:37:29.013-0500 | EthScheduler-Workers-0 | INFO  | PersistBlockTask | Imported empty block #832 / 0 tx / 0 om / 0 (0.0%) gas / (0x55ee122cf1e480826fcc2fd8f8e8a4742a052fa7790be5b81a6ffe816e5dd657) in 0.003s. Peers: 7
2026-03-25 14:37:34.025-0500 | EthScheduler-Workers-0 | INFO  | PersistBlockTask | Imported empty block #833 / 0 tx / 0 om / 0 (0.0%) gas / (0xd1fa4db862ab795022fbaab016119cfb2524bdadd80d43b8ff9e41c68ec49ff9) in 0.002s. Peers: 7
2026-03-25 14:37:47.536-0500 | EthScheduler-Workers-0 | INFO  | PersistBlockTask | Imported empty block #834 / 0 tx / 0 om / 0 (0.0%) gas / (0xfd63e73760d33aed2773a595eb538869f40d37c4353fe273686384b0bc6512a0) in 0.002s. Peers: 7
2026-03-25 14:37:52.018-0500 | EthScheduler-Workers-0 | INFO  | PersistBlockTask | Imported empty block #835 / 0 tx / 0 om / 0 (0.0%) gas / (0xd172422489ed1801a82cb33d97320c2f91995d7a7b772cc5275f7b25dc67c231) in 0.003s. Peers: 7
2026-03-25 14:37:57.017-0500 | EthScheduler-Workers-0 | INFO  | PersistBlockTask | Imported empty block #836 / 0 tx / 0 om / 0 (0.0%) gas / (0x1f939fe602dcdf3a83eb454c7de29a83c25b1a9bc2a8ea8f1a0c639fb5441001) in 0.002s. Peers: 7
2026-03-25 14:38:02.018-0500 | EthScheduler-Workers-0 | INFO  | PersistBlockTask | Imported empty block #837 / 0 tx / 0 om / 0 (0.0%) gas / (0x85eef58670e75106cf0f9be4644b691559859b14eca64ffab7f78f350ac5a07a) in 0.002s. Peers: 7
2026-03-25 14:38:15.570-0500 | EthScheduler-Workers-0 | INFO  | PersistBlockTask | Imported empty block #838 / 0 tx / 0 om / 0 (0.0%) gas / (0x00dd06e2733ff64184001749d72b2c42fec220011457816112f6b2b2b3339069) in 0.005s. Peers: 7
2026-03-25 14:38:20.017-0500 | EthScheduler-Workers-0 | INFO  | PersistBlockTask | Imported empty block #839 / 0 tx / 0 om / 0 (0.0%) gas / (0xc494ca228025d365758ee7092243b52db39183c8bd57f38cae5f3d1484340454) in 0.003s. Peers: 7
2026-03-25 14:38:25.019-0500 | EthScheduler-Workers-0 | INFO  | PersistBlockTask | Imported empty block #840 / 0 tx / 0 om / 0 (0.0%) gas / (0x3c8f56e0d2244cb8e562ffc05b5917466126c2b9e7914779b50ace596f9c901d) in 0.003s. Peers: 7
2026-03-25 14:38:30.011-0500 | EthScheduler-Workers-0 | INFO  | PersistBlockTask | Imported empty block #841 / 0 tx / 0 om / 0 (0.0%) gas / (0x3faf45df7980b2618f571143692abce13990a485ea1ce79b2342c837b43a8bee) in 0.002s. Peers: 7
2026-03-25 14:38:35.028-0500 | EthScheduler-Workers-0 | INFO  | PersistBlockTask | Imported empty block #842 / 0 tx / 0 om / 0 (0.0%) gas / (0x38b2cd1e03e9a323c5cd57536bbfcaa4bb16d511fd5363fa817f35e636c085c7) in 0.004s. Peers: 7
2026-03-25 14:38:48.556-0500 | EthScheduler-Workers-0 | INFO  | PersistBlockTask | Imported empty block #843 / 0 tx / 0 om / 0 (0.0%) gas / (0x3abcc693d2a8b1d2d6827a7e8553107b8c3658883c08959215e8b9b2228167db) in 0.002s. Peers: 7
2026-03-25 14:38:53.012-0500 | EthScheduler-Workers-0 | INFO  | PersistBlockTask | Imported empty block #844 / 0 tx / 0 om / 0 (0.0%) gas / (0xdf14ae2eaf5799d52edab1bd8a227e8b4692e12fe9d86351b682e5b6008b0807) in 0.003s. Peers: 7
2026-03-25 14:38:58.011-0500 | EthScheduler-Workers-0 | INFO  | PersistBlockTask | Imported empty block #845 / 0 tx / 0 om / 0 (0.0%) gas / (0x0be3bdf7808013052eccf5cedb7a5c25d672209d416356eb6ff2c23f3a2954d5) in 0.002s. Peers: 7
2026-03-25 14:39:03.022-0500 | EthScheduler-Workers-0 | INFO  | PersistBlockTask | Imported empty block #846 / 0 tx / 0 om / 0 (0.0%) gas / (0xb7978937f100e3836475f5ef8a15b33e2feeeb22501c162fe395f2d5aed30917) in 0.003s. Peers: 7
2026-03-25 14:39:16.565-0500 | EthScheduler-Workers-0 | INFO  | PersistBlockTask | Imported empty block #847 / 0 tx / 0 om / 0 (0.0%) gas / (0xcc5a8b2578ab1f8ae6125aacfe699a349c5bd504f15afabbac59119c2a41ef01) in 0.005s. Peers: 7
2026-03-25 14:39:21.010-0500 | EthScheduler-Workers-0 | INFO  | PersistBlockTask | Imported empty block #848 / 0 tx / 0 om / 0 (0.0%) gas / (0x637cdf1b8887a64127054d3da637852560047626cf2aefee6e9418ac5ea20e5c) in 0.001s. Peers: 7
2026-03-25 14:39:26.022-0500 | EthScheduler-Workers-0 | INFO  | PersistBlockTask | Imported empty block #849 / 0 tx / 0 om / 0 (0.0%) gas / (0x53c6f9ce343a4534f2289ab69f270bea5c87bad5898ba1ee20af6c561ea8047d) in 0.002s. Peers: 7
2026-03-25 14:39:31.020-0500 | EthScheduler-Workers-0 | INFO  | PersistBlockTask | Imported empty block #850 / 0 tx / 0 om / 0 (0.0%) gas / (0x1797bd6ffe293e9562e1c27be8da8db209340368a57bee7da15834244ab74d7f) in 0.003s. Peers: 7
2026-03-25 14:39:36.012-0500 | EthScheduler-Workers-0 | INFO  | PersistBlockTask | Imported empty block #851 / 0 tx / 0 om / 0 (0.0%) gas / (0x530634c6e3ea7b950ecfc1c65d60941f81db619a20af7a0395fd438e85cac6e7) in 0.001s. Peers: 7
2026-03-25 14:39:49.548-0500 | EthScheduler-Workers-0 | INFO  | PersistBlockTask | Imported empty block #852 / 0 tx / 0 om / 0 (0.0%) gas / (0xbe1d85c96ac90f6c4d14009c8e288494e983d9a0fcfcbb3da9bc84d6289ce967) in 0.001s. Peers: 7
2026-03-25 14:39:54.012-0500 | EthScheduler-Workers-0 | INFO  | PersistBlockTask | Imported empty block #853 / 0 tx / 0 om / 0 (0.0%) gas / (0x4fce974a97a60cd74bca4ff5c8ccf5ab204102daaf3bc0f046f4f3d4d648bdc9) in 0.001s. Peers: 7
2026-03-25 14:39:59.020-0500 | EthScheduler-Workers-0 | INFO  | PersistBlockTask | Imported empty block #854 / 0 tx / 0 om / 0 (0.0%) gas / (0xffa61a01ac5abf5fea5592cc4ccbe69c76246b49cbd081dcc118a9ae3612be9c) in 0.002s. Peers: 7
2026-03-25 14:40:04.013-0500 | EthScheduler-Workers-0 | INFO  | PersistBlockTask | Imported empty block #855 / 0 tx / 0 om / 0 (0.0%) gas / (0x6f711dd365944da9fa2993e24f15e1cbd47d6a1f06380b82ec0fca9c3a485893) in 0.002s. Peers: 7
2026-03-25 14:40:09.008-0500 | EthScheduler-Workers-0 | INFO  | PersistBlockTask | Imported empty block #856 / 0 tx / 0 om / 0 (0.0%) gas / (0x25d80516adbf20971416b02af40f8fc1c2fc4b8bd5014b4ae151ff5bf9b55cc6) in 0.001s. Peers: 7
2026-03-25 14:40:22.508-0500 | EthScheduler-Workers-0 | INFO  | PersistBlockTask | Imported empty block #857 / 0 tx / 0 om / 0 (0.0%) gas / (0xb044b3838ad3254a024dd8e8ac5882c79e1dec9d138a67c721ec5d455f489b46) in 0.002s. Peers: 7
2026-03-25 14:40:27.021-0500 | EthScheduler-Workers-0 | INFO  | PersistBlockTask | Imported empty block #858 / 0 tx / 0 om / 0 (0.0%) gas / (0xb40dd7be758a58257110f0741ae6f8413017254fdfdae9b7bcc8e9b690cb3f38) in 0.002s. Peers: 7
2026-03-25 14:40:32.019-0500 | EthScheduler-Workers-0 | INFO  | PersistBlockTask | Imported empty block #859 / 0 tx / 0 om / 0 (0.0%) gas / (0x12b7e6151a48ae77d5b1dcd30f25d2f754bfcdc2b3e2f3183af342ae400b9f39) in 0.003s. Peers: 7
2026-03-25 14:40:37.018-0500 | EthScheduler-Workers-0 | INFO  | PersistBlockTask | Imported empty block #860 / 0 tx / 0 om / 0 (0.0%) gas / (0xebc0c5aa2eb258b6f55e0f20f651d1a32f3ae74bb7e10f859af1ad8a35e80f3a) in 0.003s. Peers: 7
2026-03-25 14:40:50.642-0500 | EthScheduler-Workers-0 | INFO  | PersistBlockTask | Imported empty block #861 / 0 tx / 0 om / 0 (0.0%) gas / (0xbcd5190c4b4263f7208161c76d4ffc618a5dbfcebe628940768b97b0c13f81e8) in 0.003s. Peers: 7
2026-03-25 14:40:55.023-0500 | EthScheduler-Workers-0 | INFO  | PersistBlockTask | Imported empty block #862 / 0 tx / 0 om / 0 (0.0%) gas / (0xfb9855863deef2a9d6f88e54d2586f597cff2d1a289156365f40fe149ffddc56) in 0.001s. Peers: 7
2026-03-25 14:41:00.014-0500 | EthScheduler-Workers-0 | INFO  | PersistBlockTask | Imported empty block #863 / 0 tx / 0 om / 0 (0.0%) gas / (0xd37d0849191a0b067c39f8669947218d63086c9d50e4fe7025201b7808ad755f) in 0.003s. Peers: 7
2026-03-25 14:41:05.015-0500 | EthScheduler-Workers-0 | INFO  | PersistBlockTask | Imported empty block #864 / 0 tx / 0 om / 0 (0.0%) gas / (0x75ebd657a9445bc34dde26dfbbee9fda044c74fd1dd2deb380778f1c776ee490) in 0.002s. Peers: 7
2026-03-25 14:41:10.010-0500 | EthScheduler-Workers-0 | INFO  | PersistBlockTask | Imported empty block #865 / 0 tx / 0 om / 0 (0.0%) gas / (0xeb3b8886ddba53dcdcda0c4b08bc5f5a1bdd09064d0ed611ba81271ec11254a4) in 0.001s. Peers: 7
2026-03-25 14:41:23.579-0500 | EthScheduler-Workers-0 | INFO  | PersistBlockTask | Imported empty block #866 / 0 tx / 0 om / 0 (0.0%) gas / (0x5db9e6c71bb1ed5884a0d7ab5ab4c141751570c0b6d28d37bd50c2939449205c) in 0.002s. Peers: 7
2026-03-25 14:41:28.017-0500 | EthScheduler-Workers-0 | INFO  | PersistBlockTask | Imported empty block #867 / 0 tx / 0 om / 0 (0.0%) gas / (0x24fc2139790175dea2d2e50c4b047f8f18d501c36c9ec4f66cd13a284c22c6e4) in 0.001s. Peers: 7
2026-03-25 14:41:33.017-0500 | EthScheduler-Workers-0 | INFO  | PersistBlockTask | Imported empty block #868 / 0 tx / 0 om / 0 (0.0%) gas / (0x741719c432d3313aaf2896453720feb4a7cb5e5091d6ee986bae963e9dbd252f) in 0.003s. Peers: 7
2026-03-25 14:41:38.012-0500 | EthScheduler-Workers-0 | INFO  | PersistBlockTask | Imported empty block #869 / 0 tx / 0 om / 0 (0.0%) gas / (0x25454690961944c3cb91bf1d5fa69dc17701c438b3de8348e88dfaf278000772) in 0.003s. Peers: 7
2026-03-25 14:41:51.568-0500 | EthScheduler-Workers-0 | INFO  | PersistBlockTask | Imported empty block #870 / 0 tx / 0 om / 0 (0.0%) gas / (0xc2764b669617857abeb440af20190e650a32587f4c00b4fbdf5247133fd10e34) in 0.002s. Peers: 7
2026-03-25 14:41:56.016-0500 | EthScheduler-Workers-0 | INFO  | PersistBlockTask | Imported empty block #871 / 0 tx / 0 om / 0 (0.0%) gas / (0x47ac8183fb2584e4cbb114cb92b2cb593a5e582560abff52e7aef2a81a22f31d) in 0.003s. Peers: 7
2026-03-25 14:42:01.016-0500 | EthScheduler-Workers-0 | INFO  | PersistBlockTask | Imported empty block #872 / 0 tx / 0 om / 0 (0.0%) gas / (0x43096fb808ab578a59bca3ef1d08e5c12fbcf88874dd8be3daff3912aa39c288) in 0.002s. Peers: 7
2026-03-25 14:42:06.010-0500 | EthScheduler-Workers-0 | INFO  | PersistBlockTask | Imported empty block #873 / 0 tx / 0 om / 0 (0.0%) gas / (0x93bbca61ec5a2375ce56603a90aea424f95ab882197a85ecf271c8bd651b38e4) in 0.001s. Peers: 7
2026-03-25 14:42:11.013-0500 | EthScheduler-Workers-0 | INFO  | PersistBlockTask | Imported empty block #874 / 0 tx / 0 om / 0 (0.0%) gas / (0x34e4402f73a83fb82fc08451c36c4626efe2344d3ce5298c115215a0831ccbd2) in 0.002s. Peers: 7
2026-03-25 14:42:24.564-0500 | EthScheduler-Workers-0 | INFO  | PersistBlockTask | Imported empty block #875 / 0 tx / 0 om / 0 (0.0%) gas / (0x9ee9feb6f8680737c05f26c712fb9470b33415fa64e191ead3c4ff0352fab15c) in 0.003s. Peers: 7
2026-03-25 14:42:29.015-0500 | EthScheduler-Workers-0 | INFO  | PersistBlockTask | Imported empty block #876 / 0 tx / 0 om / 0 (0.0%) gas / (0x7379c3498b60dfaa9ec2238dd5d663941d0f6805db50b7be70d308aa1c52a2ca) in 0.003s. Peers: 7
2026-03-25 14:42:34.012-0500 | EthScheduler-Workers-0 | INFO  | PersistBlockTask | Imported empty block #877 / 0 tx / 0 om / 0 (0.0%) gas / (0x66cbbf610c99f47350ffa5bb06b92453634d3cc1c6f6d565889a056e80c3accd) in 0.003s. Peers: 7
2026-03-25 14:42:39.016-0500 | EthScheduler-Workers-0 | INFO  | PersistBlockTask | Imported empty block #878 / 0 tx / 0 om / 0 (0.0%) gas / (0xa3be7c39d4724f4bc3b7320c08eb065d09354e57e959a0858e0c98ab01ad465e) in 0.003s. Peers: 7
2026-03-25 14:42:52.564-0500 | EthScheduler-Workers-0 | INFO  | PersistBlockTask | Imported empty block #879 / 0 tx / 0 om / 0 (0.0%) gas / (0xb82a2bd0241b938e7211f47ba9f34229ae205cae766d4520c7f73101a588ff72) in 0.005s. Peers: 7
2026-03-25 14:42:57.015-0500 | EthScheduler-Workers-0 | INFO  | PersistBlockTask | Imported empty block #880 / 0 tx / 0 om / 0 (0.0%) gas / (0xbcdba71e4116676966e2b922c19bfd454e4cdf1f321c97b7dfac5f17c1cf6f96) in 0.002s. Peers: 7
2026-03-25 14:43:02.013-0500 | EthScheduler-Workers-0 | INFO  | PersistBlockTask | Imported empty block #881 / 0 tx / 0 om / 0 (0.0%) gas / (0x28a60b1aef4aeab43b737509306bda5aba29267f41987224592cb827cefc0531) in 0.002s. Peers: 7
2026-03-25 14:43:07.032-0500 | EthScheduler-Workers-0 | INFO  | PersistBlockTask | Imported empty block #882 / 0 tx / 0 om / 0 (0.0%) gas / (0x49fd78afff826c22a79148edd84246c5e5f00529f627c9b81b0af7c44ef8833a) in 0.002s. Peers: 7
2026-03-25 14:43:12.009-0500 | EthScheduler-Workers-0 | INFO  | PersistBlockTask | Imported empty block #883 / 0 tx / 0 om / 0 (0.0%) gas / (0xc8dd25e03693a865c94f620145682a169d77a6a2bece799d8fc02b2a249b6159) in 0.001s. Peers: 7
2026-03-25 14:43:25.549-0500 | EthScheduler-Workers-0 | INFO  | PersistBlockTask | Imported empty block #884 / 0 tx / 0 om / 0 (0.0%) gas / (0x7796d5f9152c4e3178db92a75020272e14a3199b450ae37e6d3f3dc55ca49399) in 0.001s. Peers: 7
2026-03-25 14:43:30.013-0500 | EthScheduler-Workers-0 | INFO  | PersistBlockTask | Imported empty block #885 / 0 tx / 0 om / 0 (0.0%) gas / (0x78d9d255849c6e2eaf0022eb793aa26509b31dc30728fefbe541fe318a28af9b) in 0.003s. Peers: 7
2026-03-25 14:43:35.015-0500 | EthScheduler-Workers-0 | INFO  | PersistBlockTask | Imported empty block #886 / 0 tx / 0 om / 0 (0.0%) gas / (0x560518c1ec8cdb8ac83169e7c43dcfaef732f84e950b97b98d524b8101eff27d) in 0.002s. Peers: 7
2026-03-25 14:43:40.018-0500 | EthScheduler-Workers-0 | INFO  | PersistBlockTask | Imported empty block #887 / 0 tx / 0 om / 0 (0.0%) gas / (0x1d3f9d89878bcb02388b9860e8d5054371e9551045916c7963e7cefa1a92c6a0) in 0.002s. Peers: 7
2026-03-25 14:43:53.572-0500 | EthScheduler-Workers-0 | INFO  | PersistBlockTask | Imported empty block #888 / 0 tx / 0 om / 0 (0.0%) gas / (0x2c62e640362cbc978e739882c21cc7cf4dc1e93c962dcccc89964af7a9fd8249) in 0.002s. Peers: 7
2026-03-25 14:43:58.010-0500 | EthScheduler-Workers-0 | INFO  | PersistBlockTask | Imported empty block #889 / 0 tx / 0 om / 0 (0.0%) gas / (0xbda0777728e98d347f6ba6373908afb42074a88e73365c7628fd1d035708b98c) in 0.002s. Peers: 7
2026-03-25 14:44:03.009-0500 | EthScheduler-Workers-0 | INFO  | PersistBlockTask | Imported empty block #890 / 0 tx / 0 om / 0 (0.0%) gas / (0xf906678566f77c41766ad496d97d55703383ccd77c81c6b43b051ffdf3ffb99d) in 0.002s. Peers: 7
2026-03-25 14:44:08.009-0500 | EthScheduler-Workers-0 | INFO  | PersistBlockTask | Imported empty block #891 / 0 tx / 0 om / 0 (0.0%) gas / (0xa5939910c0a78a823fb66dd893b8a482e0cf480290b82cb7be736b2b9e3cc42e) in 0.002s. Peers: 7
2026-03-25 14:44:13.022-0500 | EthScheduler-Workers-0 | INFO  | PersistBlockTask | Imported empty block #892 / 0 tx / 0 om / 0 (0.0%) gas / (0xba1f2ef402d9bb462d73779791f66314746d04f9afd01f6720cc9867b48508bf) in 0.003s. Peers: 7
2026-03-25 14:44:26.570-0500 | EthScheduler-Workers-0 | INFO  | PersistBlockTask | Imported empty block #893 / 0 tx / 0 om / 0 (0.0%) gas / (0xc702cf4aae51bd406f2bffb4cd16a1f7d7bcf16f24f73a1292b8128dc240c488) in 0.002s. Peers: 7
2026-03-25 14:44:31.014-0500 | EthScheduler-Workers-0 | INFO  | PersistBlockTask | Imported empty block #894 / 0 tx / 0 om / 0 (0.0%) gas / (0x5db3bde7b31d295c5fb8a425a7ff199078f30d47e45a343174cbbc644bcd1e35) in 0.001s. Peers: 7
2026-03-25 14:44:36.012-0500 | EthScheduler-Workers-0 | INFO  | PersistBlockTask | Imported empty block #895 / 0 tx / 0 om / 0 (0.0%) gas / (0x4ab9256fd70f59c7a5b83a28f265f62ce23c8eccc60b05c2f6eaf814fbe8c073) in 0.002s. Peers: 7
2026-03-25 14:44:41.009-0500 | EthScheduler-Workers-0 | INFO  | PersistBlockTask | Imported empty block #896 / 0 tx / 0 om / 0 (0.0%) gas / (0x38b77db0704d50fe5e2e139bcb4323fee7d87f8adbf2d598a93946ac0d853a13) in 0.003s. Peers: 7
2026-03-25 14:44:46.014-0500 | EthScheduler-Workers-0 | INFO  | PersistBlockTask | Imported empty block #897 / 0 tx / 0 om / 0 (0.0%) gas / (0xc37e931a830c1eb78db191bbec419787f305c7d162b34940b786dcfcd7e5a159) in 0.003s. Peers: 7
2026-03-25 14:44:59.563-0500 | EthScheduler-Workers-0 | INFO  | PersistBlockTask | Imported empty block #898 / 0 tx / 0 om / 0 (0.0%) gas / (0x9685a5fc55a7ba5b4931fd17c2ce16ad687752fb35658385f83deecd61fb0d47) in 0.002s. Peers: 7
2026-03-25 14:45:04.010-0500 | EthScheduler-Workers-0 | INFO  | PersistBlockTask | Imported empty block #899 / 0 tx / 0 om / 0 (0.0%) gas / (0x591d1951a1ffb4738e57ca45ce8885befd01de441b9e9743cc08d53a4c190a1e) in 0.002s. Peers: 7
2026-03-25 14:45:09.009-0500 | EthScheduler-Workers-0 | INFO  | PersistBlockTask | Imported empty block #900 / 0 tx / 0 om / 0 (0.0%) gas / (0x6915da9898c65e8e63ccd33d08684be795014e24819a5ede5ed68abd7e7a9cd3) in 0.002s. Peers: 7
2026-03-25 14:45:14.011-0500 | EthScheduler-Workers-0 | INFO  | PersistBlockTask | Imported empty block #901 / 0 tx / 0 om / 0 (0.0%) gas / (0xf20ddf7c5e72ddc8041ed79ef95ebc47914d0b4970a429443d622bc034226847) in 0.001s. Peers: 7
2026-03-25 14:45:27.569-0500 | EthScheduler-Workers-0 | INFO  | PersistBlockTask | Imported empty block #902 / 0 tx / 0 om / 0 (0.0%) gas / (0x9d5c1c6ad1622bbf23945469064b4fd3c5cf1873e52cf2acaed93b3fa410ac5d) in 0.002s. Peers: 7
2026-03-25 14:45:32.009-0500 | EthScheduler-Workers-0 | INFO  | PersistBlockTask | Imported empty block #903 / 0 tx / 0 om / 0 (0.0%) gas / (0xd11412a4fbc3e47e4698a61679e05200cea52ae7953f2efd9ff2eb912fad4dde) in 0.001s. Peers: 7
2026-03-25 14:45:37.013-0500 | EthScheduler-Workers-0 | INFO  | PersistBlockTask | Imported empty block #904 / 0 tx / 0 om / 0 (0.0%) gas / (0x8858550f631aaab4a3d4c152a106ab3a9992aacd29526edd078b368c76be02fd) in 0.001s. Peers: 7
2026-03-25 14:45:42.013-0500 | EthScheduler-Workers-0 | INFO  | PersistBlockTask | Imported empty block #905 / 0 tx / 0 om / 0 (0.0%) gas / (0x9990aa951bda3eaca11ce8c5780cb89dca80d1f9d62d12385bbe0ed270b8293a) in 0.002s. Peers: 7
2026-03-25 14:45:47.009-0500 | EthScheduler-Workers-0 | INFO  | PersistBlockTask | Imported empty block #906 / 0 tx / 0 om / 0 (0.0%) gas / (0xd88cf492ebccceb8a5dfe645c141bb8abfbeaad2babce0d16ca81a2077cd060e) in 0.001s. Peers: 7
2026-03-25 14:46:00.552-0500 | EthScheduler-Workers-0 | INFO  | PersistBlockTask | Imported empty block #907 / 0 tx / 0 om / 0 (0.0%) gas / (0x8e74af88aa50d226095b1935fc3a394a191e57a1fde0d62770a953927104207f) in 0.003s. Peers: 7
2026-03-25 14:46:05.012-0500 | EthScheduler-Workers-0 | INFO  | PersistBlockTask | Imported empty block #908 / 0 tx / 0 om / 0 (0.0%) gas / (0x518133a99f5501f5fd5c86308561ef58f15cb366fa942658a52769ca87288cdd) in 0.002s. Peers: 7
2026-03-25 14:46:10.012-0500 | EthScheduler-Workers-0 | INFO  | PersistBlockTask | Imported empty block #909 / 0 tx / 0 om / 0 (0.0%) gas / (0x663135684e21301429775113fecf7fdd077df6d85bb4a8790092695f4aafd677) in 0.002s. Peers: 7
2026-03-25 14:46:15.020-0500 | EthScheduler-Workers-0 | INFO  | PersistBlockTask | Imported empty block #910 / 0 tx / 0 om / 0 (0.0%) gas / (0xcb50230caa745df52a01f7ecbf5ed3b288ee74a6b545e2746b4e0fed602d749b) in 0.002s. Peers: 7
2026-03-25 14:46:28.564-0500 | EthScheduler-Workers-0 | INFO  | PersistBlockTask | Imported empty block #911 / 0 tx / 0 om / 0 (0.0%) gas / (0x09ef2e6e5fe5dd0cfae90305acc5ee0cf54c62537b1985019acb3fb0f9b64a90) in 0.001s. Peers: 7
2026-03-25 14:46:33.014-0500 | EthScheduler-Workers-0 | INFO  | PersistBlockTask | Imported empty block #912 / 0 tx / 0 om / 0 (0.0%) gas / (0xe9e688fb92a883e3ac08c1a068a83b81406c8beccf9204aaff81bc5ea4e7b4e2) in 0.002s. Peers: 7
2026-03-25 14:46:38.010-0500 | EthScheduler-Workers-0 | INFO  | PersistBlockTask | Imported empty block #913 / 0 tx / 0 om / 0 (0.0%) gas / (0x0ce58de9a15364b375d8fbf59fcc7a70968791f87c95bac649cc5442ac7c8031) in 0.002s. Peers: 7
2026-03-25 14:46:43.030-0500 | EthScheduler-Workers-0 | INFO  | PersistBlockTask | Imported empty block #914 / 0 tx / 0 om / 0 (0.0%) gas / (0x78d64b7d73c269bd3a3d2b3eb739761c77d089462ee9ec8acef72aeb1be28576) in 0.002s. Peers: 7
2026-03-25 14:46:48.010-0500 | EthScheduler-Workers-0 | INFO  | PersistBlockTask | Imported empty block #915 / 0 tx / 0 om / 0 (0.0%) gas / (0x2604fef3aac69b24fb6eb4778b9bf26b37f13b91ec41f5f00e962b4c7f286167) in 0.002s. Peers: 7
2026-03-25 14:47:01.567-0500 | EthScheduler-Workers-0 | INFO  | PersistBlockTask | Imported empty block #916 / 0 tx / 0 om / 0 (0.0%) gas / (0x9aa21294107ac1fbd4260f1b69f53b88327ad557ac029ca6f5d3c482dc298761) in 0.002s. Peers: 7
2026-03-25 14:47:06.016-0500 | EthScheduler-Workers-0 | INFO  | PersistBlockTask | Imported empty block #917 / 0 tx / 0 om / 0 (0.0%) gas / (0x1cd0140f6334ff149419233ddf73772213dc4dcd62329488166ca8010746b832) in 0.002s. Peers: 7
2026-03-25 14:47:11.011-0500 | EthScheduler-Workers-0 | INFO  | PersistBlockTask | Imported empty block #918 / 0 tx / 0 om / 0 (0.0%) gas / (0x080b48a61492686943d7ee8c1a93e56f49924d468a18f7b9f181f25eaddc3388) in 0.001s. Peers: 7
2026-03-25 14:47:16.013-0500 | EthScheduler-Workers-0 | INFO  | PersistBlockTask | Imported empty block #919 / 0 tx / 0 om / 0 (0.0%) gas / (0xa96140059bd06e06bf7ce15606684fec1d723cbace0e32afc27e95ce7ff19c13) in 0.002s. Peers: 7
2026-03-25 14:47:29.564-0500 | EthScheduler-Workers-0 | INFO  | PersistBlockTask | Imported empty block #920 / 0 tx / 0 om / 0 (0.0%) gas / (0x80b9e38ee123aba71d2b140af2897d40df2be6d623f6d640fc64c19368c098c2) in 0.001s. Peers: 7
2026-03-25 14:47:34.009-0500 | EthScheduler-Workers-0 | INFO  | PersistBlockTask | Imported empty block #921 / 0 tx / 0 om / 0 (0.0%) gas / (0xb420f0a689f8f6a38a1e92fb69f1e291d2f79b3c0f70f321970e14be21774e2c) in 0.001s. Peers: 7
2026-03-25 14:47:39.034-0500 | EthScheduler-Workers-0 | INFO  | PersistBlockTask | Imported empty block #922 / 0 tx / 0 om / 0 (0.0%) gas / (0xdec26bff72977bb0c69b97d23a8d6e73f583009663eca1a850abf6d834f8b8c5) in 0.002s. Peers: 7
2026-03-25 14:47:44.014-0500 | EthScheduler-Workers-0 | INFO  | PersistBlockTask | Imported empty block #923 / 0 tx / 0 om / 0 (0.0%) gas / (0x4d058bf46f7b8744415e726908a55b92f3902ac25bb27d0e067a3d75a76304b5) in 0.002s. Peers: 7
2026-03-25 14:47:49.015-0500 | EthScheduler-Workers-0 | INFO  | PersistBlockTask | Imported empty block #924 / 0 tx / 0 om / 0 (0.0%) gas / (0xff531132838b534bcbdaccec0c6c9962b98d1af0e9933eff90e4232315ef3538) in 0.002s. Peers: 7
2026-03-25 14:48:02.553-0500 | EthScheduler-Workers-0 | INFO  | PersistBlockTask | Imported empty block #925 / 0 tx / 0 om / 0 (0.0%) gas / (0x812b41fa82ffb2c2ebb0d1ec4580219002c4da2828698986e3341e946bf0fd6f) in 0.001s. Peers: 7
2026-03-25 14:48:07.011-0500 | EthScheduler-Workers-0 | INFO  | PersistBlockTask | Imported empty block #926 / 0 tx / 0 om / 0 (0.0%) gas / (0xf9ff0f1440d7dd71692448616ec4a022902bbd09a57d933c0bdb91fadbe58c2a) in 0.002s. Peers: 7
2026-03-25 14:48:12.010-0500 | EthScheduler-Workers-0 | INFO  | PersistBlockTask | Imported empty block #927 / 0 tx / 0 om / 0 (0.0%) gas / (0xffe3b305defe0ad9c332a47e06274db7f6c37c7a9aebe866f33ca80c65b98e45) in 0.001s. Peers: 7
2026-03-25 14:48:17.011-0500 | EthScheduler-Workers-0 | INFO  | PersistBlockTask | Imported empty block #928 / 0 tx / 0 om / 0 (0.0%) gas / (0x55a1d552cac36013764da6f4527d5e7bf11bdf677dd9dc09ac0f3eff060fc7bc) in 0.003s. Peers: 7
2026-03-25 14:48:22.012-0500 | EthScheduler-Workers-0 | INFO  | PersistBlockTask | Imported empty block #929 / 0 tx / 0 om / 0 (0.0%) gas / (0x4a88fd3519acad19aa44afa001f5413afc10e530dc783cc15433d87b3f3e211b) in 0.003s. Peers: 7
2026-03-25 14:48:35.543-0500 | EthScheduler-Workers-0 | INFO  | PersistBlockTask | Imported empty block #930 / 0 tx / 0 om / 0 (0.0%) gas / (0x9839b718e4f1b9ebd62db41868d0190763bf655dea1123e5adb7ababaf11612b) in 0.003s. Peers: 7
2026-03-25 14:48:40.011-0500 | EthScheduler-Workers-0 | INFO  | PersistBlockTask | Imported empty block #931 / 0 tx / 0 om / 0 (0.0%) gas / (0xf6abbaab6f18b278b6728f8a5bcc5ec7aa1584648225a5bb09e09e6372265110) in 0.002s. Peers: 7
2026-03-25 14:48:45.014-0500 | EthScheduler-Workers-0 | INFO  | PersistBlockTask | Imported empty block #932 / 0 tx / 0 om / 0 (0.0%) gas / (0xa43464fdbfef32fa05f76eb8266f4172cb352fad55ed19cf4468c2fcaccfd71e) in 0.002s. Peers: 7
2026-03-25 14:48:50.017-0500 | EthScheduler-Workers-0 | INFO  | PersistBlockTask | Imported empty block #933 / 0 tx / 0 om / 0 (0.0%) gas / (0x312f91493b1459762b1cc74fc89dbec999ee065fec711645532cd914d37aaa5d) in 0.002s. Peers: 7
2026-03-25 14:49:03.555-0500 | EthScheduler-Workers-0 | INFO  | PersistBlockTask | Imported empty block #934 / 0 tx / 0 om / 0 (0.0%) gas / (0xc9684dfb16cf50788c4cbeb5da2fafefed734bcd219bc17c44bfa067d5bf78c5) in 0.002s. Peers: 7
2026-03-25 14:49:08.011-0500 | EthScheduler-Workers-0 | INFO  | PersistBlockTask | Imported empty block #935 / 0 tx / 0 om / 0 (0.0%) gas / (0xd7139460c1f10f1bcccc9013cb55819ccbbe1785ffd4d239b791ac9972c6b1e3) in 0.003s. Peers: 7
2026-03-25 14:49:13.013-0500 | EthScheduler-Workers-0 | INFO  | PersistBlockTask | Imported empty block #936 / 0 tx / 0 om / 0 (0.0%) gas / (0xeddab9888eb97128bbe879b7582d7b5c70945be343d4bd70dcf096150aa4f9ca) in 0.002s. Peers: 7
2026-03-25 14:49:18.012-0500 | EthScheduler-Workers-0 | INFO  | PersistBlockTask | Imported empty block #937 / 0 tx / 0 om / 0 (0.0%) gas / (0x4f3b64501b55abc654e93b4f50a670fe6245df15b3209ea9ccae0e3dc8fa5a87) in 0.001s. Peers: 7
2026-03-25 14:49:23.010-0500 | EthScheduler-Workers-0 | INFO  | PersistBlockTask | Imported empty block #938 / 0 tx / 0 om / 0 (0.0%) gas / (0xb8d5a03d34d82f83478f395cef93ce31a738c074db4ae9e3f4c746f199cafcd5) in 0.001s. Peers: 7
2026-03-25 14:49:36.551-0500 | EthScheduler-Workers-0 | INFO  | PersistBlockTask | Imported empty block #939 / 0 tx / 0 om / 0 (0.0%) gas / (0xda72d9a8651202485df7da13169be5946c8c4d58f5bedb524eebb81ff0db89b3) in 0.002s. Peers: 7
2026-03-25 14:49:41.009-0500 | EthScheduler-Workers-0 | INFO  | PersistBlockTask | Imported empty block #940 / 0 tx / 0 om / 0 (0.0%) gas / (0x460fad9bee61224892764ba5594a29e7494871bd9a9c1797227b9db528715e6f) in 0.002s. Peers: 7
2026-03-25 14:49:46.019-0500 | EthScheduler-Workers-0 | INFO  | PersistBlockTask | Imported empty block #941 / 0 tx / 0 om / 0 (0.0%) gas / (0xc9a3a4301d6bbd82542d902b4257f84348bf891765afb6ead1fa5800c7ca9d3c) in 0.002s. Peers: 7
2026-03-25 14:49:51.013-0500 | EthScheduler-Workers-0 | INFO  | PersistBlockTask | Imported empty block #942 / 0 tx / 0 om / 0 (0.0%) gas / (0x70b1149c3a60da4242b79203eb1f957cbf278f37c1a612f0e1a15afbd35cb433) in 0.002s. Peers: 7
2026-03-25 14:50:04.563-0500 | EthScheduler-Workers-0 | INFO  | PersistBlockTask | Imported empty block #943 / 0 tx / 0 om / 0 (0.0%) gas / (0x53fd172af3b5ab7feb1d70d3d7f987ee8a19cbc11ebdf299373ab302fc538cf9) in 0.002s. Peers: 7
2026-03-25 14:50:09.021-0500 | EthScheduler-Workers-0 | INFO  | PersistBlockTask | Imported empty block #944 / 0 tx / 0 om / 0 (0.0%) gas / (0xd0868460cd64b59ed16acad025e22f70a94b98586a9f3e325b4de9274b64f7f1) in 0.002s. Peers: 7
2026-03-25 14:50:14.010-0500 | EthScheduler-Workers-0 | INFO  | PersistBlockTask | Imported empty block #945 / 0 tx / 0 om / 0 (0.0%) gas / (0xf6aaad8d22337dddf94cfc1aca4013e9ec845502db99649d0a2eb2fabff0476b) in 0.002s. Peers: 7
2026-03-25 14:50:19.010-0500 | EthScheduler-Workers-0 | INFO  | PersistBlockTask | Imported empty block #946 / 0 tx / 0 om / 0 (0.0%) gas / (0xe4521a3f822a198731fee01d2491d7cd0b4cefcdc9ddd8e4127c42db16e06aed) in 0.001s. Peers: 7
2026-03-25 14:50:24.012-0500 | EthScheduler-Workers-0 | INFO  | PersistBlockTask | Imported empty block #947 / 0 tx / 0 om / 0 (0.0%) gas / (0x86fa197b18e67d79dad5169c4f93f58101f4c4d545c4ff539606240c2efa7948) in 0.003s. Peers: 7
2026-03-25 14:50:37.566-0500 | EthScheduler-Workers-0 | INFO  | PersistBlockTask | Imported empty block #948 / 0 tx / 0 om / 0 (0.0%) gas / (0x6d0a5fde64737bbf94e40b5166949eaf56930566189821d94813816c0a1b2308) in 0.002s. Peers: 7
2026-03-25 14:50:42.016-0500 | EthScheduler-Workers-0 | INFO  | PersistBlockTask | Imported empty block #949 / 0 tx / 0 om / 0 (0.0%) gas / (0x133dc7be3e5835f20c8f9a2b35b9003182e45e0b70e2c6e3d7d128ab25f63254) in 0.002s. Peers: 7
2026-03-25 14:50:47.008-0500 | EthScheduler-Workers-0 | INFO  | PersistBlockTask | Imported empty block #950 / 0 tx / 0 om / 0 (0.0%) gas / (0xf1d801fcb8b961f9dbfbcbc696e161caf0ab310d2c5e34007d99c7bec5c318e6) in 0.001s. Peers: 7
2026-03-25 14:50:52.010-0500 | EthScheduler-Workers-0 | INFO  | PersistBlockTask | Imported empty block #951 / 0 tx / 0 om / 0 (0.0%) gas / (0x63ca8a5462cb0dd43c0996eda83507303f25312603bfaafcc752d8c52ca14ee4) in 0.002s. Peers: 7
2026-03-25 14:51:05.559-0500 | EthScheduler-Workers-0 | INFO  | PersistBlockTask | Imported empty block #952 / 0 tx / 0 om / 0 (0.0%) gas / (0xbf82645152998777e7988a1075fb22327ed97d0a94965abebcaa4a7338361e24) in 0.002s. Peers: 7
2026-03-25 14:51:10.010-0500 | EthScheduler-Workers-0 | INFO  | PersistBlockTask | Imported empty block #953 / 0 tx / 0 om / 0 (0.0%) gas / (0x0e8a613fd500e44c891ed62b25bd9917d96c063e330f21dcffb8f14cec350a0d) in 0.002s. Peers: 7
2026-03-25 14:51:15.009-0500 | EthScheduler-Workers-0 | INFO  | PersistBlockTask | Imported empty block #954 / 0 tx / 0 om / 0 (0.0%) gas / (0x321a4ad0676d394ecc5b6957fa85a5763284294106352da94d308eb0925028e7) in 0.002s. Peers: 7
2026-03-25 14:51:20.012-0500 | EthScheduler-Workers-0 | INFO  | PersistBlockTask | Imported empty block #955 / 0 tx / 0 om / 0 (0.0%) gas / (0x1da9cfebdffb1682e5cbd43280ead0b3b5dbf953e03e89b29c115ae85d870e7c) in 0.005s. Peers: 7
2026-03-25 14:51:25.012-0500 | EthScheduler-Workers-0 | INFO  | PersistBlockTask | Imported empty block #956 / 0 tx / 0 om / 0 (0.0%) gas / (0x6292652887f734af7c8371fa36413d5d9393442cd43c07ac18bbc7c214e61af8) in 0.002s. Peers: 7
2026-03-25 14:51:38.525-0500 | EthScheduler-Workers-0 | INFO  | PersistBlockTask | Imported empty block #957 / 0 tx / 0 om / 0 (0.0%) gas / (0x80d0bb69740e3b7badac937b07e2266172d222963b7654d5a5eb2d4e3037770d) in 0.002s. Peers: 7
2026-03-25 14:51:43.012-0500 | EthScheduler-Workers-0 | INFO  | PersistBlockTask | Imported empty block #958 / 0 tx / 0 om / 0 (0.0%) gas / (0x8a3d68a3183031b45ff2c3ac499ea54d305ff5cf5824416ef87570e6d8baec51) in 0.003s. Peers: 7
2026-03-25 14:51:48.010-0500 | EthScheduler-Workers-0 | INFO  | PersistBlockTask | Imported empty block #959 / 0 tx / 0 om / 0 (0.0%) gas / (0x4610beba882e0f604f8650da278ca0167130ad2ad89e0c45c94a396bcd1890f4) in 0.001s. Peers: 7
2026-03-25 14:51:53.013-0500 | EthScheduler-Workers-0 | INFO  | PersistBlockTask | Imported empty block #960 / 0 tx / 0 om / 0 (0.0%) gas / (0xe63a4e0365a0146ef3941af9c38f57f91bc7511beb60347e203b0268dc9e9f30) in 0.001s. Peers: 7
2026-03-25 14:52:06.554-0500 | EthScheduler-Workers-0 | INFO  | PersistBlockTask | Imported empty block #961 / 0 tx / 0 om / 0 (0.0%) gas / (0xed2a0a0bbacda08d4734fc1f007aee9c42a18acc58c134a59e33d0bf20df4a4a) in 0.002s. Peers: 7
2026-03-25 14:52:11.011-0500 | EthScheduler-Workers-0 | INFO  | PersistBlockTask | Imported empty block #962 / 0 tx / 0 om / 0 (0.0%) gas / (0x2cf82cbd76306eafb39fa098251cc3204a613df7fd955e40b2c2632ba4c7466a) in 0.002s. Peers: 7
2026-03-25 14:52:16.009-0500 | EthScheduler-Workers-0 | INFO  | PersistBlockTask | Imported empty block #963 / 0 tx / 0 om / 0 (0.0%) gas / (0xd5a7ad7e7accf47e4cb36d051fed8cf57b15905b5695fcce05273d9aa97f0846) in 0.002s. Peers: 7
2026-03-25 14:52:21.010-0500 | EthScheduler-Workers-0 | INFO  | PersistBlockTask | Imported empty block #964 / 0 tx / 0 om / 0 (0.0%) gas / (0xa378ecd3d506ce41f8ba69638f5989e9bf249753571b78505a8f8e95ac6c1ed3) in 0.002s. Peers: 7
2026-03-25 14:52:26.011-0500 | EthScheduler-Workers-0 | INFO  | PersistBlockTask | Imported empty block #965 / 0 tx / 0 om / 0 (0.0%) gas / (0xc3d1b30d730157c88508377f32cf06180e462f916aec09a9651031ceda2ca7a0) in 0.002s. Peers: 7
2026-03-25 14:52:39.550-0500 | EthScheduler-Workers-0 | INFO  | PersistBlockTask | Imported empty block #966 / 0 tx / 0 om / 0 (0.0%) gas / (0xaee32c5e7082287bc68fd83ef0281e092a7216f0526e4361eacab557fe449bb5) in 0.002s. Peers: 7
2026-03-25 14:52:44.010-0500 | EthScheduler-Workers-0 | INFO  | PersistBlockTask | Imported empty block #967 / 0 tx / 0 om / 0 (0.0%) gas / (0x513ef64940799cda3a716b6a49f2ba0b7bf294456ababf7764ee303e5a056e80) in 0.001s. Peers: 7
2026-03-25 14:52:49.013-0500 | EthScheduler-Workers-0 | INFO  | PersistBlockTask | Imported empty block #968 / 0 tx / 0 om / 0 (0.0%) gas / (0x829bf09495b1aa47c46a703631b360997d11cb8cb280dec8a0811f0026545f82) in 0.004s. Peers: 7
2026-03-25 14:52:54.009-0500 | EthScheduler-Workers-0 | INFO  | PersistBlockTask | Imported empty block #969 / 0 tx / 0 om / 0 (0.0%) gas / (0x4dbee08c7d0f8fe8b0919bc2f966a0d2404528203dedad19df1c3fdd80c259ac) in 0.002s. Peers: 7
2026-03-25 14:52:59.010-0500 | EthScheduler-Workers-0 | INFO  | PersistBlockTask | Imported empty block #970 / 0 tx / 0 om / 0 (0.0%) gas / (0xa275a04cd179ce0c93e480c5768551d72cf0334d4aed998aec762ad7263c05b0) in 0.002s. Peers: 7
2026-03-25 14:53:12.555-0500 | EthScheduler-Workers-0 | INFO  | PersistBlockTask | Imported empty block #971 / 0 tx / 0 om / 0 (0.0%) gas / (0xa79734a7b7b9569b4eb7007c0950a868674e7959b24b730f6331fd633fae26ab) in 0.002s. Peers: 7
2026-03-25 14:53:17.010-0500 | EthScheduler-Workers-0 | INFO  | PersistBlockTask | Imported empty block #972 / 0 tx / 0 om / 0 (0.0%) gas / (0x98a491fa0924b029be77a3b11677e453e8774670c7d298b750c680ff7e4074c7) in 0.002s. Peers: 7
2026-03-25 14:53:22.011-0500 | EthScheduler-Workers-0 | INFO  | PersistBlockTask | Imported empty block #973 / 0 tx / 0 om / 0 (0.0%) gas / (0x1c4a0d496ec3fb1123f13661ad2236d659be2fde68c67119dd71aaf0854be215) in 0.002s. Peers: 7
2026-03-25 14:53:27.010-0500 | EthScheduler-Workers-0 | INFO  | PersistBlockTask | Imported empty block #974 / 0 tx / 0 om / 0 (0.0%) gas / (0xc9c339b8ef22d468e1b68fba3c6ccc3f8af73cb7a32e90e90854295a254c68c2) in 0.002s. Peers: 7
2026-03-25 14:53:40.558-0500 | EthScheduler-Workers-0 | INFO  | PersistBlockTask | Imported empty block #975 / 0 tx / 0 om / 0 (0.0%) gas / (0xdfb9bccbff2389210d279589abc8ceb75a681f551702dc6c875c67622abf30ef) in 0.002s. Peers: 7
2026-03-25 14:53:45.010-0500 | EthScheduler-Workers-0 | INFO  | PersistBlockTask | Imported empty block #976 / 0 tx / 0 om / 0 (0.0%) gas / (0x91f688edb8ff19b24bf11135260e1bf81f06a099c4edbd3790624b294f311089) in 0.001s. Peers: 7
2026-03-25 14:53:50.010-0500 | EthScheduler-Workers-0 | INFO  | PersistBlockTask | Imported empty block #977 / 0 tx / 0 om / 0 (0.0%) gas / (0x19929960dd1100bdd341de02116477866511d3214d8aa8152d0d3319c52c3ed7) in 0.002s. Peers: 7
2026-03-25 14:53:55.018-0500 | EthScheduler-Workers-0 | INFO  | PersistBlockTask | Imported empty block #978 / 0 tx / 0 om / 0 (0.0%) gas / (0x147ac6b3546ddf2fad24aca35f642c09aa5cb8df7488192917b35ff263dd830e) in 0.002s. Peers: 7
2026-03-25 14:54:00.009-0500 | EthScheduler-Workers-0 | INFO  | PersistBlockTask | Imported empty block #979 / 0 tx / 0 om / 0 (0.0%) gas / (0x014160eb0daa4e2216f8c03a0ac7b3cc4d6a190017a6b555728848c6afb06910) in 0.002s. Peers: 7
2026-03-25 14:54:13.549-0500 | EthScheduler-Workers-0 | INFO  | PersistBlockTask | Imported empty block #980 / 0 tx / 0 om / 0 (0.0%) gas / (0x3c391ca529cc6972ee41df0361c30b26df012d9f10ce08d0dc2d12d0f351927a) in 0.003s. Peers: 7
2026-03-25 14:54:18.010-0500 | EthScheduler-Workers-0 | INFO  | PersistBlockTask | Imported empty block #981 / 0 tx / 0 om / 0 (0.0%) gas / (0x89bb22f406f9fa7633887b7bfe71d33d01a048d10b8356233ee07c73eb63a7ca) in 0.001s. Peers: 7
2026-03-25 14:54:23.019-0500 | EthScheduler-Workers-0 | INFO  | PersistBlockTask | Imported empty block #982 / 0 tx / 0 om / 0 (0.0%) gas / (0x2293a935616cb44324406feb53f0c35f39ea675dd456729a037850cbb927b7ad) in 0.002s. Peers: 7
2026-03-25 14:54:28.025-0500 | EthScheduler-Workers-0 | INFO  | PersistBlockTask | Imported empty block #983 / 0 tx / 0 om / 0 (0.0%) gas / (0x91f23c5e2acb3930a7ffdcd4c2489032a63862cd8fb20dd7b36ec67d1437ca65) in 0.002s. Peers: 7
2026-03-25 14:54:41.516-0500 | EthScheduler-Workers-0 | INFO  | PersistBlockTask | Imported empty block #984 / 0 tx / 0 om / 0 (0.0%) gas / (0x8d0af562b730bf6998127c4ffb7edf33e8473f8036b7bc47081f29f439c52fdb) in 0.002s. Peers: 7
2026-03-25 14:54:46.012-0500 | EthScheduler-Workers-0 | INFO  | PersistBlockTask | Imported empty block #985 / 0 tx / 0 om / 0 (0.0%) gas / (0xc0c68a7cb4c62baf34efb784299df20414a0a081b163d648040a10ac93d1315c) in 0.004s. Peers: 7
2026-03-25 14:54:51.011-0500 | EthScheduler-Workers-0 | INFO  | PersistBlockTask | Imported empty block #986 / 0 tx / 0 om / 0 (0.0%) gas / (0xfb562763c5e179b6e33fce0b44e3ac58bc150327262755aee793a0f622445ddf) in 0.002s. Peers: 7
2026-03-25 14:54:56.008-0500 | EthScheduler-Workers-0 | INFO  | PersistBlockTask | Imported empty block #987 / 0 tx / 0 om / 0 (0.0%) gas / (0x2aa5398146391d3e07714fcf4ab5180f0e7fe47839ca6ad561647678533716b1) in 0.002s. Peers: 7
2026-03-25 14:55:01.014-0500 | EthScheduler-Workers-0 | INFO  | PersistBlockTask | Imported empty block #988 / 0 tx / 0 om / 0 (0.0%) gas / (0xf36051fd72da83d9f08edcd21743fb4840a0d0b0252ade03242daeb6fa22ab02) in 0.002s. Peers: 7
2026-03-25 14:55:14.556-0500 | EthScheduler-Workers-0 | INFO  | PersistBlockTask | Imported empty block #989 / 0 tx / 0 om / 0 (0.0%) gas / (0xb6e05ebfeef2b8d04e7761f250464f0ab974b699212bf0601ac3882080cde149) in 0.002s. Peers: 7
2026-03-25 14:55:19.010-0500 | EthScheduler-Workers-0 | INFO  | PersistBlockTask | Imported empty block #990 / 0 tx / 0 om / 0 (0.0%) gas / (0x89f75d60660034074624e5525f6951bc06094f32a81cc4f9ecaa5c69c573ef83) in 0.002s. Peers: 7
2026-03-25 14:55:24.012-0500 | EthScheduler-Workers-0 | INFO  | PersistBlockTask | Imported empty block #991 / 0 tx / 0 om / 0 (0.0%) gas / (0x32f2a8085e79f77d19041bbb42e235d1b842c34b58c7da36f3552fe5ac64d68d) in 0.002s. Peers: 7
2026-03-25 14:55:29.024-0500 | EthScheduler-Workers-0 | INFO  | PersistBlockTask | Imported empty block #992 / 0 tx / 0 om / 0 (0.0%) gas / (0x43f4c54dac636ff08db6218515efb3ac31b7287391f64837c2696be3ae33fff3) in 0.003s. Peers: 7
2026-03-25 14:55:42.558-0500 | EthScheduler-Workers-0 | INFO  | PersistBlockTask | Imported empty block #993 / 0 tx / 0 om / 0 (0.0%) gas / (0xafe53e000408a52789a31d8bee9d3b2886714ef639df58e763e641f8cbe798f9) in 0.002s. Peers: 7
2026-03-25 14:55:47.012-0500 | EthScheduler-Workers-0 | INFO  | PersistBlockTask | Imported empty block #994 / 0 tx / 0 om / 0 (0.0%) gas / (0x9e8f980ea5b00162c3cc7a15ee90b481a32984616d5144ecb0b5e2f36430c411) in 0.002s. Peers: 7
2026-03-25 14:55:52.010-0500 | EthScheduler-Workers-0 | INFO  | PersistBlockTask | Imported empty block #995 / 0 tx / 0 om / 0 (0.0%) gas / (0x7e88b00eed759f42d1ebf29b0dd54bce653b6f9822eac298d80a09ab68755294) in 0.001s. Peers: 7
2026-03-25 14:55:57.010-0500 | EthScheduler-Workers-0 | INFO  | PersistBlockTask | Imported empty block #996 / 0 tx / 0 om / 0 (0.0%) gas / (0x61dde37189c18cf98e2725c811fa421d9f75a83ed11a2483bfa969557a5c4d4f) in 0.002s. Peers: 7
2026-03-25 14:56:02.018-0500 | EthScheduler-Workers-0 | INFO  | PersistBlockTask | Imported empty block #997 / 0 tx / 0 om / 0 (0.0%) gas / (0xe51af02fb71ff5abebec6d6c9f106d5726ebc18cb89bd03675c42fda689c92e9) in 0.002s. Peers: 7
2026-03-25 14:56:15.554-0500 | EthScheduler-Workers-0 | INFO  | PersistBlockTask | Imported empty block #998 / 0 tx / 0 om / 0 (0.0%) gas / (0x7c085191a80fb8a2bb597c35935154295880e2ca6112ef8b703b394bfd2b159b) in 0.003s. Peers: 7
2026-03-25 14:56:20.011-0500 | EthScheduler-Workers-0 | INFO  | PersistBlockTask | Imported empty block #999 / 0 tx / 0 om / 0 (0.0%) gas / (0x64b584d371a6c0bd8d0f099339d5329a88a85f6232e70a2127ae23b8300874d6) in 0.001s. Peers: 7
2026-03-25 14:56:25.013-0500 | EthScheduler-Workers-0 | INFO  | PersistBlockTask | Imported empty block #1,000 / 0 tx / 0 om / 0 (0.0%) gas / (0x3464d5581b14af9b3dee37780783360c4c0ba40cf9985075b0b767c0c417181d) in 0.003s. Peers: 7
2026-03-25 14:56:30.010-0500 | EthScheduler-Workers-0 | INFO  | PersistBlockTask | Imported empty block #1,001 / 0 tx / 0 om / 0 (0.0%) gas / (0xe14ae5649f085f3488a435ccfba1f3051a5ac7aef413141a04fc9f0b609e0d26) in 0.002s. Peers: 7
2026-03-25 14:56:43.575-0500 | EthScheduler-Workers-0 | INFO  | PersistBlockTask | Imported empty block #1,002 / 0 tx / 0 om / 0 (0.0%) gas / (0x573f98212fa019a6676c779b2114464baab82ac314422e11c1477f3cdb19cf90) in 0.003s. Peers: 7
2026-03-25 14:56:48.010-0500 | EthScheduler-Workers-0 | INFO  | PersistBlockTask | Imported empty block #1,003 / 0 tx / 0 om / 0 (0.0%) gas / (0xdfc7779b8bccd88139f50e6bb31036999cad48f98c61bdc59655d5aebc1351b5) in 0.002s. Peers: 7
2026-03-25 14:56:53.011-0500 | EthScheduler-Workers-0 | INFO  | PersistBlockTask | Imported empty block #1,004 / 0 tx / 0 om / 0 (0.0%) gas / (0xb43d91b04005e24ea737e2010e08e080316dfb96179c286b9282610d19342a05) in 0.001s. Peers: 7
2026-03-25 14:56:58.011-0500 | EthScheduler-Workers-0 | INFO  | PersistBlockTask | Imported empty block #1,005 / 0 tx / 0 om / 0 (0.0%) gas / (0xeba9355aa2d66f1a64fdb83fa919dc5dffba3a7d94a16a0b75988ff91917d2e2) in 0.002s. Peers: 7
2026-03-25 14:57:03.011-0500 | EthScheduler-Workers-0 | INFO  | PersistBlockTask | Imported empty block #1,006 / 0 tx / 0 om / 0 (0.0%) gas / (0xfd5d596ddac84e631ca7eec18d87f7d5aabdbaac56e8ac8d2101f50479234d15) in 0.002s. Peers: 7
2026-03-25 14:57:16.527-0500 | EthScheduler-Workers-0 | INFO  | PersistBlockTask | Imported empty block #1,007 / 0 tx / 0 om / 0 (0.0%) gas / (0x3c9ff43267193cc111d31dab4eea42a3c2cdda80b4dfde003fcf5e378147de10) in 0.003s. Peers: 7
2026-03-25 14:57:21.011-0500 | EthScheduler-Workers-0 | INFO  | PersistBlockTask | Imported empty block #1,008 / 0 tx / 0 om / 0 (0.0%) gas / (0x43e80241ddb58423cf352b92d0a21879933e33d0cc3a7a0ae4417f631b9cc124) in 0.002s. Peers: 7
2026-03-25 14:57:26.024-0500 | EthScheduler-Workers-0 | INFO  | PersistBlockTask | Imported empty block #1,009 / 0 tx / 0 om / 0 (0.0%) gas / (0x22dbeb45cce6bd7c5761a537e208f82819ab984856dae18019e9d2d468288347) in 0.002s. Peers: 7
2026-03-25 14:57:31.013-0500 | EthScheduler-Workers-0 | INFO  | PersistBlockTask | Imported empty block #1,010 / 0 tx / 0 om / 0 (0.0%) gas / (0xfe85f815103418543153931c9fe52daed46c82dd3dbc5d355b678fc13a146b3b) in 0.002s. Peers: 7
2026-03-25 14:57:36.010-0500 | EthScheduler-Workers-0 | INFO  | PersistBlockTask | Imported empty block #1,011 / 0 tx / 0 om / 0 (0.0%) gas / (0x55bf532a232c18f483aa8704d585aff93c085ada5f975ddb6f48602fd544d0a9) in 0.001s. Peers: 7
2026-03-25 14:57:49.530-0500 | EthScheduler-Workers-0 | INFO  | PersistBlockTask | Imported empty block #1,012 / 0 tx / 0 om / 0 (0.0%) gas / (0xa611f80dc40b6f433daa39827ca934be844e45a483f01e2c69d65f0b354df0dc) in 0.002s. Peers: 7
2026-03-25 14:57:54.010-0500 | EthScheduler-Workers-0 | INFO  | PersistBlockTask | Imported empty block #1,013 / 0 tx / 0 om / 0 (0.0%) gas / (0xa426ce005dae929c01c879e2dabd3fe97e20e0e1cfa5b10e6a5aa3e4a75a8868) in 0.002s. Peers: 7
2026-03-25 14:57:59.010-0500 | EthScheduler-Workers-0 | INFO  | PersistBlockTask | Imported empty block #1,014 / 0 tx / 0 om / 0 (0.0%) gas / (0x5d3b7d775a89dc6eb8bb38f1e78790c2a86145dadfed129473fede7825253082) in 0.003s. Peers: 7
2026-03-25 14:58:04.012-0500 | EthScheduler-Workers-0 | INFO  | PersistBlockTask | Imported empty block #1,015 / 0 tx / 0 om / 0 (0.0%) gas / (0xf35549daf4d2c0f6e8a79be836534ed09816d7da31fc0e23529073edbac41eec) in 0.002s. Peers: 7
2026-03-25 14:58:17.551-0500 | EthScheduler-Workers-0 | INFO  | PersistBlockTask | Imported empty block #1,016 / 0 tx / 0 om / 0 (0.0%) gas / (0x02832f0850fe864f8375bf5afd97daf6d02d707e0f841cff605416e910d6682d) in 0.002s. Peers: 7
2026-03-25 14:58:22.011-0500 | EthScheduler-Workers-0 | INFO  | PersistBlockTask | Imported empty block #1,017 / 0 tx / 0 om / 0 (0.0%) gas / (0xab4c06e9de4fd5468ed0ed853acda165e2960dc117e889ac037e15090ad50e32) in 0.001s. Peers: 7
2026-03-25 14:58:27.012-0500 | EthScheduler-Workers-0 | INFO  | PersistBlockTask | Imported empty block #1,018 / 0 tx / 0 om / 0 (0.0%) gas / (0x663a4db9465efc1f599070c83c79e475dc02edba5d5885babc59c4d36a93ebc3) in 0.001s. Peers: 7
2026-03-25 14:58:32.012-0500 | EthScheduler-Workers-0 | INFO  | PersistBlockTask | Imported empty block #1,019 / 0 tx / 0 om / 0 (0.0%) gas / (0x3c3a68d8596fc2b1cae7f8e1a169773010e5f208ef60968aa76d8f2edf456d14) in 0.004s. Peers: 7
2026-03-25 14:58:37.012-0500 | EthScheduler-Workers-0 | INFO  | PersistBlockTask | Imported empty block #1,020 / 0 tx / 0 om / 0 (0.0%) gas / (0xa9217776186f0b7144c6a41de294cd62e24077b9fe9ac32b41efa59d14f15f0b) in 0.002s. Peers: 7
2026-03-25 14:58:50.554-0500 | EthScheduler-Workers-0 | INFO  | PersistBlockTask | Imported empty block #1,021 / 0 tx / 0 om / 0 (0.0%) gas / (0x0b1d57ba12d25d85c19d35cd3822311f060495f12bd5001eecfed29ebaad08f0) in 0.002s. Peers: 7
2026-03-25 14:58:55.011-0500 | EthScheduler-Workers-0 | INFO  | PersistBlockTask | Imported empty block #1,022 / 0 tx / 0 om / 0 (0.0%) gas / (0xf524676ebe4dc1d819ffb2362d3a90505b46353db45a3aed4ac732809050c78e) in 0.001s. Peers: 7
2026-03-25 14:59:00.012-0500 | EthScheduler-Workers-0 | INFO  | PersistBlockTask | Imported empty block #1,023 / 0 tx / 0 om / 0 (0.0%) gas / (0xce9eee7fb6e28eff0f20606f05d9ddcd0a006e2369256a27d9deb5c3b5a150a5) in 0.003s. Peers: 7
2026-03-25 14:59:05.009-0500 | EthScheduler-Workers-0 | INFO  | PersistBlockTask | Imported empty block #1,024 / 0 tx / 0 om / 0 (0.0%) gas / (0x920dcab647216b8bf37e726925c42fe6a7563c37de434a5e25d7c685338c4edd) in 0.002s. Peers: 7
2026-03-25 14:59:18.552-0500 | EthScheduler-Workers-0 | INFO  | PersistBlockTask | Imported empty block #1,025 / 0 tx / 0 om / 0 (0.0%) gas / (0x4d79e139a215af3c0f26c032cc8765626b0727046fb6f865e62b23246cd1a320) in 0.003s. Peers: 7
2026-03-25 14:59:23.010-0500 | EthScheduler-Workers-0 | INFO  | PersistBlockTask | Imported empty block #1,026 / 0 tx / 0 om / 0 (0.0%) gas / (0x54b6322cf88273b0fb86e11812abd83f127812da6add0c2d88b1a30310d310e3) in 0.002s. Peers: 7
2026-03-25 14:59:28.011-0500 | EthScheduler-Workers-0 | INFO  | PersistBlockTask | Imported empty block #1,027 / 0 tx / 0 om / 0 (0.0%) gas / (0xeaae0471c1563dd3c2b9fa90ed8e68ed3c4d8c1924863724af9ea63b633eee9a) in 0.002s. Peers: 7
2026-03-25 14:59:33.011-0500 | EthScheduler-Workers-0 | INFO  | PersistBlockTask | Imported empty block #1,028 / 0 tx / 0 om / 0 (0.0%) gas / (0x128fc39d4143c86bf60b7cf0b1b1fbdc49e2e564b54e3f0d7daa8b1403b900e2) in 0.002s. Peers: 7
2026-03-25 14:59:38.010-0500 | EthScheduler-Workers-0 | INFO  | PersistBlockTask | Imported empty block #1,029 / 0 tx / 0 om / 0 (0.0%) gas / (0x010f9ba55ab25b4213e2ce8d02290f369893501002a3edf1c034658ed48e0940) in 0.002s. Peers: 7
2026-03-25 14:59:51.561-0500 | EthScheduler-Workers-0 | INFO  | PersistBlockTask | Imported empty block #1,030 / 0 tx / 0 om / 0 (0.0%) gas / (0x0ba33fc9cfbccd9a80f50f8629afa010ceadc70a3409bd11a1f780084857e262) in 0.003s. Peers: 7
2026-03-25 14:59:56.015-0500 | EthScheduler-Workers-0 | INFO  | PersistBlockTask | Imported empty block #1,031 / 0 tx / 0 om / 0 (0.0%) gas / (0xb777c92ebbc0b4bc39c73b2fa8dd16523c0af3ff001d8b3af38d0e4e5e844451) in 0.002s. Peers: 7
2026-03-25 15:00:01.012-0500 | EthScheduler-Workers-0 | INFO  | PersistBlockTask | Imported empty block #1,032 / 0 tx / 0 om / 0 (0.0%) gas / (0x9e3e6f711ac0905052fcb0a89a444cd2f4e646eb99ef9dba1585ab6e08feadda) in 0.004s. Peers: 7
2026-03-25 15:00:06.011-0500 | EthScheduler-Workers-0 | INFO  | PersistBlockTask | Imported empty block #1,033 / 0 tx / 0 om / 0 (0.0%) gas / (0x4a13d85618c59016d20cf19f1816432b5a55160dad014a8d7f17c1307fec156a) in 0.002s. Peers: 7
2026-03-25 15:00:19.530-0500 | EthScheduler-Workers-0 | INFO  | PersistBlockTask | Imported empty block #1,034 / 0 tx / 0 om / 0 (0.0%) gas / (0xceb015277194ef5a5806b033c3c67061449bb021febcccec6955456ae14b995f) in 0.002s. Peers: 7
2026-03-25 15:00:24.009-0500 | EthScheduler-Workers-0 | INFO  | PersistBlockTask | Imported empty block #1,035 / 0 tx / 0 om / 0 (0.0%) gas / (0x7b06bc737d88987ba942dec001c80ed572dfd570cafca42d62a8ca6428e960d8) in 0.001s. Peers: 7
2026-03-25 15:00:29.009-0500 | EthScheduler-Workers-0 | INFO  | PersistBlockTask | Imported empty block #1,036 / 0 tx / 0 om / 0 (0.0%) gas / (0x0f1292540bb869edec538f3aceeb6368a08854b2b370bc810f6acb4141adfead) in 0.001s. Peers: 7
2026-03-25 15:00:34.010-0500 | EthScheduler-Workers-0 | INFO  | PersistBlockTask | Imported empty block #1,037 / 0 tx / 0 om / 0 (0.0%) gas / (0xc9646e48c65f501dfebf0bba8de67b675e106b16ece7caacb345e96aa7c97e51) in 0.002s. Peers: 7
2026-03-25 15:00:39.017-0500 | EthScheduler-Workers-0 | INFO  | PersistBlockTask | Imported empty block #1,038 / 0 tx / 0 om / 0 (0.0%) gas / (0x04fb8bee7384a129669b22fb2176f1f4855cc9e7598ab14766a24dc6127e6e92) in 0.002s. Peers: 7
2026-03-25 15:00:52.538-0500 | EthScheduler-Workers-0 | INFO  | PersistBlockTask | Imported empty block #1,039 / 0 tx / 0 om / 0 (0.0%) gas / (0xb9893f10b87a4043cec16671f0a4a2a14d49bfcf3e3aded627d4c623c5b98a07) in 0.004s. Peers: 7
2026-03-25 15:00:57.014-0500 | EthScheduler-Workers-0 | INFO  | PersistBlockTask | Imported empty block #1,040 / 0 tx / 0 om / 0 (0.0%) gas / (0x26af866950f9e9980093b71e719c9e06e6453ce571d583f5c43a21a13522cc85) in 0.002s. Peers: 7
2026-03-25 15:01:02.009-0500 | EthScheduler-Workers-0 | INFO  | PersistBlockTask | Imported empty block #1,041 / 0 tx / 0 om / 0 (0.0%) gas / (0xb49d85ec927a6c4f36a534de8df33bc0cfcda99afc69f9ff9c63137c57002da9) in 0.002s. Peers: 7
2026-03-25 15:01:07.013-0500 | EthScheduler-Workers-0 | INFO  | PersistBlockTask | Imported empty block #1,042 / 0 tx / 0 om / 0 (0.0%) gas / (0x34449c11bb6688ae1b908bc4d13195bd8d3ec0621d01b17a1d1c0f989d8a1320) in 0.003s. Peers: 7
2026-03-25 15:01:20.569-0500 | EthScheduler-Workers-0 | INFO  | PersistBlockTask | Imported empty block #1,043 / 0 tx / 0 om / 0 (0.0%) gas / (0xb62cf10705aa1fe8e022cda310593cad3a66b7e72db01b274b2b95836090bb41) in 0.002s. Peers: 7
2026-03-25 15:01:25.010-0500 | EthScheduler-Workers-0 | INFO  | PersistBlockTask | Imported empty block #1,044 / 0 tx / 0 om / 0 (0.0%) gas / (0xab0852c94be67e636603c8b32bbaa3137499a498ad9542517705d67933a13224) in 0.002s. Peers: 7
2026-03-25 15:01:30.011-0500 | EthScheduler-Workers-0 | INFO  | PersistBlockTask | Imported empty block #1,045 / 0 tx / 0 om / 0 (0.0%) gas / (0x138560758ba0da425d9640c0c289bd4c4e2385fd140c85cdd66185b00b83ef29) in 0.002s. Peers: 7
2026-03-25 15:01:35.010-0500 | EthScheduler-Workers-0 | INFO  | PersistBlockTask | Imported empty block #1,046 / 0 tx / 0 om / 0 (0.0%) gas / (0x0a0416769db272371e7e294e2db0d5eb479e8a34f1ccc69060e6bf208480e5fc) in 0.002s. Peers: 7
2026-03-25 15:01:40.042-0500 | EthScheduler-Workers-0 | INFO  | PersistBlockTask | Imported empty block #1,047 / 0 tx / 0 om / 0 (0.0%) gas / (0xf4e5f45da8ffcc45f51888810de7ac2182ad49d198334b0a506764b0b6513273) in 0.002s. Peers: 7
2026-03-25 15:01:53.568-0500 | EthScheduler-Workers-0 | INFO  | PersistBlockTask | Imported empty block #1,048 / 0 tx / 0 om / 0 (0.0%) gas / (0xa879ec12d121e7ac4ab18acf610611744fc94da793eddd8b7b2b01e64bccec27) in 0.002s. Peers: 7
2026-03-25 15:01:58.009-0500 | EthScheduler-Workers-0 | INFO  | PersistBlockTask | Imported empty block #1,049 / 0 tx / 0 om / 0 (0.0%) gas / (0x7f7ba6d92a647f9d401b4d23edf2570c0684c48264b391acdabb2e097ebd21c4) in 0.002s. Peers: 7
2026-03-25 15:02:03.015-0500 | EthScheduler-Workers-0 | INFO  | PersistBlockTask | Imported empty block #1,050 / 0 tx / 0 om / 0 (0.0%) gas / (0x3ad54108fbd437b25d8bb4d46bbd80cf4b82d1b66171f466f018d7dabcf963de) in 0.001s. Peers: 7
2026-03-25 15:02:08.015-0500 | EthScheduler-Workers-0 | INFO  | PersistBlockTask | Imported empty block #1,051 / 0 tx / 0 om / 0 (0.0%) gas / (0x0409947155123dac4143b7c12945bbcefb55923c0392f1214f7bba7cd474826a) in 0.002s. Peers: 7
2026-03-25 15:02:13.012-0500 | EthScheduler-Workers-0 | INFO  | PersistBlockTask | Imported empty block #1,052 / 0 tx / 0 om / 0 (0.0%) gas / (0xafa9b4fa1a4883c644e6bdc0927ece9ccb5d1db0bd32663d3b6e21567a8ba246) in 0.001s. Peers: 7
2026-03-25 15:02:26.556-0500 | EthScheduler-Workers-0 | INFO  | PersistBlockTask | Imported empty block #1,053 / 0 tx / 0 om / 0 (0.0%) gas / (0x0d0fcee703f6ab65aa0f52cf4ace0faaf28b57d62ca172a83b38af37dac22e13) in 0.003s. Peers: 7
2026-03-25 15:02:31.011-0500 | EthScheduler-Workers-0 | INFO  | PersistBlockTask | Imported empty block #1,054 / 0 tx / 0 om / 0 (0.0%) gas / (0xae08c6946b1618a9086afa0c59d7fcddc9e3e590415b4e96b41080d84cfb6583) in 0.001s. Peers: 7
2026-03-25 15:02:36.012-0500 | EthScheduler-Workers-0 | INFO  | PersistBlockTask | Imported empty block #1,055 / 0 tx / 0 om / 0 (0.0%) gas / (0x977aa538cc3f5704e19319a2913c45500e0a0f94f3e94636e5cfcf45fab5ce6d) in 0.002s. Peers: 7
2026-03-25 15:02:41.012-0500 | EthScheduler-Workers-0 | INFO  | PersistBlockTask | Imported empty block #1,056 / 0 tx / 0 om / 0 (0.0%) gas / (0xe72cee67fdc7d5feebe83f6a913a1038d62a5625dcac324f82c6bb2e90aba6c9) in 0.003s. Peers: 7
2026-03-25 15:02:54.549-0500 | EthScheduler-Workers-0 | INFO  | PersistBlockTask | Imported empty block #1,057 / 0 tx / 0 om / 0 (0.0%) gas / (0x145bc767442300ef5a241b4170759af54975d33762a18264115612417c47f96d) in 0.002s. Peers: 7
2026-03-25 15:02:59.012-0500 | EthScheduler-Workers-0 | INFO  | PersistBlockTask | Imported empty block #1,058 / 0 tx / 0 om / 0 (0.0%) gas / (0x7f5772abb390b3799b110d862c6c4facc7063dbde3f20b5e6923d634b7c5bca9) in 0.001s. Peers: 7
2026-03-25 15:03:04.019-0500 | EthScheduler-Workers-0 | INFO  | PersistBlockTask | Imported empty block #1,059 / 0 tx / 0 om / 0 (0.0%) gas / (0x0331a0baa718764d5ff9256b9ade106cc662c68bdb875215ef7e2399eab6de25) in 0.002s. Peers: 7
2026-03-25 15:03:09.014-0500 | EthScheduler-Workers-0 | INFO  | PersistBlockTask | Imported empty block #1,060 / 0 tx / 0 om / 0 (0.0%) gas / (0x195566612a2138c0718064b72478a15bbcf33d48619193a36c8d8852f83fbe20) in 0.004s. Peers: 7
2026-03-25 15:03:14.011-0500 | EthScheduler-Workers-0 | INFO  | PersistBlockTask | Imported empty block #1,061 / 0 tx / 0 om / 0 (0.0%) gas / (0x1c60c1eba8cfb80bef0011cc1d9b25e656aa9684bad372c62019dd9900c756a9) in 0.002s. Peers: 7
2026-03-25 15:03:27.516-0500 | EthScheduler-Workers-0 | INFO  | PersistBlockTask | Imported empty block #1,062 / 0 tx / 0 om / 0 (0.0%) gas / (0xc537c913790688b789c2016347faacde11f1366c46e3f263834ed32a1e502675) in 0.003s. Peers: 7
2026-03-25 15:03:32.011-0500 | EthScheduler-Workers-0 | INFO  | PersistBlockTask | Imported empty block #1,063 / 0 tx / 0 om / 0 (0.0%) gas / (0x590ac5ea755ebc1d7305e0e3013a75b8f4760f82695d4b98e1f0bd1412116632) in 0.002s. Peers: 7
2026-03-25 15:03:37.009-0500 | EthScheduler-Workers-0 | INFO  | PersistBlockTask | Imported empty block #1,064 / 0 tx / 0 om / 0 (0.0%) gas / (0x520811ca3703a76f7e7adee7834f3a5de1144a86478a18b5820b25b10bc68a0d) in 0.001s. Peers: 7
2026-03-25 15:03:42.010-0500 | EthScheduler-Workers-0 | INFO  | PersistBlockTask | Imported empty block #1,065 / 0 tx / 0 om / 0 (0.0%) gas / (0x486f2b2b9bd27d8d711337e775f649f1a6c1b59ce6a0b889f3be4b2792185386) in 0.003s. Peers: 7
2026-03-25 15:03:55.562-0500 | EthScheduler-Workers-0 | INFO  | PersistBlockTask | Imported empty block #1,066 / 0 tx / 0 om / 0 (0.0%) gas / (0x31fa150272e8c403ef7e1d2319b63e6f845d72fd7ceffd0f34613f5339a6942c) in 0.002s. Peers: 7
2026-03-25 15:04:00.015-0500 | EthScheduler-Workers-0 | INFO  | PersistBlockTask | Imported empty block #1,067 / 0 tx / 0 om / 0 (0.0%) gas / (0xa9d8b6858d95b5f0a6a958762f18106ff152656dc42e5e823389334b34cc2f2e) in 0.002s. Peers: 7
2026-03-25 15:04:05.011-0500 | EthScheduler-Workers-0 | INFO  | PersistBlockTask | Imported empty block #1,068 / 0 tx / 0 om / 0 (0.0%) gas / (0xb254dbac6258493863fe002b589e374d88c79cabd20d76c3d0956202cfdba9d7) in 0.002s. Peers: 7
2026-03-25 15:04:10.010-0500 | EthScheduler-Workers-0 | INFO  | PersistBlockTask | Imported empty block #1,069 / 0 tx / 0 om / 0 (0.0%) gas / (0xd69d37343e33d4c2dffb13b57570326af139a7b1e90195d90f055c8889ec22c9) in 0.002s. Peers: 7
2026-03-25 15:04:15.042-0500 | EthScheduler-Workers-0 | INFO  | PersistBlockTask | Imported empty block #1,070 / 0 tx / 0 om / 0 (0.0%) gas / (0xd099a4883cb3ed50038b92f1b10fa750338146db23d863f2e65ee47fe209738b) in 0.001s. Peers: 7
2026-03-25 15:04:28.547-0500 | EthScheduler-Workers-0 | INFO  | PersistBlockTask | Imported empty block #1,071 / 0 tx / 0 om / 0 (0.0%) gas / (0xdb169c98fbfa5ea8783b11e674b274c2d9c173f8ebd2f97f9f96f3a8f291c1f1) in 0.002s. Peers: 7
2026-03-25 15:04:33.016-0500 | EthScheduler-Workers-0 | INFO  | PersistBlockTask | Imported empty block #1,072 / 0 tx / 0 om / 0 (0.0%) gas / (0x3e73a99a900942e169f2795841deaf8eb38cf9b2020c3b376cd17d478584ea7c) in 0.002s. Peers: 7
2026-03-25 15:04:38.010-0500 | EthScheduler-Workers-0 | INFO  | PersistBlockTask | Imported empty block #1,073 / 0 tx / 0 om / 0 (0.0%) gas / (0x644ef985e4c650fd59c3aa73552dee8497f7618c894f47121bab5f895f7cfb8d) in 0.002s. Peers: 7
2026-03-25 15:04:43.019-0500 | EthScheduler-Workers-0 | INFO  | PersistBlockTask | Imported empty block #1,074 / 0 tx / 0 om / 0 (0.0%) gas / (0xad97a3adc030a4bce45e9d080b9e8e40e2dc8c643723145e66bd110ff0eca294) in 0.002s. Peers: 7
2026-03-25 15:04:56.550-0500 | EthScheduler-Workers-0 | INFO  | PersistBlockTask | Imported empty block #1,075 / 0 tx / 0 om / 0 (0.0%) gas / (0x0ebc8e9cbd6bae8887b0c39625acda8247c7933534ccf7182ce8bc2b2e387138) in 0.002s. Peers: 7
2026-03-25 15:05:01.010-0500 | EthScheduler-Workers-0 | INFO  | PersistBlockTask | Imported empty block #1,076 / 0 tx / 0 om / 0 (0.0%) gas / (0xe2bfef4969d153d97a1cbae8903f69b797354bf94c86f42984f362e95c4cd280) in 0.001s. Peers: 7
2026-03-25 15:05:06.016-0500 | EthScheduler-Workers-0 | INFO  | PersistBlockTask | Imported empty block #1,077 / 0 tx / 0 om / 0 (0.0%) gas / (0x483d3ad90bd92b64a14cd1e40a6145e71f4c4d6f4ec7ae1e183ad276d73b27b5) in 0.003s. Peers: 7
2026-03-25 15:05:11.009-0500 | EthScheduler-Workers-0 | INFO  | PersistBlockTask | Imported empty block #1,078 / 0 tx / 0 om / 0 (0.0%) gas / (0xdb2164296eaf7508d1b991ebbce60b9eea93871128017c0684af3118210ec8fc) in 0.002s. Peers: 7
2026-03-25 15:05:16.011-0500 | EthScheduler-Workers-0 | INFO  | PersistBlockTask | Imported empty block #1,079 / 0 tx / 0 om / 0 (0.0%) gas / (0xced19e62e26ce6da73662047206fe6dd69041a3d88572b258c9de93b40122cc3) in 0.002s. Peers: 7
2026-03-25 15:05:29.538-0500 | EthScheduler-Workers-0 | INFO  | PersistBlockTask | Imported empty block #1,080 / 0 tx / 0 om / 0 (0.0%) gas / (0xb30e79bffc41a5a1d32badce4701e5b5af7cef6bc9b699cd3d46aac289611cd3) in 0.001s. Peers: 7
2026-03-25 15:05:34.013-0500 | EthScheduler-Workers-0 | INFO  | PersistBlockTask | Imported empty block #1,081 / 0 tx / 0 om / 0 (0.0%) gas / (0x477cd29787e0a6598eefadb362d3c87a90fc5276f66cf81a0e361c50bc079f3d) in 0.002s. Peers: 7
2026-03-25 15:05:39.012-0500 | EthScheduler-Workers-0 | INFO  | PersistBlockTask | Imported empty block #1,082 / 0 tx / 0 om / 0 (0.0%) gas / (0x16a3a7c54b85675f1facca59210938e4005f0acb1f86d8c24df5b23b6c5ece18) in 0.002s. Peers: 7
2026-03-25 15:05:44.009-0500 | EthScheduler-Workers-0 | INFO  | PersistBlockTask | Imported empty block #1,083 / 0 tx / 0 om / 0 (0.0%) gas / (0xb243875a906033d570f8dfa8ea224cf2d85818c773453a9f86cc2bd4388257b0) in 0.001s. Peers: 7
2026-03-25 15:05:57.535-0500 | EthScheduler-Workers-0 | INFO  | PersistBlockTask | Imported empty block #1,084 / 0 tx / 0 om / 0 (0.0%) gas / (0xbf5f094d8720f08b96d3cfdc6e19d33f479b099c33fb6aa7079dd97bc6905704) in 0.003s. Peers: 7
2026-03-25 15:06:02.013-0500 | EthScheduler-Workers-0 | INFO  | PersistBlockTask | Imported empty block #1,085 / 0 tx / 0 om / 0 (0.0%) gas / (0x464848e33c545d301887a3b417c05a24ad6959f18abea5db112fe048e51c57b7) in 0.003s. Peers: 7
2026-03-25 15:06:07.013-0500 | EthScheduler-Workers-0 | INFO  | PersistBlockTask | Imported empty block #1,086 / 0 tx / 0 om / 0 (0.0%) gas / (0xf7b6a728c0d1459c1cd6641f129edbfa8bd6e045543245007b9727b823ff0793) in 0.002s. Peers: 7
2026-03-25 15:06:12.013-0500 | EthScheduler-Workers-0 | INFO  | PersistBlockTask | Imported empty block #1,087 / 0 tx / 0 om / 0 (0.0%) gas / (0x8a244b9b993ddab9b7f7936432b0ee83d92eb735553b10cb18d22c7dc7cbf1d3) in 0.002s. Peers: 7
2026-03-25 15:06:17.010-0500 | EthScheduler-Workers-0 | INFO  | PersistBlockTask | Imported empty block #1,088 / 0 tx / 0 om / 0 (0.0%) gas / (0x98ee80c0d9e56609d5f192d4678a7b1f578bbeeeff5be1bcf44fa40ff96e846c) in 0.002s. Peers: 7
2026-03-25 15:06:30.547-0500 | EthScheduler-Workers-0 | INFO  | PersistBlockTask | Imported empty block #1,089 / 0 tx / 0 om / 0 (0.0%) gas / (0x5499c23acb9d248bb7c309b32b284b93aa7323b204eb19e4f5e384bdde02690a) in 0.001s. Peers: 7
2026-03-25 15:06:35.020-0500 | EthScheduler-Workers-0 | INFO  | PersistBlockTask | Imported empty block #1,090 / 0 tx / 0 om / 0 (0.0%) gas / (0x7926765640edb693326aa3dfa73e937755b782d58cd49fe1057aedb1d00c5896) in 0.002s. Peers: 7
2026-03-25 15:06:40.017-0500 | EthScheduler-Workers-0 | INFO  | PersistBlockTask | Imported empty block #1,091 / 0 tx / 0 om / 0 (0.0%) gas / (0x9efcad70fd2dc18d60560de0a6874b818d1592d14a513c4df5e7837bc224c09a) in 0.003s. Peers: 7
2026-03-25 15:06:45.009-0500 | EthScheduler-Workers-0 | INFO  | PersistBlockTask | Imported empty block #1,092 / 0 tx / 0 om / 0 (0.0%) gas / (0x3283f096a96de77ae01b5f5c331c966d99b32bf641d3f6231774619552eedb02) in 0.002s. Peers: 7
2026-03-25 15:06:50.015-0500 | EthScheduler-Workers-0 | INFO  | PersistBlockTask | Imported empty block #1,093 / 0 tx / 0 om / 0 (0.0%) gas / (0xbb14c5e77bbfe1340ce4b0d54ffb5d72346f608c2e90412ffaa1499c32cc8c34) in 0.002s. Peers: 7
2026-03-25 15:07:03.580-0500 | EthScheduler-Workers-0 | INFO  | PersistBlockTask | Imported empty block #1,094 / 0 tx / 0 om / 0 (0.0%) gas / (0x6832cbae31ead0a96824aad1ecfba57a97cddee7597d74943e1acd1e87e417a1) in 0.002s. Peers: 7
2026-03-25 15:07:08.015-0500 | EthScheduler-Workers-0 | INFO  | PersistBlockTask | Imported empty block #1,095 / 0 tx / 0 om / 0 (0.0%) gas / (0x79814123aa1ba62b4732149b99e9bc2f3febf032cf89abc40dbf29f8ab6f62fd) in 0.003s. Peers: 7
2026-03-25 15:07:13.010-0500 | EthScheduler-Workers-0 | INFO  | PersistBlockTask | Imported empty block #1,096 / 0 tx / 0 om / 0 (0.0%) gas / (0xdec862cb98bdaaba50d702643b390984eea3b6615b9b140536bad0d48245dc1a) in 0.002s. Peers: 7
2026-03-25 15:07:18.015-0500 | EthScheduler-Workers-0 | INFO  | PersistBlockTask | Imported empty block #1,097 / 0 tx / 0 om / 0 (0.0%) gas / (0x1d10d2a3f6d9fc704a0912609283a5fad87a2fd6828a9006d578860b916fbfdb) in 0.002s. Peers: 7
2026-03-25 15:07:31.538-0500 | EthScheduler-Workers-0 | INFO  | PersistBlockTask | Imported empty block #1,098 / 0 tx / 0 om / 0 (0.0%) gas / (0x0362ff0408a01ba5a2a513d027c96a0f4e2361716596eb1d8369ff84f0b45d8e) in 0.002s. Peers: 7
2026-03-25 15:07:36.014-0500 | EthScheduler-Workers-0 | INFO  | PersistBlockTask | Imported empty block #1,099 / 0 tx / 0 om / 0 (0.0%) gas / (0xb08b63a1377b884f58a62b6b0342e83878b2813085bfe7432e2f41f4e9d1b679) in 0.002s. Peers: 7
2026-03-25 15:07:41.016-0500 | EthScheduler-Workers-0 | INFO  | PersistBlockTask | Imported empty block #1,100 / 0 tx / 0 om / 0 (0.0%) gas / (0x421d2476d37018d80f216e6315c6ea5c372f961c7302400dfdc2cb7ab17e2448) in 0.001s. Peers: 7
2026-03-25 15:07:46.032-0500 | EthScheduler-Workers-0 | INFO  | PersistBlockTask | Imported empty block #1,101 / 0 tx / 0 om / 0 (0.0%) gas / (0x209753f37816b6caed73e82ff79dda41c66a76562d54b753b9d424ced7b1127e) in 0.008s. Peers: 7
2026-03-25 15:07:51.016-0500 | EthScheduler-Workers-0 | INFO  | PersistBlockTask | Imported empty block #1,102 / 0 tx / 0 om / 0 (0.0%) gas / (0x2e2360cff06bc43fd598883642e6e86c1a3d2dc1ac3cfe87f10a55b0ccb303ef) in 0.003s. Peers: 7
2026-03-25 15:08:04.548-0500 | EthScheduler-Workers-0 | INFO  | PersistBlockTask | Imported empty block #1,103 / 0 tx / 0 om / 0 (0.0%) gas / (0xb667288d3c3bce9f72c97b760a0d9fe30dff0ab92ba4c4b738a714f95a7d2439) in 0.001s. Peers: 7
2026-03-25 15:08:09.010-0500 | EthScheduler-Workers-0 | INFO  | PersistBlockTask | Imported empty block #1,104 / 0 tx / 0 om / 0 (0.0%) gas / (0x4f16e566e001f12e8dd20ef2aad1c6c8f04a548e7528d8e24ac83c7dae36fff2) in 0.002s. Peers: 7
2026-03-25 15:08:14.018-0500 | EthScheduler-Workers-0 | INFO  | PersistBlockTask | Imported empty block #1,105 / 0 tx / 0 om / 0 (0.0%) gas / (0x1f68c20a0f2b2ed39e1bc0b15155e9168d6ee775c02f1d9b7cf7898ad2c960a2) in 0.002s. Peers: 7
2026-03-25 15:08:19.010-0500 | EthScheduler-Workers-0 | INFO  | PersistBlockTask | Imported empty block #1,106 / 0 tx / 0 om / 0 (0.0%) gas / (0x3bcf4291cc1aee2eeab3b5dad2bc43769427eeed32f354bd4f9f68571ec882d6) in 0.001s. Peers: 7
2026-03-25 15:08:32.536-0500 | EthScheduler-Workers-0 | INFO  | PersistBlockTask | Imported empty block #1,107 / 0 tx / 0 om / 0 (0.0%) gas / (0x035cdb8d474891c37a5c77a458967f27680b2b5fc5dc599ba0511ebfbd4d6255) in 0.002s. Peers: 7
2026-03-25 15:08:37.014-0500 | EthScheduler-Workers-0 | INFO  | PersistBlockTask | Imported empty block #1,108 / 0 tx / 0 om / 0 (0.0%) gas / (0x265943168c3eaf862581a95d2fda0781128642d0de51b10909007945befe5c07) in 0.002s. Peers: 7
2026-03-25 15:08:42.010-0500 | EthScheduler-Workers-0 | INFO  | PersistBlockTask | Imported empty block #1,109 / 0 tx / 0 om / 0 (0.0%) gas / (0x70cbdd8a27a16d40bf334f217bdafcecf75f18bce78339ccef8e7d4b48704475) in 0.002s. Peers: 7
2026-03-25 15:08:47.008-0500 | EthScheduler-Workers-0 | INFO  | PersistBlockTask | Imported empty block #1,110 / 0 tx / 0 om / 0 (0.0%) gas / (0xcfd08b204c2dcdfcc7327ca9b6ef58177c3a9e67dc73822aaed1c8e31163bb6d) in 0.001s. Peers: 7
2026-03-25 15:08:52.008-0500 | EthScheduler-Workers-0 | INFO  | PersistBlockTask | Imported empty block #1,111 / 0 tx / 0 om / 0 (0.0%) gas / (0x418dda4ba4cca994f21e8a7c246dda5a1e7672389b05cda73c1125676b292cba) in 0.002s. Peers: 7
2026-03-25 15:09:05.532-0500 | EthScheduler-Workers-0 | INFO  | PersistBlockTask | Imported empty block #1,112 / 0 tx / 0 om / 0 (0.0%) gas / (0xe9013a2a0632f41968cb4f934c10205c145865abb395b55ab4666f4f440c6b76) in 0.002s. Peers: 7
2026-03-25 15:09:10.009-0500 | EthScheduler-Workers-0 | INFO  | PersistBlockTask | Imported empty block #1,113 / 0 tx / 0 om / 0 (0.0%) gas / (0x329ff979bae8f1b7985ecded1cfb6e4add2efceeb3c82f3370ebbd29e5dcc72e) in 0.002s. Peers: 7
2026-03-25 15:09:15.017-0500 | EthScheduler-Workers-0 | INFO  | PersistBlockTask | Imported empty block #1,114 / 0 tx / 0 om / 0 (0.0%) gas / (0x12c68a7af1acaf1d7a1bb4547ed5177b1d88ed5a2173416eafef23e74dcac88a) in 0.006s. Peers: 7
2026-03-25 15:09:20.010-0500 | EthScheduler-Workers-0 | INFO  | PersistBlockTask | Imported empty block #1,115 / 0 tx / 0 om / 0 (0.0%) gas / (0xd5548c4ead8cf3d1544ec3d74fe7b94c078a9a4e01b0ee645afbdb64a6dcd3a5) in 0.002s. Peers: 7
2026-03-25 15:09:33.528-0500 | EthScheduler-Workers-0 | INFO  | PersistBlockTask | Imported empty block #1,116 / 0 tx / 0 om / 0 (0.0%) gas / (0xc45538431fefe87c2b391163d0a484e6373c1f84bd5711dabd92a7c5ee041c44) in 0.003s. Peers: 7
2026-03-25 15:09:38.009-0500 | EthScheduler-Workers-0 | INFO  | PersistBlockTask | Imported empty block #1,117 / 0 tx / 0 om / 0 (0.0%) gas / (0x2acee40770ec317cbc0941c18ff21cc6f7c2ea805782432889a1122d31467e8f) in 0.002s. Peers: 7
2026-03-25 15:09:43.011-0500 | EthScheduler-Workers-0 | INFO  | PersistBlockTask | Imported empty block #1,118 / 0 tx / 0 om / 0 (0.0%) gas / (0xb503728a6fc5db2e41512ca3f520be3a1bd45e9e627b3e43cd5faaccab4887c4) in 0.002s. Peers: 7
2026-03-25 15:09:48.012-0500 | EthScheduler-Workers-0 | INFO  | PersistBlockTask | Imported empty block #1,119 / 0 tx / 0 om / 0 (0.0%) gas / (0x0df95133756dc5d78ca472332aaebac267bb924794562650c8c21a6675abef25) in 0.002s. Peers: 7
2026-03-25 15:09:53.010-0500 | EthScheduler-Workers-0 | INFO  | PersistBlockTask | Imported empty block #1,120 / 0 tx / 0 om / 0 (0.0%) gas / (0x83af735b8c8024a8d6081d339af8c0c562c7eefcd9db2f7a2740a8535949769e) in 0.002s. Peers: 7
2026-03-25 15:10:06.572-0500 | EthScheduler-Workers-0 | INFO  | PersistBlockTask | Imported empty block #1,121 / 0 tx / 0 om / 0 (0.0%) gas / (0xce455fae3e52debf20bc86b472305c8865cb5600f62eb46deb0dead3b376ce26) in 0.003s. Peers: 7
2026-03-25 15:10:11.010-0500 | EthScheduler-Workers-0 | INFO  | PersistBlockTask | Imported empty block #1,122 / 0 tx / 0 om / 0 (0.0%) gas / (0xae5323489631bcc14c3172937d07338d6fc37c52014eb85115258fa43c940002) in 0.003s. Peers: 7
2026-03-25 15:10:16.010-0500 | EthScheduler-Workers-0 | INFO  | PersistBlockTask | Imported empty block #1,123 / 0 tx / 0 om / 0 (0.0%) gas / (0x36ee0d293144deb969234a1ad711c92ffbd05e471c2b69a40cdf42715c51feea) in 0.002s. Peers: 7
2026-03-25 15:10:21.010-0500 | EthScheduler-Workers-0 | INFO  | PersistBlockTask | Imported empty block #1,124 / 0 tx / 0 om / 0 (0.0%) gas / (0x2fb7282cf19a08d790633ec4f4b13ff5f345977dfed261cd681553ff7ee412c2) in 0.002s. Peers: 7
2026-03-25 15:10:34.544-0500 | EthScheduler-Workers-0 | INFO  | PersistBlockTask | Imported empty block #1,125 / 0 tx / 0 om / 0 (0.0%) gas / (0x46ce8d469661fdbc51e7cad6a504a830211b299e1391093c6e534d87d954af49) in 0.003s. Peers: 7
2026-03-25 15:10:39.010-0500 | EthScheduler-Workers-0 | INFO  | PersistBlockTask | Imported empty block #1,126 / 0 tx / 0 om / 0 (0.0%) gas / (0x913dd557bb3654f2dc33388662551082a51df75f14469f6638f59337f7ebef2a) in 0.002s. Peers: 7
2026-03-25 15:10:44.011-0500 | EthScheduler-Workers-0 | INFO  | PersistBlockTask | Imported empty block #1,127 / 0 tx / 0 om / 0 (0.0%) gas / (0x5d21c10b392f87765115a0d88ce90d77b6be9066ea564105fe9316aa5f3d12e4) in 0.003s. Peers: 7
2026-03-25 15:10:49.008-0500 | EthScheduler-Workers-0 | INFO  | PersistBlockTask | Imported empty block #1,128 / 0 tx / 0 om / 0 (0.0%) gas / (0x6cad6c396a5b0d8a8e7df62ac7ad5e78e62b1c529920f708f5854f82870c47bb) in 0.002s. Peers: 7
2026-03-25 15:10:54.010-0500 | EthScheduler-Workers-0 | INFO  | PersistBlockTask | Imported empty block #1,129 / 0 tx / 0 om / 0 (0.0%) gas / (0xd3889cad018466c9c4fb2df6e88d6a0576cadcb0cd550f785bcddf6e22a9ad96) in 0.002s. Peers: 7
2026-03-25 15:11:07.556-0500 | EthScheduler-Workers-0 | INFO  | PersistBlockTask | Imported empty block #1,130 / 0 tx / 0 om / 0 (0.0%) gas / (0xa2dc07c4365c774b969f7dd61265563d83cbb5a8e28962ca89e896d924f12e4c) in 0.002s. Peers: 7
2026-03-25 15:11:12.010-0500 | EthScheduler-Workers-0 | INFO  | PersistBlockTask | Imported empty block #1,131 / 0 tx / 0 om / 0 (0.0%) gas / (0x7487a688d10bd4cecd4565650c89e132058e03b3fce3398c8fe1f11cc20fdc26) in 0.002s. Peers: 7
2026-03-25 15:11:17.011-0500 | EthScheduler-Workers-0 | INFO  | PersistBlockTask | Imported empty block #1,132 / 0 tx / 0 om / 0 (0.0%) gas / (0x448c337bfcd612a43dc54e7ae82ae3571509f4ff81941506ef2ce18e80da1fc0) in 0.002s. Peers: 7
2026-03-25 15:11:22.015-0500 | EthScheduler-Workers-0 | INFO  | PersistBlockTask | Imported empty block #1,133 / 0 tx / 0 om / 0 (0.0%) gas / (0x81e618f4b31bd69e21335430e381c00da7542e96d314f6a6f97cbde402a0d42d) in 0.001s. Peers: 7
2026-03-25 15:11:27.009-0500 | EthScheduler-Workers-0 | INFO  | PersistBlockTask | Imported empty block #1,134 / 0 tx / 0 om / 0 (0.0%) gas / (0x521e83d4c0a548091375b8d11eb64b0ce4c70ff5efee9237fb0cba2b0e79ca25) in 0.002s. Peers: 7
2026-03-25 15:11:40.540-0500 | EthScheduler-Workers-0 | INFO  | PersistBlockTask | Imported empty block #1,135 / 0 tx / 0 om / 0 (0.0%) gas / (0x882afa898d06bc08210381f801b9f7a7c0ce45d0661377c8f5ad1b5ab1ea0fc7) in 0.002s. Peers: 7
2026-03-25 15:11:45.010-0500 | EthScheduler-Workers-0 | INFO  | PersistBlockTask | Imported empty block #1,136 / 0 tx / 0 om / 0 (0.0%) gas / (0xf04b969fd248956eab5cc8a5f67516b3d4957bfd15a08f87ef734993779c791e) in 0.002s. Peers: 7
2026-03-25 15:11:50.013-0500 | EthScheduler-Workers-0 | INFO  | PersistBlockTask | Imported empty block #1,137 / 0 tx / 0 om / 0 (0.0%) gas / (0x16aff6e64940f719ebc7b6dd3a1f0c78960f8737e0ae6b5f4577c6d318d7bc64) in 0.002s. Peers: 7
2026-03-25 15:11:55.012-0500 | EthScheduler-Workers-0 | INFO  | PersistBlockTask | Imported empty block #1,138 / 0 tx / 0 om / 0 (0.0%) gas / (0x146d50b247fbe1ad984af33305e42b8c0cc6cc92496a631243939574a9fd8877) in 0.001s. Peers: 7
2026-03-25 15:12:08.527-0500 | EthScheduler-Workers-0 | INFO  | PersistBlockTask | Imported empty block #1,139 / 0 tx / 0 om / 0 (0.0%) gas / (0xad4888153c310aef597908823a8c87767ac0903f4b6d374caabc07051f142069) in 0.003s. Peers: 7
2026-03-25 15:12:13.009-0500 | EthScheduler-Workers-0 | INFO  | PersistBlockTask | Imported empty block #1,140 / 0 tx / 0 om / 0 (0.0%) gas / (0xa71a9ed84f7ed34336952bc2164ce2f95ab2528b955183e7b8db9ebe8b84d43c) in 0.001s. Peers: 7
2026-03-25 15:12:18.008-0500 | EthScheduler-Workers-0 | INFO  | PersistBlockTask | Imported empty block #1,141 / 0 tx / 0 om / 0 (0.0%) gas / (0x1f17a36199bcbaf78f89aef31a07e6222b78dd60c6231502a959c820bf5a7a6b) in 0.001s. Peers: 7
2026-03-25 15:12:23.012-0500 | EthScheduler-Workers-0 | INFO  | PersistBlockTask | Imported empty block #1,142 / 0 tx / 0 om / 0 (0.0%) gas / (0xc8ba346777c08577f3eb089e32481c3022895b34392c0244c9e409131c343d3c) in 0.002s. Peers: 7
2026-03-25 15:12:28.011-0500 | EthScheduler-Workers-0 | INFO  | PersistBlockTask | Imported empty block #1,143 / 0 tx / 0 om / 0 (0.0%) gas / (0x8e521b6a36e38b663c5243f72df82837f7803f7b16b65175e7602da105f77a9d) in 0.002s. Peers: 7
2026-03-25 15:12:41.534-0500 | EthScheduler-Workers-0 | INFO  | PersistBlockTask | Imported empty block #1,144 / 0 tx / 0 om / 0 (0.0%) gas / (0x61cdca803f671196b88d657bfa1081025b75f55458d23fd7b5f28441fa2c6362) in 0.002s. Peers: 7
2026-03-25 15:12:46.013-0500 | EthScheduler-Workers-0 | INFO  | PersistBlockTask | Imported empty block #1,145 / 0 tx / 0 om / 0 (0.0%) gas / (0x998b3416d5022366fcd6d02f734e0e0a416b77a4c2109e1f8b9975f9e573ce5b) in 0.003s. Peers: 7
2026-03-25 15:12:51.008-0500 | EthScheduler-Workers-0 | INFO  | PersistBlockTask | Imported empty block #1,146 / 0 tx / 0 om / 0 (0.0%) gas / (0x176ac8390fa9830c4c65bfd7c057a88b305a8a2d03315a295c7070872c515621) in 0.001s. Peers: 7
2026-03-25 15:12:56.014-0500 | EthScheduler-Workers-0 | INFO  | PersistBlockTask | Imported empty block #1,147 / 0 tx / 0 om / 0 (0.0%) gas / (0x0a0736fcd1b607ee4ca5327d0fdcdbe024b87907b18d450f099f231d8148bfbc) in 0.003s. Peers: 7
2026-03-25 15:13:09.562-0500 | EthScheduler-Workers-0 | INFO  | PersistBlockTask | Imported empty block #1,148 / 0 tx / 0 om / 0 (0.0%) gas / (0x2662b3a591bb3e62f34b3b16cce3378cf5330d9d0f1d789d15dfd6bc2d2121ca) in 0.002s. Peers: 7
2026-03-25 15:13:14.017-0500 | EthScheduler-Workers-0 | INFO  | PersistBlockTask | Imported empty block #1,149 / 0 tx / 0 om / 0 (0.0%) gas / (0x086c509e77389425a5cc9115f8181c8217f2289258d913ca376c186cebae6060) in 0.003s. Peers: 7
2026-03-25 15:13:19.010-0500 | EthScheduler-Workers-0 | INFO  | PersistBlockTask | Imported empty block #1,150 / 0 tx / 0 om / 0 (0.0%) gas / (0xfa205facf413365bc1ea5df5909c52216c9001b64a40012229b4901213cf552b) in 0.002s. Peers: 7
2026-03-25 15:13:24.010-0500 | EthScheduler-Workers-0 | INFO  | PersistBlockTask | Imported empty block #1,151 / 0 tx / 0 om / 0 (0.0%) gas / (0xce34797a7dc73d1f5c5b9f7ebed8f644e9320e5e1deb1c54a34162bd2908b052) in 0.001s. Peers: 7
2026-03-25 15:13:29.009-0500 | EthScheduler-Workers-0 | INFO  | PersistBlockTask | Imported empty block #1,152 / 0 tx / 0 om / 0 (0.0%) gas / (0x2af0f6ef754f94c032dd1acb2fa9fbc5bed7361c9ae9680cc72551e440e189d5) in 0.001s. Peers: 7
2026-03-25 15:13:42.547-0500 | EthScheduler-Workers-0 | INFO  | PersistBlockTask | Imported empty block #1,153 / 0 tx / 0 om / 0 (0.0%) gas / (0xd6e9d36aa6d7624e4489a36c6478db1a84839de15a3b6bd7ecb1afcf4edc2842) in 0.002s. Peers: 7
2026-03-25 15:13:47.008-0500 | EthScheduler-Workers-0 | INFO  | PersistBlockTask | Imported empty block #1,154 / 0 tx / 0 om / 0 (0.0%) gas / (0x7d8d68616d717e4a283e7e524e3bab84b5c23b416ac7116bda954363cfa4affc) in 0.001s. Peers: 7
2026-03-25 15:13:52.009-0500 | EthScheduler-Workers-0 | INFO  | PersistBlockTask | Imported empty block #1,155 / 0 tx / 0 om / 0 (0.0%) gas / (0x9d365a0fbdcaec20b9d634ed9ef74500891a5bdead272b569639d0d320bf332e) in 0.001s. Peers: 7
2026-03-25 15:13:57.012-0500 | EthScheduler-Workers-0 | INFO  | PersistBlockTask | Imported empty block #1,156 / 0 tx / 0 om / 0 (0.0%) gas / (0x35ba329ffa0de55661ecdf905f5ac86769b2ffa679dfec2e91212ab916e2e3ee) in 0.002s. Peers: 7
2026-03-25 15:14:10.548-0500 | EthScheduler-Workers-0 | INFO  | PersistBlockTask | Imported empty block #1,157 / 0 tx / 0 om / 0 (0.0%) gas / (0x04ed6f1fd824594d9dccb00a458927429ebfeecb4da43258635d253ad6219333) in 0.003s. Peers: 7
2026-03-25 15:14:15.009-0500 | EthScheduler-Workers-0 | INFO  | PersistBlockTask | Imported empty block #1,158 / 0 tx / 0 om / 0 (0.0%) gas / (0xc8f425e22f1ec7c42df77faae6895d9285663cb4a4ca88fa519d2614e4624367) in 0.001s. Peers: 7
2026-03-25 15:14:20.010-0500 | EthScheduler-Workers-0 | INFO  | PersistBlockTask | Imported empty block #1,159 / 0 tx / 0 om / 0 (0.0%) gas / (0x842eb13a2934016befb6bd3ebea99e95e5251df8052a4918661ea8c279ff8d03) in 0.002s. Peers: 7
2026-03-25 15:14:25.018-0500 | EthScheduler-Workers-0 | INFO  | PersistBlockTask | Imported empty block #1,160 / 0 tx / 0 om / 0 (0.0%) gas / (0x9c287cf44a0ac37e1c8fd689eb98acea90975ebfc15562d83a5f7f9eb8d43bf6) in 0.002s. Peers: 7
2026-03-25 15:14:30.011-0500 | EthScheduler-Workers-0 | INFO  | PersistBlockTask | Imported empty block #1,161 / 0 tx / 0 om / 0 (0.0%) gas / (0xf1a0aacdb2020e233149cde689539a28e84e0c0be12eca492b7d2191772a3cbc) in 0.003s. Peers: 7
2026-03-25 15:14:43.557-0500 | EthScheduler-Workers-0 | INFO  | PersistBlockTask | Imported empty block #1,162 / 0 tx / 0 om / 0 (0.0%) gas / (0x568faa7deac089344778fefd9336868d0102acb4e4990494ed9a25a4c92d99b7) in 0.003s. Peers: 7
2026-03-25 15:14:48.014-0500 | EthScheduler-Workers-0 | INFO  | PersistBlockTask | Imported empty block #1,163 / 0 tx / 0 om / 0 (0.0%) gas / (0x6e728a7a15068fb77a1646e8e177c6411b271a250d5194fda4e1753d429c819d) in 0.001s. Peers: 7
2026-03-25 15:14:53.010-0500 | EthScheduler-Workers-0 | INFO  | PersistBlockTask | Imported empty block #1,164 / 0 tx / 0 om / 0 (0.0%) gas / (0xe9824b0392d514da8f172e17d77149d81b1feaf0f0ac7d860b847f78d0a5879c) in 0.001s. Peers: 7
2026-03-25 15:14:58.011-0500 | EthScheduler-Workers-0 | INFO  | PersistBlockTask | Imported empty block #1,165 / 0 tx / 0 om / 0 (0.0%) gas / (0xe61e4622668ce4e50d43c94769f9226dc51a161e4e29294cbb2379fe57adbc77) in 0.001s. Peers: 7
2026-03-25 15:15:11.518-0500 | EthScheduler-Workers-0 | INFO  | PersistBlockTask | Imported empty block #1,166 / 0 tx / 0 om / 0 (0.0%) gas / (0xe05aaf8f383a2a2d34558be21b13080221d54216bfda9844059df683359c4b9a) in 0.001s. Peers: 7
2026-03-25 15:15:16.015-0500 | EthScheduler-Workers-0 | INFO  | PersistBlockTask | Imported empty block #1,167 / 0 tx / 0 om / 0 (0.0%) gas / (0xc43f0aeaf565c96161f347f8a0d2ed007e92c166cddc959f978ebaff714ff84c) in 0.002s. Peers: 7
2026-03-25 15:15:21.016-0500 | EthScheduler-Workers-0 | INFO  | PersistBlockTask | Imported empty block #1,168 / 0 tx / 0 om / 0 (0.0%) gas / (0xd81c32107229934b00b73b07b8c69f5cc8c4e756cc346ce50fba1a8fe3a35664) in 0.003s. Peers: 7
2026-03-25 15:15:26.010-0500 | EthScheduler-Workers-0 | INFO  | PersistBlockTask | Imported empty block #1,169 / 0 tx / 0 om / 0 (0.0%) gas / (0x2b3008277ad4b715e8c2267fb8e4ad5477763af3f29ab9f64a0c800d8acb2001) in 0.003s. Peers: 7
2026-03-25 15:15:31.015-0500 | EthScheduler-Workers-0 | INFO  | PersistBlockTask | Imported empty block #1,170 / 0 tx / 0 om / 0 (0.0%) gas / (0xeb7becb1ae90b37f5ba286ecb40c7ef1dfb91145bd2749f06f91a47aa31f22f4) in 0.002s. Peers: 7
2026-03-25 15:15:44.549-0500 | EthScheduler-Workers-0 | INFO  | PersistBlockTask | Imported empty block #1,171 / 0 tx / 0 om / 0 (0.0%) gas / (0x8c78ceaf82b762f73fad16c21ec6a7b1ceb1df91f04c7af7b4bb899458ec1b52) in 0.001s. Peers: 7
2026-03-25 15:15:49.012-0500 | EthScheduler-Workers-0 | INFO  | PersistBlockTask | Imported empty block #1,172 / 0 tx / 0 om / 0 (0.0%) gas / (0xd5ed8ce2e402ac3d2d2df6286a24a3b02ad4249c4c952c5a35c8f2828019888b) in 0.003s. Peers: 7
2026-03-25 15:15:54.012-0500 | EthScheduler-Workers-0 | INFO  | PersistBlockTask | Imported empty block #1,173 / 0 tx / 0 om / 0 (0.0%) gas / (0x6ba7c69bcf7938354ad261094223c6278d95b5baa52a797f9ba96a2b9ac9311b) in 0.002s. Peers: 7
2026-03-25 15:15:59.014-0500 | EthScheduler-Workers-0 | INFO  | PersistBlockTask | Imported empty block #1,174 / 0 tx / 0 om / 0 (0.0%) gas / (0x78e9e493537343a58d97c359aea1982ce58a76dd01c4dc9dc1f0a2937e704341) in 0.002s. Peers: 7
2026-03-25 15:16:04.012-0500 | EthScheduler-Workers-0 | INFO  | PersistBlockTask | Imported empty block #1,175 / 0 tx / 0 om / 0 (0.0%) gas / (0xd531a95770cdbc673889cc94efbd2037ef4b7fea98d7da98cb7a102bcc6f8d8c) in 0.003s. Peers: 7
2026-03-25 15:16:17.555-0500 | EthScheduler-Workers-0 | INFO  | PersistBlockTask | Imported empty block #1,176 / 0 tx / 0 om / 0 (0.0%) gas / (0x4c5a8a1505c9bb1f66decd89f6cff534b27aaed09994880a8f9aad794531b80b) in 0.003s. Peers: 7
2026-03-25 15:16:22.009-0500 | EthScheduler-Workers-0 | INFO  | PersistBlockTask | Imported empty block #1,177 / 0 tx / 0 om / 0 (0.0%) gas / (0xba51c34ad4f89c3a1c29b4f4c92d7934b560e20250860e9bd3e387de50c8c847) in 0.002s. Peers: 7
2026-03-25 15:16:27.009-0500 | EthScheduler-Workers-0 | INFO  | PersistBlockTask | Imported empty block #1,178 / 0 tx / 0 om / 0 (0.0%) gas / (0x4fa2a3e3fa388f616c6485de885537f828eb6569f282eac5fe9cae5268d35626) in 0.001s. Peers: 7
2026-03-25 15:16:32.011-0500 | EthScheduler-Workers-0 | INFO  | PersistBlockTask | Imported empty block #1,179 / 0 tx / 0 om / 0 (0.0%) gas / (0x3ed14001b42987f2e80a7573c5963d267d847f33b30283024a7286bbe8171f2c) in 0.002s. Peers: 7
2026-03-25 15:16:45.548-0500 | EthScheduler-Workers-0 | INFO  | PersistBlockTask | Imported empty block #1,180 / 0 tx / 0 om / 0 (0.0%) gas / (0x7a85edb903fb5019afd2f8d740ebcf2e8e3f8d4fbe3c6dfcb0bb71ab6ddeaa8b) in 0.001s. Peers: 7
2026-03-25 15:16:50.014-0500 | EthScheduler-Workers-0 | INFO  | PersistBlockTask | Imported empty block #1,181 / 0 tx / 0 om / 0 (0.0%) gas / (0x58ee2a3293c07cfa6b1a5bcdb1ad0ba68d2e9a4b9fb850270cb9582116434c46) in 0.001s. Peers: 7
2026-03-25 15:16:55.009-0500 | EthScheduler-Workers-0 | INFO  | PersistBlockTask | Imported empty block #1,182 / 0 tx / 0 om / 0 (0.0%) gas / (0xb18103bec800e6a6e1017dba25984f98b89cd2bb8d245a4f68fc147be1302d88) in 0.001s. Peers: 7
2026-03-25 15:17:00.011-0500 | EthScheduler-Workers-0 | INFO  | PersistBlockTask | Imported empty block #1,183 / 0 tx / 0 om / 0 (0.0%) gas / (0x3c6d35f6f840af0111ab345db6c756ef8c09b4593794f337cc2792aa29344218) in 0.002s. Peers: 7
2026-03-25 15:17:05.011-0500 | EthScheduler-Workers-0 | INFO  | PersistBlockTask | Imported empty block #1,184 / 0 tx / 0 om / 0 (0.0%) gas / (0xbfa947e7d8fa60c5ea06cb8ff203a03d07762d0c6cabfae04a5729f4f66db107) in 0.002s. Peers: 7
2026-03-25 15:17:18.543-0500 | EthScheduler-Workers-0 | INFO  | PersistBlockTask | Imported empty block #1,185 / 0 tx / 0 om / 0 (0.0%) gas / (0x62bd2ab65182bd385c9ca5d766f2fe15ce0d96ae38973729e55bc2a52cb898f6) in 0.002s. Peers: 7
2026-03-25 15:17:23.011-0500 | EthScheduler-Workers-0 | INFO  | PersistBlockTask | Imported empty block #1,186 / 0 tx / 0 om / 0 (0.0%) gas / (0x939f9b0ad051ca49c8f0451efe9ec1b8ccb8e097e5fe7bcf511cd7e87239b42e) in 0.002s. Peers: 7
2026-03-25 15:17:28.016-0500 | EthScheduler-Workers-0 | INFO  | PersistBlockTask | Imported empty block #1,187 / 0 tx / 0 om / 0 (0.0%) gas / (0x222b19522d6d12c3fec31b2a372cae19949a91c1a91c9421d9c2005bc800e588) in 0.002s. Peers: 7
2026-03-25 15:17:33.014-0500 | EthScheduler-Workers-0 | INFO  | PersistBlockTask | Imported empty block #1,188 / 0 tx / 0 om / 0 (0.0%) gas / (0xc9ade7aed9fb5640c5deabdb165eee68dd9d045c59f3e162de8ed4df4fb4e8d1) in 0.003s. Peers: 7
2026-03-25 15:17:46.537-0500 | EthScheduler-Workers-0 | INFO  | PersistBlockTask | Imported empty block #1,189 / 0 tx / 0 om / 0 (0.0%) gas / (0x09b3e6b287cb5a4086bc50a9c09310123d8c5d9707403824bea4984a01cc6db2) in 0.001s. Peers: 7
2026-03-25 15:17:51.014-0500 | EthScheduler-Workers-0 | INFO  | PersistBlockTask | Imported empty block #1,190 / 0 tx / 0 om / 0 (0.0%) gas / (0x2d9d953c2f61bf527ae16cc7d5357ab186fc7b71714cfc56c9974264cc5a651e) in 0.002s. Peers: 7
2026-03-25 15:17:56.012-0500 | EthScheduler-Workers-0 | INFO  | PersistBlockTask | Imported empty block #1,191 / 0 tx / 0 om / 0 (0.0%) gas / (0xa8821de1b8c1b490081b68f73293584faa9f1c584b2d7a0d3f9ecf36b1b9b20e) in 0.003s. Peers: 7
2026-03-25 15:18:01.015-0500 | EthScheduler-Workers-0 | INFO  | PersistBlockTask | Imported empty block #1,192 / 0 tx / 0 om / 0 (0.0%) gas / (0xe026732531f0fd6f76254313f630dee21136d98606ceb7a9b6183e7baaa8d17d) in 0.003s. Peers: 7
2026-03-25 15:18:06.016-0500 | EthScheduler-Workers-0 | INFO  | PersistBlockTask | Imported empty block #1,193 / 0 tx / 0 om / 0 (0.0%) gas / (0x41f5d4c0421bf01314364c1780111c4c1b2d00dae777ffcbe71f80ca7980694b) in 0.003s. Peers: 7
2026-03-25 15:18:19.523-0500 | EthScheduler-Workers-0 | INFO  | PersistBlockTask | Imported empty block #1,194 / 0 tx / 0 om / 0 (0.0%) gas / (0x4b168767815a13ce0ac5af22927005049813ea9b64149ec0df2e4f29c842b3f5) in 0.002s. Peers: 7
2026-03-25 15:18:24.011-0500 | EthScheduler-Workers-0 | INFO  | PersistBlockTask | Imported empty block #1,195 / 0 tx / 0 om / 0 (0.0%) gas / (0xd50402a4773058abd9c6ddea2936639026a9ef06c47efac1fd07e7e20879d2a5) in 0.002s. Peers: 7
2026-03-25 15:18:29.012-0500 | EthScheduler-Workers-0 | INFO  | PersistBlockTask | Imported empty block #1,196 / 0 tx / 0 om / 0 (0.0%) gas / (0x10784a65ca94f2ac3a5897199d7305cb20604d4c2bbafdfd503f887ab1823e80) in 0.002s. Peers: 7
2026-03-25 15:18:34.011-0500 | EthScheduler-Workers-0 | INFO  | PersistBlockTask | Imported empty block #1,197 / 0 tx / 0 om / 0 (0.0%) gas / (0x16500d6baddd99fbff949ef35d50e5b57d837b3749f1e301317d09df5ba56588) in 0.003s. Peers: 7
2026-03-25 15:18:47.549-0500 | EthScheduler-Workers-0 | INFO  | PersistBlockTask | Imported empty block #1,198 / 0 tx / 0 om / 0 (0.0%) gas / (0xab0d61bb11fe8e34942353cfd5a6b8a320ee07ba5e3caec6dfda16b3e5b245e3) in 0.003s. Peers: 7
2026-03-25 15:18:52.014-0500 | EthScheduler-Workers-0 | INFO  | PersistBlockTask | Imported empty block #1,199 / 0 tx / 0 om / 0 (0.0%) gas / (0xf3a93a34c65583bf8083736ccb458a008468f8a4dac1687bca84f300f6a3daad) in 0.002s. Peers: 7
2026-03-25 15:18:57.015-0500 | EthScheduler-Workers-0 | INFO  | PersistBlockTask | Imported empty block #1,200 / 0 tx / 0 om / 0 (0.0%) gas / (0xfb1d49eca460fe2fc9edfbafb181db1ab08750fa65ccefca56130688cdbd92d8) in 0.002s. Peers: 7
2026-03-25 15:19:02.013-0500 | EthScheduler-Workers-0 | INFO  | PersistBlockTask | Imported empty block #1,201 / 0 tx / 0 om / 0 (0.0%) gas / (0x7591f2a76e8957f00ad517dc4df778fbf6e647b1f7dccbb147b2e299ec95c9bd) in 0.003s. Peers: 7
2026-03-25 15:19:07.017-0500 | EthScheduler-Workers-0 | INFO  | PersistBlockTask | Imported empty block #1,202 / 0 tx / 0 om / 0 (0.0%) gas / (0x3e6dd50715ee91a70dbbcf70cc50d9386b12b877ca76a234e8daac6c91811d66) in 0.003s. Peers: 7
2026-03-25 15:19:20.541-0500 | EthScheduler-Workers-0 | INFO  | PersistBlockTask | Imported empty block #1,203 / 0 tx / 0 om / 0 (0.0%) gas / (0xa73abbc13fd250ad7fa1b9af724d6408a4c9467ac20e91b8b105ed754e7f5862) in 0.001s. Peers: 7
2026-03-25 15:19:25.013-0500 | EthScheduler-Workers-0 | INFO  | PersistBlockTask | Imported empty block #1,204 / 0 tx / 0 om / 0 (0.0%) gas / (0x0b49f5473e7ee66bb1489a8c69c3dc1cca773aafeba0a6f4ee9577ba916ec068) in 0.002s. Peers: 7
2026-03-25 15:19:30.014-0500 | EthScheduler-Workers-0 | INFO  | PersistBlockTask | Imported empty block #1,205 / 0 tx / 0 om / 0 (0.0%) gas / (0x1737e50ebeb4cef4e957e6de59c3b4a438e4866f3e929844f4a195194599ff27) in 0.002s. Peers: 7
2026-03-25 15:19:35.011-0500 | EthScheduler-Workers-0 | INFO  | PersistBlockTask | Imported empty block #1,206 / 0 tx / 0 om / 0 (0.0%) gas / (0x64b6c318c561bde07b7b42c1706cb977271ed00bf4ab0d1a65101d28a5fd513c) in 0.002s. Peers: 7
2026-03-25 15:19:48.553-0500 | EthScheduler-Workers-0 | INFO  | PersistBlockTask | Imported empty block #1,207 / 0 tx / 0 om / 0 (0.0%) gas / (0x09ba0a0f912c0419342851dfeaa829880acd74a38c59064bc0b530da78087370) in 0.003s. Peers: 7
2026-03-25 15:19:53.012-0500 | EthScheduler-Workers-0 | INFO  | PersistBlockTask | Imported empty block #1,208 / 0 tx / 0 om / 0 (0.0%) gas / (0x892584831d507a2a74d15e138dc9cd9e4ca2a6224b66c8220c6fbe85f09b9d34) in 0.002s. Peers: 7
2026-03-25 15:19:58.012-0500 | EthScheduler-Workers-0 | INFO  | PersistBlockTask | Imported empty block #1,209 / 0 tx / 0 om / 0 (0.0%) gas / (0xc6032df6fb221af8894edf717a06c341fe62e946808187a528a5a76d3ccc506d) in 0.003s. Peers: 7
2026-03-25 15:20:03.012-0500 | EthScheduler-Workers-0 | INFO  | PersistBlockTask | Imported empty block #1,210 / 0 tx / 0 om / 0 (0.0%) gas / (0x4bd91ce4645af61c8e69498bfea23e5dd8e96e339b8ef4a6b5429cc633a8ae57) in 0.004s. Peers: 7
2026-03-25 15:20:08.011-0500 | EthScheduler-Workers-0 | INFO  | PersistBlockTask | Imported empty block #1,211 / 0 tx / 0 om / 0 (0.0%) gas / (0x854fc7bba2ab8031ba5c46a2dfc7d1fe175c5d365b70d0a002add3561c55b342) in 0.002s. Peers: 7
2026-03-25 15:20:21.522-0500 | EthScheduler-Workers-0 | INFO  | PersistBlockTask | Imported empty block #1,212 / 0 tx / 0 om / 0 (0.0%) gas / (0x5d693d768b8d466b77c57ed7a4bfd9b2202b0a454aca83228f51d0a228e20623) in 0.004s. Peers: 7
2026-03-25 15:20:26.011-0500 | EthScheduler-Workers-0 | INFO  | PersistBlockTask | Imported empty block #1,213 / 0 tx / 0 om / 0 (0.0%) gas / (0x074d269201042c6c14703c52ed37114e07d6816f423a3019f6cc5b94de19c500) in 0.002s. Peers: 7
2026-03-25 15:20:31.011-0500 | EthScheduler-Workers-0 | INFO  | PersistBlockTask | Imported empty block #1,214 / 0 tx / 0 om / 0 (0.0%) gas / (0x646f655b6bdcf7b0ed700175ef4667c05675ffa4629bdc6a803fbe08b6015360) in 0.002s. Peers: 7
2026-03-25 15:20:36.020-0500 | EthScheduler-Workers-0 | INFO  | PersistBlockTask | Imported empty block #1,215 / 0 tx / 0 om / 0 (0.0%) gas / (0xc407f0d94eff20fefe86f18a4804a0ce86f1aea00554f855960550790c58ce00) in 0.003s. Peers: 7
2026-03-25 15:20:41.014-0500 | EthScheduler-Workers-0 | INFO  | PersistBlockTask | Imported empty block #1,216 / 0 tx / 0 om / 0 (0.0%) gas / (0xaa191e19567ca9e25f7bdffb5b01122d171a4dfd21a098517696f3865ec01b24) in 0.003s. Peers: 7
2026-03-25 15:20:54.546-0500 | EthScheduler-Workers-0 | INFO  | PersistBlockTask | Imported empty block #1,217 / 0 tx / 0 om / 0 (0.0%) gas / (0x2850e283c2c6d477dbe151d95b97e66eb87c7cfa8615ad11cc862cd37b4ed47f) in 0.002s. Peers: 7
2026-03-25 15:20:59.010-0500 | EthScheduler-Workers-0 | INFO  | PersistBlockTask | Imported empty block #1,218 / 0 tx / 0 om / 0 (0.0%) gas / (0x75a4b0e499e9740f015674afee386d42bf3576714c983ca67fc5163b6041c5ca) in 0.002s. Peers: 7
2026-03-25 15:21:04.011-0500 | EthScheduler-Workers-0 | INFO  | PersistBlockTask | Imported empty block #1,219 / 0 tx / 0 om / 0 (0.0%) gas / (0x6d9b1bfa72a34bbb124f77505d7f9aca212643758f5b0e5893c76efb91781b7f) in 0.002s. Peers: 7
2026-03-25 15:21:09.017-0500 | EthScheduler-Workers-0 | INFO  | PersistBlockTask | Imported empty block #1,220 / 0 tx / 0 om / 0 (0.0%) gas / (0x518f1368daed4670a2158ace1742e33588a31f1d751258d657f695e956f79fc0) in 0.002s. Peers: 7
2026-03-25 15:21:22.516-0500 | EthScheduler-Workers-0 | INFO  | PersistBlockTask | Imported empty block #1,221 / 0 tx / 0 om / 0 (0.0%) gas / (0x42b7e894f09381dfa21cb5c6e14723d3aba2e7de652b431991f67c56916af562) in 0.002s. Peers: 7
2026-03-25 15:21:27.016-0500 | EthScheduler-Workers-0 | INFO  | PersistBlockTask | Imported empty block #1,222 / 0 tx / 0 om / 0 (0.0%) gas / (0xd1d8b9f64e12bd47ef6ac32d671010606481f17dd5894562000211d27c381e0d) in 0.004s. Peers: 7
2026-03-25 15:21:32.013-0500 | EthScheduler-Workers-0 | INFO  | PersistBlockTask | Imported empty block #1,223 / 0 tx / 0 om / 0 (0.0%) gas / (0x6b3e3d6fa98768899871ce6e21037e99e39b4a19a88160b1c95d35b03cd2f91b) in 0.002s. Peers: 7
2026-03-25 15:21:37.040-0500 | EthScheduler-Workers-0 | INFO  | PersistBlockTask | Imported empty block #1,224 / 0 tx / 0 om / 0 (0.0%) gas / (0x0af473b8bfd5a3cecbc62111c1af6cd98719d491509d2433f33ac232a5e3b973) in 0.002s. Peers: 7
2026-03-25 15:21:42.012-0500 | EthScheduler-Workers-0 | INFO  | PersistBlockTask | Imported empty block #1,225 / 0 tx / 0 om / 0 (0.0%) gas / (0x41b39a1009b357f0fe51c33a2b5599696915118e8a57a227652b02d61e0df78a) in 0.003s. Peers: 7
2026-03-25 15:21:55.544-0500 | EthScheduler-Workers-0 | INFO  | PersistBlockTask | Imported empty block #1,226 / 0 tx / 0 om / 0 (0.0%) gas / (0xdf6ceb4ab9c21ec41e0208d4e615b1b9ab622f4d775c51235de0abfa7450c184) in 0.002s. Peers: 7
2026-03-25 15:22:00.012-0500 | EthScheduler-Workers-0 | INFO  | PersistBlockTask | Imported empty block #1,227 / 0 tx / 0 om / 0 (0.0%) gas / (0x6ee61ce849ae4e4c7ca33717d261997b8d35db38437ec6604510db2e15a8d660) in 0.002s. Peers: 7
2026-03-25 15:22:05.012-0500 | EthScheduler-Workers-0 | INFO  | PersistBlockTask | Imported empty block #1,228 / 0 tx / 0 om / 0 (0.0%) gas / (0x3c2cdbe13d691f0262e07c7ab57e2cf8dadb2c2069b788c1f6570587d467480d) in 0.002s. Peers: 7
2026-03-25 15:22:10.012-0500 | EthScheduler-Workers-0 | INFO  | PersistBlockTask | Imported empty block #1,229 / 0 tx / 0 om / 0 (0.0%) gas / (0x83cd6ddaa056ece2f701eecc4947ef6b017fe85818c225b11dfa7ad04ae87c29) in 0.002s. Peers: 7
2026-03-25 15:22:23.547-0500 | EthScheduler-Workers-0 | INFO  | PersistBlockTask | Imported empty block #1,230 / 0 tx / 0 om / 0 (0.0%) gas / (0x2b9489e8431c7973dafd94ce2848532d11788f9328b9ee15f916c68390f7d4da) in 0.002s. Peers: 7
2026-03-25 15:22:28.013-0500 | EthScheduler-Workers-0 | INFO  | PersistBlockTask | Imported empty block #1,231 / 0 tx / 0 om / 0 (0.0%) gas / (0xcc79ce870972976b253a62b6f9e578a9f794d039cb0360ee799fa28d85c88c35) in 0.003s. Peers: 7
2026-03-25 15:22:33.010-0500 | EthScheduler-Workers-0 | INFO  | PersistBlockTask | Imported empty block #1,232 / 0 tx / 0 om / 0 (0.0%) gas / (0x18584f528d94bf243d835933a299962f4ef0df94ecdc5c46a02a95ddffe4a9f2) in 0.001s. Peers: 7
2026-03-25 15:22:38.012-0500 | EthScheduler-Workers-0 | INFO  | PersistBlockTask | Imported empty block #1,233 / 0 tx / 0 om / 0 (0.0%) gas / (0xb0dee828d1068a9de05d3bd63ac50a30267033959155ce2cab2766346e9eafe6) in 0.002s. Peers: 7
2026-03-25 15:22:43.013-0500 | EthScheduler-Workers-0 | INFO  | PersistBlockTask | Imported empty block #1,234 / 0 tx / 0 om / 0 (0.0%) gas / (0x6d98fb6a5100df7ed15c8abe85a4bd1b577cc024752ba9ae0d3f896539462b3c) in 0.002s. Peers: 7
2026-03-25 15:22:56.545-0500 | EthScheduler-Workers-0 | INFO  | PersistBlockTask | Imported empty block #1,235 / 0 tx / 0 om / 0 (0.0%) gas / (0xe3d90088cd7e29b13fbc37bac05fd7be34436c53a5af868c130bffd7dcd6706d) in 0.003s. Peers: 7
2026-03-25 15:23:01.012-0500 | EthScheduler-Workers-0 | INFO  | PersistBlockTask | Imported empty block #1,236 / 0 tx / 0 om / 0 (0.0%) gas / (0xce12eaab0b19ac7b18fb3f5c3ce289212b1cbc31b9583efe231f24ce72187850) in 0.002s. Peers: 7
2026-03-25 15:23:06.012-0500 | EthScheduler-Workers-0 | INFO  | PersistBlockTask | Imported empty block #1,237 / 0 tx / 0 om / 0 (0.0%) gas / (0xb7b50d5f9f237501a12842c4cd55d8caca0de580886aa96a8e297171f2205525) in 0.002s. Peers: 7
2026-03-25 15:23:11.010-0500 | EthScheduler-Workers-0 | INFO  | PersistBlockTask | Imported empty block #1,238 / 0 tx / 0 om / 0 (0.0%) gas / (0x662c6894b2021c8bf5e2e2812a961caa49497de9b4a8f0b7f1b76f731b1e26e1) in 0.002s. Peers: 7
2026-03-25 15:23:24.532-0500 | EthScheduler-Workers-0 | INFO  | PersistBlockTask | Imported empty block #1,239 / 0 tx / 0 om / 0 (0.0%) gas / (0xb3900e75a33af62e20505266dcb7d215844c781e7fd38813c527a92803fd8e1d) in 0.003s. Peers: 7
2026-03-25 15:23:29.015-0500 | EthScheduler-Workers-0 | INFO  | PersistBlockTask | Imported empty block #1,240 / 0 tx / 0 om / 0 (0.0%) gas / (0x1529aabc19a9bf754a58cbf85e0d8c2d99e40b9335974c1aec9555c37f7e5230) in 0.002s. Peers: 7
2026-03-25 15:23:34.009-0500 | EthScheduler-Workers-0 | INFO  | PersistBlockTask | Imported empty block #1,241 / 0 tx / 0 om / 0 (0.0%) gas / (0x42d4ad08f24f85501c135e9360ba1ff89f92680241bbcd25a47610cc9eeeea00) in 0.002s. Peers: 7
2026-03-25 15:23:39.014-0500 | EthScheduler-Workers-0 | INFO  | PersistBlockTask | Imported empty block #1,242 / 0 tx / 0 om / 0 (0.0%) gas / (0x497e2f201033cc54ac0cc9a778642a553450c373b3df7953a002208a08553d48) in 0.003s. Peers: 7
2026-03-25 15:23:44.018-0500 | EthScheduler-Workers-0 | INFO  | PersistBlockTask | Imported empty block #1,243 / 0 tx / 0 om / 0 (0.0%) gas / (0x4a4972fb83cd6d2ca5f47ffb7d36453cffe393eb48357b5078e9d22dc2589729) in 0.002s. Peers: 7
2026-03-25 15:23:57.541-0500 | EthScheduler-Workers-0 | INFO  | PersistBlockTask | Imported empty block #1,244 / 0 tx / 0 om / 0 (0.0%) gas / (0xbc4cbad38b62e465ebcc8945b99b15c22cd3bb53cdb2a57b6d75c730a8b099b6) in 0.002s. Peers: 7
2026-03-25 15:24:02.021-0500 | EthScheduler-Workers-0 | INFO  | PersistBlockTask | Imported empty block #1,245 / 0 tx / 0 om / 0 (0.0%) gas / (0xebeddf6b729523b8c115b287ea5b6d637a7a25dd5239e2a113c2f160f6a39ec1) in 0.002s. Peers: 7
2026-03-25 15:24:07.009-0500 | EthScheduler-Workers-0 | INFO  | PersistBlockTask | Imported empty block #1,246 / 0 tx / 0 om / 0 (0.0%) gas / (0xb4eab2007bbe07febeea4d3b5cfcda78fd4a73a30ef4bd03faa5faf676fc58f3) in 0.002s. Peers: 7
2026-03-25 15:24:12.011-0500 | EthScheduler-Workers-0 | INFO  | PersistBlockTask | Imported empty block #1,247 / 0 tx / 0 om / 0 (0.0%) gas / (0xe53231911055a1b97097b3ae49faf39711c6b70f631fa6bcde51f1014eb1a957) in 0.002s. Peers: 7
2026-03-25 15:24:25.546-0500 | EthScheduler-Workers-0 | INFO  | PersistBlockTask | Imported empty block #1,248 / 0 tx / 0 om / 0 (0.0%) gas / (0xdaa7df6dae0c57c9e8d74c93d41cdb4e854f7c0c67d5a05f38cf52121cb75d2d) in 0.004s. Peers: 7
2026-03-25 15:24:30.011-0500 | EthScheduler-Workers-0 | INFO  | PersistBlockTask | Imported empty block #1,249 / 0 tx / 0 om / 0 (0.0%) gas / (0x1c488cbbc8ea825f6b1c029b3376cb0431138111a3d10a40f99af04a32ee86de) in 0.002s. Peers: 7
2026-03-25 15:24:35.012-0500 | EthScheduler-Workers-0 | INFO  | PersistBlockTask | Imported empty block #1,250 / 0 tx / 0 om / 0 (0.0%) gas / (0x08577c0658cc7a2573f8c87e5dbd930a505f6fd761fee9e7ca053296876e96eb) in 0.003s. Peers: 7
2026-03-25 15:24:40.013-0500 | EthScheduler-Workers-0 | INFO  | PersistBlockTask | Imported empty block #1,251 / 0 tx / 0 om / 0 (0.0%) gas / (0xe938d7c72fb0a522f3e6c53ccb20a204889199c388dedfe1dcb5291a09d3deca) in 0.003s. Peers: 7
2026-03-25 15:24:45.023-0500 | EthScheduler-Workers-0 | INFO  | PersistBlockTask | Imported empty block #1,252 / 0 tx / 0 om / 0 (0.0%) gas / (0xdf370df34a324cf7009969f32197d45850b52ccd665686f68da1b93e9e85ace6) in 0.005s. Peers: 7
2026-03-25 15:24:58.538-0500 | EthScheduler-Workers-0 | INFO  | PersistBlockTask | Imported empty block #1,253 / 0 tx / 0 om / 0 (0.0%) gas / (0x6723de5b797d8a392a578296235d6a764a44f9d26e4c703585efac30b33bb7cb) in 0.004s. Peers: 7
2026-03-25 15:25:03.015-0500 | EthScheduler-Workers-0 | INFO  | PersistBlockTask | Imported empty block #1,254 / 0 tx / 0 om / 0 (0.0%) gas / (0x631bb2d266281d5caabf4eddbc4d59d1897b734653166a364031a483f4f35133) in 0.002s. Peers: 7
2026-03-25 15:25:08.013-0500 | EthScheduler-Workers-0 | INFO  | PersistBlockTask | Imported empty block #1,255 / 0 tx / 0 om / 0 (0.0%) gas / (0x7adaac15b0431282fa7f40abc5afa621bbd9fcb7aaf26f70baec55a83ca3467a) in 0.002s. Peers: 7
2026-03-25 15:25:13.016-0500 | EthScheduler-Workers-0 | INFO  | PersistBlockTask | Imported empty block #1,256 / 0 tx / 0 om / 0 (0.0%) gas / (0x399d3db58dbb6e6c3eea4fa4c87bba77798a408a1668c6c8936d02c0913893ef) in 0.003s. Peers: 7
2026-03-25 15:25:18.013-0500 | EthScheduler-Workers-0 | INFO  | PersistBlockTask | Imported empty block #1,257 / 0 tx / 0 om / 0 (0.0%) gas / (0xba3643d08ccd604f12f8435f3736c35447e40bdd96abd4e5c92edd7288fae965) in 0.003s. Peers: 7
2026-03-25 15:25:31.535-0500 | EthScheduler-Workers-0 | INFO  | PersistBlockTask | Imported empty block #1,258 / 0 tx / 0 om / 0 (0.0%) gas / (0x3ecf26e3fc0d7eea10b9683de6b19f9f5b68986b966cca9b8af42ec34823a14d) in 0.003s. Peers: 7
2026-03-25 15:25:36.012-0500 | EthScheduler-Workers-0 | INFO  | PersistBlockTask | Imported empty block #1,259 / 0 tx / 0 om / 0 (0.0%) gas / (0x13291a8c4f9f2718d2a5c0aee38050a64b79f2405c113c35c030cd5798851036) in 0.002s. Peers: 7
2026-03-25 15:25:41.015-0500 | EthScheduler-Workers-0 | INFO  | PersistBlockTask | Imported empty block #1,260 / 0 tx / 0 om / 0 (0.0%) gas / (0x53af21c9414d493af220d4dfe15541c56f4f0e9ae2e1a65bad029d6a68bd69e0) in 0.002s. Peers: 7
2026-03-25 15:25:46.012-0500 | EthScheduler-Workers-0 | INFO  | PersistBlockTask | Imported empty block #1,261 / 0 tx / 0 om / 0 (0.0%) gas / (0x5c53ce38438cbe19a215306390d995430c48fd35831bc18d67a31aa57bcbb2fd) in 0.002s. Peers: 7
2026-03-25 15:25:59.499-0500 | EthScheduler-Workers-0 | INFO  | PersistBlockTask | Imported empty block #1,262 / 0 tx / 0 om / 0 (0.0%) gas / (0xd49431a34cc715cba6d7afd2c74d707135148e4e2f19b3cd1ff232efe225baa6) in 0.003s. Peers: 7
2026-03-25 15:26:04.012-0500 | EthScheduler-Workers-0 | INFO  | PersistBlockTask | Imported empty block #1,263 / 0 tx / 0 om / 0 (0.0%) gas / (0xbad20b670ef7d631f599c84eb4cd53e50f398cd4e06966ad24ca3b7f333a913d) in 0.002s. Peers: 7
2026-03-25 15:26:09.013-0500 | EthScheduler-Workers-0 | INFO  | PersistBlockTask | Imported empty block #1,264 / 0 tx / 0 om / 0 (0.0%) gas / (0xa4c4790dec2f0a50b4a2825f0c4ffa622e33214cdaf4fa2a5ca8302edb041abc) in 0.002s. Peers: 7
2026-03-25 15:26:14.015-0500 | EthScheduler-Workers-0 | INFO  | PersistBlockTask | Imported empty block #1,265 / 0 tx / 0 om / 0 (0.0%) gas / (0x25bbe23d24815de356ae975d98a64322bd3f697b9594a09ec108ba1fa8f505cf) in 0.002s. Peers: 7
2026-03-25 15:26:19.022-0500 | EthScheduler-Workers-0 | INFO  | PersistBlockTask | Imported empty block #1,266 / 0 tx / 0 om / 0 (0.0%) gas / (0x6be7594ef9be1d6459f2465b965dfe750a6bc7b7d6ef1153d7b4a85c3e2d4120) in 0.002s. Peers: 7
2026-03-25 15:26:32.551-0500 | EthScheduler-Workers-0 | INFO  | PersistBlockTask | Imported empty block #1,267 / 0 tx / 0 om / 0 (0.0%) gas / (0x7a416b0ae94347377c14d63b9228c7ffd4cc71175f3e0dff5b21a922c8e15e13) in 0.004s. Peers: 7
2026-03-25 15:26:37.010-0500 | EthScheduler-Workers-0 | INFO  | PersistBlockTask | Imported empty block #1,268 / 0 tx / 0 om / 0 (0.0%) gas / (0x250074a08e0cd5461f160e1588c855ba0d1b0bf7757be97d4a95e8d8a9228342) in 0.002s. Peers: 7
2026-03-25 15:26:42.014-0500 | EthScheduler-Workers-0 | INFO  | PersistBlockTask | Imported empty block #1,269 / 0 tx / 0 om / 0 (0.0%) gas / (0x7d4d9cd66db7f2f19b6366743ad5809c5d774eae9a75bad7808054577b6fc635) in 0.002s. Peers: 7
2026-03-25 15:26:47.011-0500 | EthScheduler-Workers-0 | INFO  | PersistBlockTask | Imported empty block #1,270 / 0 tx / 0 om / 0 (0.0%) gas / (0x0ec7dcba3a7a3efeb86e77b637be80fb39791481ed69831523ec44640e892270) in 0.002s. Peers: 7
2026-03-25 15:27:00.570-0500 | EthScheduler-Workers-0 | INFO  | PersistBlockTask | Imported empty block #1,271 / 0 tx / 0 om / 0 (0.0%) gas / (0x9eb490ffa279284012f25059ae9b38edbf9ab86cece5aaf37ecb5724eaca66e9) in 0.002s. Peers: 7
2026-03-25 15:27:05.017-0500 | EthScheduler-Workers-0 | INFO  | PersistBlockTask | Imported empty block #1,272 / 0 tx / 0 om / 0 (0.0%) gas / (0x390844bf83cab0c173827c9b146fefebada699311fb909b3b1a38509806de837) in 0.003s. Peers: 7
2026-03-25 15:27:10.016-0500 | EthScheduler-Workers-0 | INFO  | PersistBlockTask | Imported empty block #1,273 / 0 tx / 0 om / 0 (0.0%) gas / (0x3db1636f78d0a1af64da395eabc1eef6004c4aaf73cfe2813c8bbbb9eb6dd5a6) in 0.003s. Peers: 7
2026-03-25 15:27:15.016-0500 | EthScheduler-Workers-0 | INFO  | PersistBlockTask | Imported empty block #1,274 / 0 tx / 0 om / 0 (0.0%) gas / (0x7f47956eb80fa5c846bc123951f4be247655f19cc92176dd7af46b106d9c6e48) in 0.002s. Peers: 7
2026-03-25 15:27:20.013-0500 | EthScheduler-Workers-0 | INFO  | PersistBlockTask | Imported empty block #1,275 / 0 tx / 0 om / 0 (0.0%) gas / (0x3f5a9e771523fc499e79ad45a095cfa1efe1929412d742e7514dc0f10c5e52c8) in 0.003s. Peers: 7
2026-03-25 15:27:33.537-0500 | EthScheduler-Workers-0 | INFO  | PersistBlockTask | Imported empty block #1,276 / 0 tx / 0 om / 0 (0.0%) gas / (0xa38e267b69768ec2a0e6dcad3030d337a6875f9f562df5a06aa699412c982a94) in 0.002s. Peers: 7
2026-03-25 15:27:38.057-0500 | EthScheduler-Workers-0 | INFO  | PersistBlockTask | Imported empty block #1,277 / 0 tx / 0 om / 0 (0.0%) gas / (0xf3a9f0ef36eb45535ab450921e2bac0ca368f57501ac221b0fae20cb8aa6843c) in 0.001s. Peers: 7
2026-03-25 15:27:43.011-0500 | EthScheduler-Workers-0 | INFO  | PersistBlockTask | Imported empty block #1,278 / 0 tx / 0 om / 0 (0.0%) gas / (0x8841e8225b9e54b8a89c179ea1a3c78581d1c9dff9667f5f10d63ee1f8bbe2d2) in 0.002s. Peers: 7
2026-03-25 15:27:48.011-0500 | EthScheduler-Workers-0 | INFO  | PersistBlockTask | Imported empty block #1,279 / 0 tx / 0 om / 0 (0.0%) gas / (0xcb3fec44ddb4e4423884e6186f58e88c1c39eddb2e7a0e990cf612378cd8ab2c) in 0.002s. Peers: 7
2026-03-25 15:28:01.540-0500 | EthScheduler-Workers-0 | INFO  | PersistBlockTask | Imported empty block #1,280 / 0 tx / 0 om / 0 (0.0%) gas / (0xcfa6b235deec498ad73f02564f6d9731c458dfae2d09a13892ed58f3a77873f0) in 0.002s. Peers: 7
2026-03-25 15:28:06.014-0500 | EthScheduler-Workers-0 | INFO  | PersistBlockTask | Imported empty block #1,281 / 0 tx / 0 om / 0 (0.0%) gas / (0x3a0b1573ee9eeaaf2d124694984900b6a6818fb2309a47438da7f89076cc3c0b) in 0.004s. Peers: 7
2026-03-25 15:28:11.015-0500 | EthScheduler-Workers-0 | INFO  | PersistBlockTask | Imported empty block #1,282 / 0 tx / 0 om / 0 (0.0%) gas / (0xec061f214f4aee84a353e7fa48d250ce5ca7c031435c3e1ab9034222e0d3cc54) in 0.003s. Peers: 7
2026-03-25 15:28:16.012-0500 | EthScheduler-Workers-0 | INFO  | PersistBlockTask | Imported empty block #1,283 / 0 tx / 0 om / 0 (0.0%) gas / (0xafc67a753a5b513b8a843ebd56cf07fec3c0c7e42a4cf17cb2feaacc9a890fb6) in 0.001s. Peers: 7
2026-03-25 15:28:21.010-0500 | EthScheduler-Workers-0 | INFO  | PersistBlockTask | Imported empty block #1,284 / 0 tx / 0 om / 0 (0.0%) gas / (0x7c8c84c43ba9e80b959fe9a6867ead6ca848b81f41cb86303d23902838d1e237) in 0.002s. Peers: 7
2026-03-25 15:28:34.542-0500 | EthScheduler-Workers-0 | INFO  | PersistBlockTask | Imported empty block #1,285 / 0 tx / 0 om / 0 (0.0%) gas / (0xd169a57c5ee44c52da5df6158a9304acef62b708dfb47a93b6f8b0ee5718ea24) in 0.003s. Peers: 7
2026-03-25 15:28:39.010-0500 | EthScheduler-Workers-0 | INFO  | PersistBlockTask | Imported empty block #1,286 / 0 tx / 0 om / 0 (0.0%) gas / (0xc9a4353784e7a82ea9070bf01cd9a182ef0d16b15beadb530b887307c7067aa4) in 0.001s. Peers: 7
2026-03-25 15:28:44.011-0500 | EthScheduler-Workers-0 | INFO  | PersistBlockTask | Imported empty block #1,287 / 0 tx / 0 om / 0 (0.0%) gas / (0x31b3949bf582058c08ffa6ecdab14115e049521b792db1dc574675167848f107) in 0.003s. Peers: 7
2026-03-25 15:28:49.018-0500 | EthScheduler-Workers-0 | INFO  | PersistBlockTask | Imported empty block #1,288 / 0 tx / 0 om / 0 (0.0%) gas / (0x6f1259dee2ab767cba763928a5c258956ed1ee8259ba7a04ad4b2d1550e38c82) in 0.004s. Peers: 7
2026-03-25 15:29:02.502-0500 | EthScheduler-Workers-0 | INFO  | PersistBlockTask | Imported empty block #1,289 / 0 tx / 0 om / 0 (0.0%) gas / (0xfbf88b5c7a9af5b0f6519b12d94a81b34147578bdb5686ae7f2b6fbff7e40e02) in 0.003s. Peers: 7
2026-03-25 15:29:07.014-0500 | EthScheduler-Workers-0 | INFO  | PersistBlockTask | Imported empty block #1,290 / 0 tx / 0 om / 0 (0.0%) gas / (0x7d6a181e32b4e5282ec6e0ad09822d293ab59f45084297e30cdafe4aed7cfc59) in 0.002s. Peers: 7
2026-03-25 15:29:12.037-0500 | EthScheduler-Workers-0 | INFO  | PersistBlockTask | Imported empty block #1,291 / 0 tx / 0 om / 0 (0.0%) gas / (0xf0dababd5c1017dc83fe1c3b88752bbac3683666bfbd68fc65245b112cf42d7c) in 0.003s. Peers: 7
2026-03-25 15:29:17.012-0500 | EthScheduler-Workers-0 | INFO  | PersistBlockTask | Imported empty block #1,292 / 0 tx / 0 om / 0 (0.0%) gas / (0xa4133c6f7a660bc782e19ec0505e0d3ed78cdc314e251dacaa8bba967bbb62b1) in 0.002s. Peers: 7
2026-03-25 15:29:22.012-0500 | EthScheduler-Workers-0 | INFO  | PersistBlockTask | Imported empty block #1,293 / 0 tx / 0 om / 0 (0.0%) gas / (0x6df079d7847074217ac8a7702a342ea3a3d9da0de60d80e49c983ae9b7a62630) in 0.003s. Peers: 7
2026-03-25 15:29:35.523-0500 | EthScheduler-Workers-0 | INFO  | PersistBlockTask | Imported empty block #1,294 / 0 tx / 0 om / 0 (0.0%) gas / (0xf5fd78acc902ae3f9df701ecef7ac03dd62ad4d06fc774b3ecc5b2b7523446bf) in 0.002s. Peers: 7
2026-03-25 15:29:40.018-0500 | EthScheduler-Workers-0 | INFO  | PersistBlockTask | Imported empty block #1,295 / 0 tx / 0 om / 0 (0.0%) gas / (0xe8934aa2f09546aa1880f42a33fb9644d9513ed5bfb6e4d6f2466611be8ca11d) in 0.002s. Peers: 7
2026-03-25 15:29:45.012-0500 | EthScheduler-Workers-0 | INFO  | PersistBlockTask | Imported empty block #1,296 / 0 tx / 0 om / 0 (0.0%) gas / (0xbb2e771604b8599c27d908c46cb19d7f6620900d79c7a9b376bdec85c8989991) in 0.002s. Peers: 7
2026-03-25 15:29:50.011-0500 | EthScheduler-Workers-0 | INFO  | PersistBlockTask | Imported empty block #1,297 / 0 tx / 0 om / 0 (0.0%) gas / (0x8e62865af6c3b4bfb5df76e72f0b49eb51de64f0e0ae1b9f24c741ca4b4bd641) in 0.002s. Peers: 7
2026-03-25 15:29:55.012-0500 | EthScheduler-Workers-0 | INFO  | PersistBlockTask | Imported empty block #1,298 / 0 tx / 0 om / 0 (0.0%) gas / (0x2a0fe10accab84e42434ba89b0d2e3dae308b7199e2142c1cefa8b2dea743464) in 0.002s. Peers: 7
2026-03-25 15:30:08.561-0500 | EthScheduler-Workers-0 | INFO  | PersistBlockTask | Imported empty block #1,299 / 0 tx / 0 om / 0 (0.0%) gas / (0x647331f14b3de337093a039aa769d81c39d24ce5633bbf399006d9232514d8bb) in 0.002s. Peers: 7
2026-03-25 15:30:13.010-0500 | EthScheduler-Workers-0 | INFO  | PersistBlockTask | Imported empty block #1,300 / 0 tx / 0 om / 0 (0.0%) gas / (0xa05bb685261a64198e11100a6efdfaa06e4f168923b163a6a087bd152258459c) in 0.002s. Peers: 7
2026-03-25 15:30:18.016-0500 | EthScheduler-Workers-0 | INFO  | PersistBlockTask | Imported empty block #1,301 / 0 tx / 0 om / 0 (0.0%) gas / (0xdc734700c4f1e590f778a589653ccdcfb35842d84bc5bbf7642ba8fe531098cc) in 0.002s. Peers: 7
2026-03-25 15:30:23.017-0500 | EthScheduler-Workers-0 | INFO  | PersistBlockTask | Imported empty block #1,302 / 0 tx / 0 om / 0 (0.0%) gas / (0x510454826c1317ac6373e91fdce814556cd4e42cc895760570ad0f3a94eda7b6) in 0.002s. Peers: 7
2026-03-25 15:30:36.541-0500 | EthScheduler-Workers-0 | INFO  | PersistBlockTask | Imported empty block #1,303 / 0 tx / 0 om / 0 (0.0%) gas / (0x35a6c7b4124024e1f1c5c99d784891d3e46fbb74cba64caf0ac2abbbe63d9733) in 0.002s. Peers: 7
2026-03-25 15:30:41.014-0500 | EthScheduler-Workers-0 | INFO  | PersistBlockTask | Imported empty block #1,304 / 0 tx / 0 om / 0 (0.0%) gas / (0x3398246427bf148c065a6c1c3e241e4d304840072fa701ae87aaae7a6cfe4fa8) in 0.004s. Peers: 7
2026-03-25 15:30:46.011-0500 | EthScheduler-Workers-0 | INFO  | PersistBlockTask | Imported empty block #1,305 / 0 tx / 0 om / 0 (0.0%) gas / (0x0a4a1eeab09621f9d0898928378dbc30c5f3dcbbadbb528f0b9f2eb780fcbfd2) in 0.001s. Peers: 7
2026-03-25 15:30:51.013-0500 | EthScheduler-Workers-0 | INFO  | PersistBlockTask | Imported empty block #1,306 / 0 tx / 0 om / 0 (0.0%) gas / (0x229549e254101a8cc35e93751849f9e65264b931c8ccb9ac4f372c95d25f14c7) in 0.003s. Peers: 7
2026-03-25 15:30:56.019-0500 | EthScheduler-Workers-0 | INFO  | PersistBlockTask | Imported empty block #1,307 / 0 tx / 0 om / 0 (0.0%) gas / (0x019212e1992f3d9af2a242c1813c00d528138248bd555396375f798d9f3be40f) in 0.002s. Peers: 7
2026-03-25 15:31:09.540-0500 | EthScheduler-Workers-0 | INFO  | PersistBlockTask | Imported empty block #1,308 / 0 tx / 0 om / 0 (0.0%) gas / (0xb13f3f91a85ce784f81b314ea47976b70645043290396b391932557d70eb41f8) in 0.002s. Peers: 7
2026-03-25 15:31:14.014-0500 | EthScheduler-Workers-0 | INFO  | PersistBlockTask | Imported empty block #1,309 / 0 tx / 0 om / 0 (0.0%) gas / (0xe9c7b0739c7009659cd56a7771df02e2f5ab3c6c70bff353f43e56731d05141d) in 0.002s. Peers: 7
2026-03-25 15:31:19.023-0500 | EthScheduler-Workers-0 | INFO  | PersistBlockTask | Imported empty block #1,310 / 0 tx / 0 om / 0 (0.0%) gas / (0x55f59e85f2cb6127fc254808fe40bfd40ea9448a4b6abb4385f83f5219ec96ed) in 0.002s. Peers: 7
2026-03-25 15:31:24.012-0500 | EthScheduler-Workers-0 | INFO  | PersistBlockTask | Imported empty block #1,311 / 0 tx / 0 om / 0 (0.0%) gas / (0x2e9c99ddeece74bcb4799ce321212a40df6ab2ef168554ed9a11457196b238b3) in 0.002s. Peers: 7
2026-03-25 15:31:37.538-0500 | EthScheduler-Workers-0 | INFO  | PersistBlockTask | Imported empty block #1,312 / 0 tx / 0 om / 0 (0.0%) gas / (0x01026001a4fc65b45559eb8c0f069bdc0cfa22606c6587a770930445ce82284c) in 0.005s. Peers: 7
2026-03-25 15:31:42.016-0500 | EthScheduler-Workers-0 | INFO  | PersistBlockTask | Imported empty block #1,313 / 0 tx / 0 om / 0 (0.0%) gas / (0xfae76ca234fe11393886eaa51319306776bd315b065d43e738edb1d431a92abb) in 0.003s. Peers: 7
2026-03-25 15:31:47.012-0500 | EthScheduler-Workers-0 | INFO  | PersistBlockTask | Imported empty block #1,314 / 0 tx / 0 om / 0 (0.0%) gas / (0xe060c20dfd5c4b3292baaf78bec24a6666bf31c3453ffe7da93877c664171764) in 0.002s. Peers: 7
2026-03-25 15:31:52.016-0500 | EthScheduler-Workers-0 | INFO  | PersistBlockTask | Imported empty block #1,315 / 0 tx / 0 om / 0 (0.0%) gas / (0x5a95811dd5233487411bee79ec041d39cd28021a2ea92ea1412fd940ae11f2fd) in 0.003s. Peers: 7
2026-03-25 15:31:57.023-0500 | EthScheduler-Workers-0 | INFO  | PersistBlockTask | Imported empty block #1,316 / 0 tx / 0 om / 0 (0.0%) gas / (0x2936ac66a106f29f7086fdc95e5e0b443472b9288fdcd313041d5c11c644fd0e) in 0.002s. Peers: 7
2026-03-25 15:32:10.525-0500 | EthScheduler-Workers-0 | INFO  | PersistBlockTask | Imported empty block #1,317 / 0 tx / 0 om / 0 (0.0%) gas / (0xcc237343400e3b160f860185ec4c024b212837d26f5133953dd23abac5bbfff1) in 0.002s. Peers: 7
2026-03-25 15:32:15.009-0500 | EthScheduler-Workers-0 | INFO  | PersistBlockTask | Imported empty block #1,318 / 0 tx / 0 om / 0 (0.0%) gas / (0xbbcb189da3e8686941f5a230cce21fe476eadc5771895303b2dddc98ee847961) in 0.001s. Peers: 7
2026-03-25 15:32:20.013-0500 | EthScheduler-Workers-0 | INFO  | PersistBlockTask | Imported empty block #1,319 / 0 tx / 0 om / 0 (0.0%) gas / (0x3afd8ab230cbe9d65cdcfc1111b10adb987c9fd4032b006a44e09d9e43ed3975) in 0.003s. Peers: 7
2026-03-25 15:32:25.014-0500 | EthScheduler-Workers-0 | INFO  | PersistBlockTask | Imported empty block #1,320 / 0 tx / 0 om / 0 (0.0%) gas / (0xc2f09e5d32b3496378888231155e831b5e333d7de74e71cc2a6bd8b203a08b96) in 0.002s. Peers: 7
2026-03-25 15:32:38.534-0500 | EthScheduler-Workers-0 | INFO  | PersistBlockTask | Imported empty block #1,321 / 0 tx / 0 om / 0 (0.0%) gas / (0x90b860c48f096c2853938b2521cab67abbbe2a8215d3d3bfc4931bae5497d59d) in 0.004s. Peers: 7
2026-03-25 15:32:43.015-0500 | EthScheduler-Workers-0 | INFO  | PersistBlockTask | Imported empty block #1,322 / 0 tx / 0 om / 0 (0.0%) gas / (0x26f761d200b6b8f42259f0ce00c042ffe2dfbce9dd51c7bb1fba235cd557e31a) in 0.004s. Peers: 7
2026-03-25 15:32:48.028-0500 | EthScheduler-Workers-0 | INFO  | PersistBlockTask | Imported empty block #1,323 / 0 tx / 0 om / 0 (0.0%) gas / (0xa5d4c05f32f8b9836a71a70e5cb9d33fa3d47a6dc5a95399f2ea65d4b91a8cbf) in 0.004s. Peers: 7
2026-03-25 15:32:53.023-0500 | EthScheduler-Workers-0 | INFO  | PersistBlockTask | Imported empty block #1,324 / 0 tx / 0 om / 0 (0.0%) gas / (0x75b3dbb581ede765d21b10045867a249f7b960234dd0fa545dfbcfaf0370d5b0) in 0.003s. Peers: 7
2026-03-25 15:32:58.010-0500 | EthScheduler-Workers-0 | INFO  | PersistBlockTask | Imported empty block #1,325 / 0 tx / 0 om / 0 (0.0%) gas / (0xbe5321569dd8b9b281bd5ef31d27b0813d6a218656d91c6c93375c718a7694ea) in 0.002s. Peers: 7
2026-03-25 15:33:11.570-0500 | EthScheduler-Workers-0 | INFO  | PersistBlockTask | Imported empty block #1,326 / 0 tx / 0 om / 0 (0.0%) gas / (0x6e22e6b484c9d66891266b191d15ed96c93ef871b5be798886cf975debe589b6) in 0.002s. Peers: 7
2026-03-25 15:33:16.009-0500 | EthScheduler-Workers-0 | INFO  | PersistBlockTask | Imported empty block #1,327 / 0 tx / 0 om / 0 (0.0%) gas / (0x5141849c267e7ba3f6b984180619954a68cd4d444e7f2b5cdd7ea6c2a0083d71) in 0.002s. Peers: 7
2026-03-25 15:33:21.010-0500 | EthScheduler-Workers-0 | INFO  | PersistBlockTask | Imported empty block #1,328 / 0 tx / 0 om / 0 (0.0%) gas / (0x53ff261e0eb16684c1e61979a5217f0285b2601f59a98da4bfe2f7307dd7cc23) in 0.002s. Peers: 7
2026-03-25 15:33:26.020-0500 | EthScheduler-Workers-0 | INFO  | PersistBlockTask | Imported empty block #1,329 / 0 tx / 0 om / 0 (0.0%) gas / (0xe828bdd40279f9c2c2be0f973de7dea1c99598c65e0c6406c8a34827b05c3e35) in 0.002s. Peers: 7
2026-03-25 15:33:39.534-0500 | EthScheduler-Workers-0 | INFO  | PersistBlockTask | Imported empty block #1,330 / 0 tx / 0 om / 0 (0.0%) gas / (0x2cf483aeff7e811ce3d5b238875b8c2e24f3166566f5a789c5f1a4ec8db64af8) in 0.002s. Peers: 7
2026-03-25 15:33:44.016-0500 | EthScheduler-Workers-0 | INFO  | PersistBlockTask | Imported empty block #1,331 / 0 tx / 0 om / 0 (0.0%) gas / (0x61f9b095ffd7c53526e35c427b1c88d19ab81103d18e3a91d8fab46ef428271e) in 0.003s. Peers: 7
2026-03-25 15:33:49.010-0500 | EthScheduler-Workers-0 | INFO  | PersistBlockTask | Imported empty block #1,332 / 0 tx / 0 om / 0 (0.0%) gas / (0xb59bcc8b32d78982afc74d63c6d6fcd776efb2c85690b518e7ca000f02bfb67b) in 0.002s. Peers: 7
2026-03-25 15:33:54.010-0500 | EthScheduler-Workers-0 | INFO  | PersistBlockTask | Imported empty block #1,333 / 0 tx / 0 om / 0 (0.0%) gas / (0xb269bfab7b32dd9148a705d30e5992fe77547d611109d7994ef0ecfaceba5cfe) in 0.002s. Peers: 7
2026-03-25 15:33:59.010-0500 | EthScheduler-Workers-0 | INFO  | PersistBlockTask | Imported empty block #1,334 / 0 tx / 0 om / 0 (0.0%) gas / (0x347673f41f8876a2cff2a87308361c230eda2ee52b83a7165c699fc1668f4449) in 0.002s. Peers: 7
2026-03-25 15:34:12.538-0500 | EthScheduler-Workers-0 | INFO  | PersistBlockTask | Imported empty block #1,335 / 0 tx / 0 om / 0 (0.0%) gas / (0x9a51212555f6914e6cae53a4bcc7aa39dc56632bae61c0d9170b73152a1272a4) in 0.003s. Peers: 7
2026-03-25 15:34:17.010-0500 | EthScheduler-Workers-0 | INFO  | PersistBlockTask | Imported empty block #1,336 / 0 tx / 0 om / 0 (0.0%) gas / (0xbe6b2281e1a69852849a7376fed82c73ac4d4684ed14cf6671a5ad911be03c69) in 0.002s. Peers: 7
2026-03-25 15:34:22.013-0500 | EthScheduler-Workers-0 | INFO  | PersistBlockTask | Imported empty block #1,337 / 0 tx / 0 om / 0 (0.0%) gas / (0x1ce0f643a8f385edc04096a80c524bc11000b6704edde9d86dc55d8c9ab7c083) in 0.002s. Peers: 7
2026-03-25 15:34:27.009-0500 | EthScheduler-Workers-0 | INFO  | PersistBlockTask | Imported empty block #1,338 / 0 tx / 0 om / 0 (0.0%) gas / (0xf32ae171c625771d40e13118fd0e82b3de71f4c6aa45c5b88f0515d965bb7b6a) in 0.002s. Peers: 7
2026-03-25 15:34:32.009-0500 | EthScheduler-Workers-0 | INFO  | PersistBlockTask | Imported empty block #1,339 / 0 tx / 0 om / 0 (0.0%) gas / (0xf637e1b82bae53e45563e540eec2431a04fb1feaca2baf1b8ed003946edbc696) in 0.002s. Peers: 7
2026-03-25 15:34:45.540-0500 | EthScheduler-Workers-0 | INFO  | PersistBlockTask | Imported empty block #1,340 / 0 tx / 0 om / 0 (0.0%) gas / (0x3a1738d35a19d4abd9fc4b8cfa89115bf3c2cd3226f7d536f6df44209131a86c) in 0.002s. Peers: 7
2026-03-25 15:34:50.018-0500 | EthScheduler-Workers-0 | INFO  | PersistBlockTask | Imported empty block #1,341 / 0 tx / 0 om / 0 (0.0%) gas / (0x76d660d68a5a24e62d64db72615ae6aa6c5365b9751e22f1c3a5cbc1b91b1387) in 0.003s. Peers: 7
2026-03-25 15:34:55.015-0500 | EthScheduler-Workers-0 | INFO  | PersistBlockTask | Imported empty block #1,342 / 0 tx / 0 om / 0 (0.0%) gas / (0x4429f49f84edbc3d756b30cefb5d216802b83f082801bd25cde27d36cc71bd5c) in 0.002s. Peers: 7
2026-03-25 15:35:00.015-0500 | EthScheduler-Workers-0 | INFO  | PersistBlockTask | Imported empty block #1,343 / 0 tx / 0 om / 0 (0.0%) gas / (0xaf204cdf22998a9844a38c7bc770ebe39a27eb2c61aad1e18f2814ee13ac6487) in 0.002s. Peers: 7
2026-03-25 15:35:13.504-0500 | EthScheduler-Workers-0 | INFO  | PersistBlockTask | Imported empty block #1,344 / 0 tx / 0 om / 0 (0.0%) gas / (0x60272621b8d1d8026f6ae80cd6793e1e77d9ed332050e4b605664502f15edf6f) in 0.005s. Peers: 7
2026-03-25 15:35:18.009-0500 | EthScheduler-Workers-0 | INFO  | PersistBlockTask | Imported empty block #1,345 / 0 tx / 0 om / 0 (0.0%) gas / (0xf78f87223223fe8dda153755ccd0306a1ce4e534cadf8e4742fb0de180a2a799) in 0.001s. Peers: 7
2026-03-25 15:35:23.021-0500 | EthScheduler-Workers-0 | INFO  | PersistBlockTask | Imported empty block #1,346 / 0 tx / 0 om / 0 (0.0%) gas / (0x023207db9735b9c734ab20a134be653d2ce7b217f203919469e5eef0c064c695) in 0.003s. Peers: 7
2026-03-25 15:35:28.011-0500 | EthScheduler-Workers-0 | INFO  | PersistBlockTask | Imported empty block #1,347 / 0 tx / 0 om / 0 (0.0%) gas / (0xef93ff4ece9469a8acb2f332a7d23a6f0d5a12699719aa48d5c0765f4fa1bc82) in 0.002s. Peers: 7
2026-03-25 15:35:33.015-0500 | EthScheduler-Workers-0 | INFO  | PersistBlockTask | Imported empty block #1,348 / 0 tx / 0 om / 0 (0.0%) gas / (0x46d0b2b392f34b585dde02f3e213c9375c5afa6407bff49ee08207eb08285603) in 0.003s. Peers: 7
2026-03-25 15:35:46.536-0500 | EthScheduler-Workers-0 | INFO  | PersistBlockTask | Imported empty block #1,349 / 0 tx / 0 om / 0 (0.0%) gas / (0x75b297b3056abd3eb92cb9e49bf43a79f5a0294802e4643be225befe203995fb) in 0.002s. Peers: 7
2026-03-25 15:35:51.011-0500 | EthScheduler-Workers-0 | INFO  | PersistBlockTask | Imported empty block #1,350 / 0 tx / 0 om / 0 (0.0%) gas / (0xf37b31eaf7aabf75e644ab89a930455e8ed2e1612d4775c97f568bfc95b1e081) in 0.002s. Peers: 7
2026-03-25 15:35:56.010-0500 | EthScheduler-Workers-0 | INFO  | PersistBlockTask | Imported empty block #1,351 / 0 tx / 0 om / 0 (0.0%) gas / (0x6a3a2ab941c127da89ea4fddd41388ea04ac157ef974d6524ee6c0356bfd6ac4) in 0.002s. Peers: 7
2026-03-25 15:36:01.021-0500 | EthScheduler-Workers-0 | INFO  | PersistBlockTask | Imported empty block #1,352 / 0 tx / 0 om / 0 (0.0%) gas / (0x0381b4d7ab2f61544195ab5edfeb3edc0dd9ab431cd183bf691109b767a9631e) in 0.002s. Peers: 7
2026-03-25 15:36:14.548-0500 | EthScheduler-Workers-0 | INFO  | PersistBlockTask | Imported empty block #1,353 / 0 tx / 0 om / 0 (0.0%) gas / (0x26912d4673684ad6eb8e5e2611c9c6212c8b2e7847c5c6aa2ff24b63d3925e21) in 0.002s. Peers: 7
2026-03-25 15:36:19.011-0500 | EthScheduler-Workers-0 | INFO  | PersistBlockTask | Imported empty block #1,354 / 0 tx / 0 om / 0 (0.0%) gas / (0x3d3254403a9fa191ee9f183d2660b1a1a54b59c6d4dab5e5c2117bf9440daa83) in 0.002s. Peers: 7
2026-03-25 15:36:24.015-0500 | EthScheduler-Workers-0 | INFO  | PersistBlockTask | Imported empty block #1,355 / 0 tx / 0 om / 0 (0.0%) gas / (0xb2c69eed56df4891c38146a17b7821fd3beb9df142a8d5b33dbd24aff7c63310) in 0.002s. Peers: 7
2026-03-25 15:36:29.017-0500 | EthScheduler-Workers-0 | INFO  | PersistBlockTask | Imported empty block #1,356 / 0 tx / 0 om / 0 (0.0%) gas / (0xbf593f703eeda655f8c5d8e012ec77df0aaefdf1ed3ca259cee05ca8b032ef20) in 0.002s. Peers: 7
2026-03-25 15:36:34.012-0500 | EthScheduler-Workers-0 | INFO  | PersistBlockTask | Imported empty block #1,357 / 0 tx / 0 om / 0 (0.0%) gas / (0xab98149feee1cd4856d5179e3e84a1ab22cb5b73d0be021181c0da068e6a7861) in 0.002s. Peers: 7
2026-03-25 15:36:47.538-0500 | EthScheduler-Workers-0 | INFO  | PersistBlockTask | Imported empty block #1,358 / 0 tx / 0 om / 0 (0.0%) gas / (0x9a2ae616aa332e6995e25af0e6c4034bb141d93a6dc49dc32b25d651c248a911) in 0.002s. Peers: 7
2026-03-25 15:36:52.010-0500 | EthScheduler-Workers-0 | INFO  | PersistBlockTask | Imported empty block #1,359 / 0 tx / 0 om / 0 (0.0%) gas / (0x9e3670dd71928eaba11222102a264c36019f1dea29cde15d5e2a196c31eb83e9) in 0.002s. Peers: 7
2026-03-25 15:36:57.012-0500 | EthScheduler-Workers-0 | INFO  | PersistBlockTask | Imported empty block #1,360 / 0 tx / 0 om / 0 (0.0%) gas / (0x39cf9733b9a50eb69e36b52904863e525b889c5cc253b61696518ac873505a37) in 0.003s. Peers: 7
2026-03-25 15:37:02.010-0500 | EthScheduler-Workers-0 | INFO  | PersistBlockTask | Imported empty block #1,361 / 0 tx / 0 om / 0 (0.0%) gas / (0xd2aa2197296bd2bab463c10613e436fd8e6b0aeda2e0426eecdc003fe0be35c9) in 0.003s. Peers: 7
2026-03-25 15:37:15.554-0500 | EthScheduler-Workers-0 | INFO  | PersistBlockTask | Imported empty block #1,362 / 0 tx / 0 om / 0 (0.0%) gas / (0xd2c88f7578a313bd09038f0eda2e8704197e56f166c539b533f8c6b562c63492) in 0.002s. Peers: 7
2026-03-25 15:37:20.013-0500 | EthScheduler-Workers-0 | INFO  | PersistBlockTask | Imported empty block #1,363 / 0 tx / 0 om / 0 (0.0%) gas / (0xae40db2ea00de2c833bc2bc63ce70b8c8e86991d82501d0875a34f9504deaac7) in 0.002s. Peers: 7
2026-03-25 15:37:25.013-0500 | EthScheduler-Workers-0 | INFO  | PersistBlockTask | Imported empty block #1,364 / 0 tx / 0 om / 0 (0.0%) gas / (0xe04ab4547d4ae5d72c40b5a81185663082cd9dca857089bc03601349f0548c37) in 0.003s. Peers: 7
2026-03-25 15:37:30.011-0500 | EthScheduler-Workers-0 | INFO  | PersistBlockTask | Imported empty block #1,365 / 0 tx / 0 om / 0 (0.0%) gas / (0x373cc9ecc24af4065f4d219172244844069c80e7c16e1d0d39316bf0448c24ca) in 0.003s. Peers: 7
2026-03-25 15:37:35.012-0500 | EthScheduler-Workers-0 | INFO  | PersistBlockTask | Imported empty block #1,366 / 0 tx / 0 om / 0 (0.0%) gas / (0x566d242e14ad200074d7096e931a47d8e1bb75b857c35e25bab7283f5ec9c739) in 0.002s. Peers: 7
2026-03-25 15:37:48.541-0500 | EthScheduler-Workers-0 | INFO  | PersistBlockTask | Imported empty block #1,367 / 0 tx / 0 om / 0 (0.0%) gas / (0x1d6ca6d1c80369c3cff146f97b61b7b5b400d23e60ef03a30ed313f262637645) in 0.002s. Peers: 7
2026-03-25 15:37:53.009-0500 | EthScheduler-Workers-0 | INFO  | PersistBlockTask | Imported empty block #1,368 / 0 tx / 0 om / 0 (0.0%) gas / (0xc16ccdfca1e7b348d44b6dc67fdb9c58cafc09e45daa46790e9eb97d8d25b248) in 0.001s. Peers: 7
2026-03-25 15:37:58.014-0500 | EthScheduler-Workers-0 | INFO  | PersistBlockTask | Imported empty block #1,369 / 0 tx / 0 om / 0 (0.0%) gas / (0xf368338db5dc206d402e87129ff42893bb9c7e5061db10b1ea602607e05373f9) in 0.002s. Peers: 7
2026-03-25 15:38:03.010-0500 | EthScheduler-Workers-0 | INFO  | PersistBlockTask | Imported empty block #1,370 / 0 tx / 0 om / 0 (0.0%) gas / (0xf688b13c6a62ddf5c864ebf16be0c1d02a12ebd12a80eb979ef419fa0de4306a) in 0.002s. Peers: 7
2026-03-25 15:38:16.498-0500 | EthScheduler-Workers-0 | INFO  | PersistBlockTask | Imported empty block #1,371 / 0 tx / 0 om / 0 (0.0%) gas / (0x2d1ce616b1d5fc124601e6c0250a5e6e6cf87e454a419b249ba80a07720e26ef) in 0.002s. Peers: 7
2026-03-25 15:38:21.017-0500 | EthScheduler-Workers-0 | INFO  | PersistBlockTask | Imported empty block #1,372 / 0 tx / 0 om / 0 (0.0%) gas / (0x8e6192943562fac0d46267eedc47b779354de611c1d0f0d5a074822234f8bc60) in 0.002s. Peers: 7
2026-03-25 15:38:26.013-0500 | EthScheduler-Workers-0 | INFO  | PersistBlockTask | Imported empty block #1,373 / 0 tx / 0 om / 0 (0.0%) gas / (0x2b384ed26fc489892e03272ff557b32abeae2fabfaeb1f8232f3dcb38e065980) in 0.004s. Peers: 7
2026-03-25 15:38:31.021-0500 | EthScheduler-Workers-0 | INFO  | PersistBlockTask | Imported empty block #1,374 / 0 tx / 0 om / 0 (0.0%) gas / (0xdd24d08548dac78a6323e3bfdaeb86fd93da09d821ba17068c90955412f8a7ff) in 0.002s. Peers: 7
2026-03-25 15:38:36.017-0500 | EthScheduler-Workers-0 | INFO  | PersistBlockTask | Imported empty block #1,375 / 0 tx / 0 om / 0 (0.0%) gas / (0x7009645adbef1ee5f064743d07e0653b3d66ac9fb7f6c49d6a2dd26cb5fd2d59) in 0.002s. Peers: 7
2026-03-25 15:38:49.555-0500 | EthScheduler-Workers-0 | INFO  | PersistBlockTask | Imported empty block #1,376 / 0 tx / 0 om / 0 (0.0%) gas / (0x5d9ddeab6cbc6d22e7d059ba68b243efc768a86d48d0ed8857b8c44ddd06dedd) in 0.002s. Peers: 7
2026-03-25 15:38:54.022-0500 | EthScheduler-Workers-0 | INFO  | PersistBlockTask | Imported empty block #1,377 / 0 tx / 0 om / 0 (0.0%) gas / (0x931b4ccebd0c4076d862630dfcd6d1a22579b8d414a30c9584da2ce087cc1ffc) in 0.002s. Peers: 7
2026-03-25 15:38:59.009-0500 | EthScheduler-Workers-0 | INFO  | PersistBlockTask | Imported empty block #1,378 / 0 tx / 0 om / 0 (0.0%) gas / (0xeb17bfb73ff0056b90aa9ba4880dbd70e67abda625010965244ff5d40f54acce) in 0.002s. Peers: 7
2026-03-25 15:39:04.017-0500 | EthScheduler-Workers-0 | INFO  | PersistBlockTask | Imported empty block #1,379 / 0 tx / 0 om / 0 (0.0%) gas / (0xa8e8d45d1ef4ddd27330879a495c1b4b42fe90874ebd9815f8c380b0a65dc30b) in 0.003s. Peers: 7
2026-03-25 15:39:09.026-0500 | EthScheduler-Workers-0 | INFO  | PersistBlockTask | Imported empty block #1,380 / 0 tx / 0 om / 0 (0.0%) gas / (0xd74a7ee280356ddc4b8ec72cc5a4e69ab0792bac2c8675f7dab1670c2b16f04b) in 0.002s. Peers: 7
2026-03-25 15:39:22.550-0500 | EthScheduler-Workers-0 | INFO  | PersistBlockTask | Imported empty block #1,381 / 0 tx / 0 om / 0 (0.0%) gas / (0xd3f9d8c831d21c153307d8820cf9df26cd0254f61930e085ecb6febfb86f2ad1) in 0.002s. Peers: 7
2026-03-25 15:39:27.015-0500 | EthScheduler-Workers-0 | INFO  | PersistBlockTask | Imported empty block #1,382 / 0 tx / 0 om / 0 (0.0%) gas / (0x6331cddaf9b0054f7fe5ed3ed349d89323df11931f09b35ad0536cea25b968b1) in 0.002s. Peers: 7
2026-03-25 15:39:32.010-0500 | EthScheduler-Workers-0 | INFO  | PersistBlockTask | Imported empty block #1,383 / 0 tx / 0 om / 0 (0.0%) gas / (0xbacf04ea232817730fb3a41535be67dcce56ad502012de3a427bf88ebc757c90) in 0.002s. Peers: 7
2026-03-25 15:39:37.012-0500 | EthScheduler-Workers-0 | INFO  | PersistBlockTask | Imported empty block #1,384 / 0 tx / 0 om / 0 (0.0%) gas / (0x01a1a9727f93f62198333d09f88240d7822461b0c3b4ca65329ee6d3154dcce8) in 0.001s. Peers: 7
2026-03-25 15:39:50.539-0500 | EthScheduler-Workers-0 | INFO  | PersistBlockTask | Imported empty block #1,385 / 0 tx / 0 om / 0 (0.0%) gas / (0xf57e3c61c0e58db23774e8dc7831952b1972f83a1a640ec11d4895e486463a7c) in 0.002s. Peers: 7
2026-03-25 15:39:55.011-0500 | EthScheduler-Workers-0 | INFO  | PersistBlockTask | Imported empty block #1,386 / 0 tx / 0 om / 0 (0.0%) gas / (0x5b506e1a4b94c3f602d262c0fefd13f005437faa974a62a2bd19286c2dbc45e1) in 0.002s. Peers: 7
2026-03-25 15:40:00.012-0500 | EthScheduler-Workers-0 | INFO  | PersistBlockTask | Imported empty block #1,387 / 0 tx / 0 om / 0 (0.0%) gas / (0xa087377df5e6ad58ba5e39182a3961ce475e02451df14ff064a208b424d7a8f7) in 0.002s. Peers: 7
2026-03-25 15:40:05.010-0500 | EthScheduler-Workers-0 | INFO  | PersistBlockTask | Imported empty block #1,388 / 0 tx / 0 om / 0 (0.0%) gas / (0xa4f01565b592c07940e04d61f6f838cd3a7fa49c1e83f03627b35bbcd0d2f521) in 0.002s. Peers: 7
2026-03-25 15:40:10.016-0500 | EthScheduler-Workers-0 | INFO  | PersistBlockTask | Imported empty block #1,389 / 0 tx / 0 om / 0 (0.0%) gas / (0x1cd0d02d08be6cd8e0f8884f4b4893371247e60ce16b62654414cde77e0def38) in 0.003s. Peers: 7
2026-03-25 15:40:23.536-0500 | EthScheduler-Workers-0 | INFO  | PersistBlockTask | Imported empty block #1,390 / 0 tx / 0 om / 0 (0.0%) gas / (0xa4f00cbb4bf163fef6ee69312f6a16248c1e32fa60e6ca1a58380004daf8b145) in 0.002s. Peers: 7
2026-03-25 15:40:28.010-0500 | EthScheduler-Workers-0 | INFO  | PersistBlockTask | Imported empty block #1,391 / 0 tx / 0 om / 0 (0.0%) gas / (0x83dca1700b222f3e2d76a4a25050218c78470b77d181545e8527a983e0e18e27) in 0.002s. Peers: 7
2026-03-25 15:40:33.019-0500 | EthScheduler-Workers-0 | INFO  | PersistBlockTask | Imported empty block #1,392 / 0 tx / 0 om / 0 (0.0%) gas / (0x936169066c5c28641fac94003580333afab70b0f5565fc54ec4be5a7d3de15e2) in 0.003s. Peers: 7
2026-03-25 15:40:38.011-0500 | EthScheduler-Workers-0 | INFO  | PersistBlockTask | Imported empty block #1,393 / 0 tx / 0 om / 0 (0.0%) gas / (0xe5cd8512b771c083fabeec03f2baf1b351949de7d368c5d0ce82f2b80729ad0d) in 0.002s. Peers: 7
2026-03-25 15:40:51.545-0500 | EthScheduler-Workers-0 | INFO  | PersistBlockTask | Imported empty block #1,394 / 0 tx / 0 om / 0 (0.0%) gas / (0x93afc841656d03c5f87ebc74565307c0ed69f36ae4cd1f1036d3efc737b3973f) in 0.003s. Peers: 7
2026-03-25 15:40:56.012-0500 | EthScheduler-Workers-0 | INFO  | PersistBlockTask | Imported empty block #1,395 / 0 tx / 0 om / 0 (0.0%) gas / (0x3f54bce4f794b4bb662286312d385f2dab4c38f18a98befd714be8b69828c6a1) in 0.002s. Peers: 7
2026-03-25 15:41:01.008-0500 | EthScheduler-Workers-0 | INFO  | PersistBlockTask | Imported empty block #1,396 / 0 tx / 0 om / 0 (0.0%) gas / (0x2d4d5aabed0a227e27092d31459ddc28ac668c1454507af6f79ac4a1d188963c) in 0.002s. Peers: 7
2026-03-25 15:41:06.013-0500 | EthScheduler-Workers-0 | INFO  | PersistBlockTask | Imported empty block #1,397 / 0 tx / 0 om / 0 (0.0%) gas / (0x6f96e2c4ba40a293478aa589a84400f749e3366f9d16a4b0cca43112ad5fdb02) in 0.002s. Peers: 7
2026-03-25 15:41:11.010-0500 | EthScheduler-Workers-0 | INFO  | PersistBlockTask | Imported empty block #1,398 / 0 tx / 0 om / 0 (0.0%) gas / (0xaffbc89d27df33b111b8d254691f24a0814d6022f8a30bf7c3b9fcda406833e7) in 0.001s. Peers: 7
2026-03-25 15:41:24.482-0500 | EthScheduler-Workers-0 | INFO  | PersistBlockTask | Imported empty block #1,399 / 0 tx / 0 om / 0 (0.0%) gas / (0x794eae2a93aa84ded469b7f7f6ff45ce9511f27be19ed20e8c44a08fd25b7f2b) in 0.001s. Peers: 7
2026-03-25 15:41:29.012-0500 | EthScheduler-Workers-0 | INFO  | PersistBlockTask | Imported empty block #1,400 / 0 tx / 0 om / 0 (0.0%) gas / (0x4fffdd551bf9d54b0afac3a38e51c6bc5775fc479fcad104c8d16f5d4c7d433d) in 0.003s. Peers: 7
2026-03-25 15:41:34.013-0500 | EthScheduler-Workers-0 | INFO  | PersistBlockTask | Imported empty block #1,401 / 0 tx / 0 om / 0 (0.0%) gas / (0xd8b9d6750a1eabfc135760cc375e65c5695cc0b8d06f0da98a13553c9c275a24) in 0.004s. Peers: 7
2026-03-25 15:41:39.015-0500 | EthScheduler-Workers-0 | INFO  | PersistBlockTask | Imported empty block #1,402 / 0 tx / 0 om / 0 (0.0%) gas / (0x7fc6f911326dbdb78faf3ae52adb9653a11db30164580b64b0c4344d3c9f6d4b) in 0.002s. Peers: 7
2026-03-25 15:41:52.558-0500 | EthScheduler-Workers-0 | INFO  | PersistBlockTask | Imported empty block #1,403 / 0 tx / 0 om / 0 (0.0%) gas / (0xc56b17b6a441d06385ff78307f41add18cce747b2c4eefbbc216df34a86d1378) in 0.002s. Peers: 7
2026-03-25 15:41:57.012-0500 | EthScheduler-Workers-0 | INFO  | PersistBlockTask | Imported empty block #1,404 / 0 tx / 0 om / 0 (0.0%) gas / (0xd0101e608f71dad4f60a10a0b2f892678d0778a83c86588d02273e5683be9425) in 0.002s. Peers: 7
2026-03-25 15:42:02.010-0500 | EthScheduler-Workers-0 | INFO  | PersistBlockTask | Imported empty block #1,405 / 0 tx / 0 om / 0 (0.0%) gas / (0x8de8a698aedb12dc73c114ee19a682941f8c921e714a2be3349d570cdab01a44) in 0.002s. Peers: 7
2026-03-25 15:42:07.009-0500 | EthScheduler-Workers-0 | INFO  | PersistBlockTask | Imported empty block #1,406 / 0 tx / 0 om / 0 (0.0%) gas / (0x2ad283e99c3f17fb6a63f0198e86221bb859628c669a580189da61dd11d1fa7f) in 0.002s. Peers: 7
2026-03-25 15:42:12.010-0500 | EthScheduler-Workers-0 | INFO  | PersistBlockTask | Imported empty block #1,407 / 0 tx / 0 om / 0 (0.0%) gas / (0x58333d736f5916d92f4fc2474d008660df9572eeb1d0fc6a7e582ff71b4af03c) in 0.002s. Peers: 7
2026-03-25 15:42:25.539-0500 | EthScheduler-Workers-0 | INFO  | PersistBlockTask | Imported empty block #1,408 / 0 tx / 0 om / 0 (0.0%) gas / (0x4edfd7434e34611211f72dc1cd3f908491da4f0be701f4c94506ac503bd8404a) in 0.003s. Peers: 7
2026-03-25 15:42:30.019-0500 | EthScheduler-Workers-0 | INFO  | PersistBlockTask | Imported empty block #1,409 / 0 tx / 0 om / 0 (0.0%) gas / (0x545f3d235f3d51c6da2c865031442835f548563f839c389febb4a4448ac3c45f) in 0.002s. Peers: 7
2026-03-25 15:42:35.009-0500 | EthScheduler-Workers-0 | INFO  | PersistBlockTask | Imported empty block #1,410 / 0 tx / 0 om / 0 (0.0%) gas / (0xd92a32f4b08a9cf76aeb0a55243ac97db64450ffa857288642607827578c2d26) in 0.002s. Peers: 7
2026-03-25 15:42:40.014-0500 | EthScheduler-Workers-0 | INFO  | PersistBlockTask | Imported empty block #1,411 / 0 tx / 0 om / 0 (0.0%) gas / (0x40e12c4bb2c1d25f6b418a62c0c214b4c827e87d332b8849bbde8bf0686b1cd7) in 0.002s. Peers: 7
2026-03-25 15:42:53.542-0500 | EthScheduler-Workers-0 | INFO  | PersistBlockTask | Imported empty block #1,412 / 0 tx / 0 om / 0 (0.0%) gas / (0x7c79f5cd75d59933be69b81a43b626942ae556dd591caae68d102ada4afea41d) in 0.002s. Peers: 7
2026-03-25 15:42:58.009-0500 | EthScheduler-Workers-0 | INFO  | PersistBlockTask | Imported empty block #1,413 / 0 tx / 0 om / 0 (0.0%) gas / (0x4bebf64708c119154da2a1a3154fd27ae5c973ef2f6fb4e575673777add1ec87) in 0.002s. Peers: 7
2026-03-25 15:43:03.014-0500 | EthScheduler-Workers-0 | INFO  | PersistBlockTask | Imported empty block #1,414 / 0 tx / 0 om / 0 (0.0%) gas / (0x2d20085480235be48ad877a90cb7310d7095f4659a424d5651320369ad3bf261) in 0.003s. Peers: 7
2026-03-25 15:43:08.014-0500 | EthScheduler-Workers-0 | INFO  | PersistBlockTask | Imported empty block #1,415 / 0 tx / 0 om / 0 (0.0%) gas / (0x3a18306fd93869df2ecd3cd0afcf11cc807451ccf2083cc98b557d32eca4ea3d) in 0.002s. Peers: 7
2026-03-25 15:43:13.011-0500 | EthScheduler-Workers-0 | INFO  | PersistBlockTask | Imported empty block #1,416 / 0 tx / 0 om / 0 (0.0%) gas / (0x1f9764288183bbf3455a0ac778088a067b5c8949fc927c291d14172706c706d8) in 0.001s. Peers: 7
2026-03-25 15:43:26.531-0500 | EthScheduler-Workers-0 | INFO  | PersistBlockTask | Imported empty block #1,417 / 0 tx / 0 om / 0 (0.0%) gas / (0xef076ed0d761a664ff43b62190ab709237418f6ea729e118bee7a1aec0914b4f) in 0.002s. Peers: 7
2026-03-25 15:43:31.010-0500 | EthScheduler-Workers-0 | INFO  | PersistBlockTask | Imported empty block #1,418 / 0 tx / 0 om / 0 (0.0%) gas / (0x1fe1961f6f1c62abc9bf08155e1dc67a2d715b6867ddaa73c73e3b1c2ee0f4cc) in 0.002s. Peers: 7
2026-03-25 15:43:36.016-0500 | EthScheduler-Workers-0 | INFO  | PersistBlockTask | Imported empty block #1,419 / 0 tx / 0 om / 0 (0.0%) gas / (0x512a45f30e218898d3fb4c0b259b2c515fb7f9813be0dc00cdaaed10dedc2f74) in 0.005s. Peers: 7
2026-03-25 15:43:41.010-0500 | EthScheduler-Workers-0 | INFO  | PersistBlockTask | Imported empty block #1,420 / 0 tx / 0 om / 0 (0.0%) gas / (0x26339dc04afaaefa5aa8b6a47ce35b2bd401cc9f1c25bd32042b5f06038f2bd6) in 0.002s. Peers: 7
2026-03-25 15:43:46.011-0500 | EthScheduler-Workers-0 | INFO  | PersistBlockTask | Imported empty block #1,421 / 0 tx / 0 om / 0 (0.0%) gas / (0xa0f7a47abadd78fd847ece1d7011678de8f2c82a63624bf1e5fab7c9125add2c) in 0.002s. Peers: 7
2026-03-25 15:43:59.539-0500 | EthScheduler-Workers-0 | INFO  | PersistBlockTask | Imported empty block #1,422 / 0 tx / 0 om / 0 (0.0%) gas / (0x63c0dc3fbe053d1e3aa0f3873f558aa7f20eef705b1873ce0bc19b851d93a2a0) in 0.003s. Peers: 7
2026-03-25 15:44:04.010-0500 | EthScheduler-Workers-0 | INFO  | PersistBlockTask | Imported empty block #1,423 / 0 tx / 0 om / 0 (0.0%) gas / (0x6a6b0dcfffac53869524c45f3afd05d0ee2e8526992239625bdabf09a97609fd) in 0.002s. Peers: 7
2026-03-25 15:44:09.011-0500 | EthScheduler-Workers-0 | INFO  | PersistBlockTask | Imported empty block #1,424 / 0 tx / 0 om / 0 (0.0%) gas / (0xaf75819e83cd7c3c248748f9aeddd8ec6b96e1cb8f5665619bd96ea12f9c0923) in 0.004s. Peers: 7
2026-03-25 15:44:14.010-0500 | EthScheduler-Workers-0 | INFO  | PersistBlockTask | Imported empty block #1,425 / 0 tx / 0 om / 0 (0.0%) gas / (0xdeb2d761d63eb27ab09da39209986f40a0fbc360024d951ed2c617177801a270) in 0.001s. Peers: 7
2026-03-25 15:44:27.496-0500 | EthScheduler-Workers-0 | INFO  | PersistBlockTask | Imported empty block #1,426 / 0 tx / 0 om / 0 (0.0%) gas / (0xa787b4c284cad1198ba3a093fe3b030192465b632fabf58258837a2a3edb285c) in 0.002s. Peers: 7
2026-03-25 15:44:32.011-0500 | EthScheduler-Workers-0 | INFO  | PersistBlockTask | Imported empty block #1,427 / 0 tx / 0 om / 0 (0.0%) gas / (0x9501bd401143cbab89394ed545dd7166659f82ff0534b62e44303ca59576a9d4) in 0.001s. Peers: 7
2026-03-25 15:44:37.014-0500 | EthScheduler-Workers-0 | INFO  | PersistBlockTask | Imported empty block #1,428 / 0 tx / 0 om / 0 (0.0%) gas / (0x95680e2cd99df87de11ec077e412f5eee5e2420dfdd60ccbc28f5e0ab989bbed) in 0.003s. Peers: 7
2026-03-25 15:44:42.011-0500 | EthScheduler-Workers-0 | INFO  | PersistBlockTask | Imported empty block #1,429 / 0 tx / 0 om / 0 (0.0%) gas / (0x55d92d0455f577b67d3fc105a8ebc6a23e00a40510cbeafd19e18b1a3b8e7e3b) in 0.002s. Peers: 7
2026-03-25 15:44:47.012-0500 | EthScheduler-Workers-0 | INFO  | PersistBlockTask | Imported empty block #1,430 / 0 tx / 0 om / 0 (0.0%) gas / (0x016dd66d28501b7adc46c10bd4cba8b481189a2c42421f6d0e529c7c6f126b8c) in 0.002s. Peers: 7
2026-03-25 15:45:00.565-0500 | EthScheduler-Workers-0 | INFO  | PersistBlockTask | Imported empty block #1,431 / 0 tx / 0 om / 0 (0.0%) gas / (0x15fdca7d6b784541c2eb767c6315eda0088ae8a6c22bc4879a9cccfb74dfcfbb) in 0.003s. Peers: 7
2026-03-25 15:45:05.009-0500 | EthScheduler-Workers-0 | INFO  | PersistBlockTask | Imported empty block #1,432 / 0 tx / 0 om / 0 (0.0%) gas / (0x1cd5a1f400b18aa4dff9b3899a1902e82d5343cb70a3679d11f967fa337f3fc1) in 0.002s. Peers: 7
2026-03-25 15:45:10.010-0500 | EthScheduler-Workers-0 | INFO  | PersistBlockTask | Imported empty block #1,433 / 0 tx / 0 om / 0 (0.0%) gas / (0x6ff0208f2c42b8b65001a6157f74d1bfcaf10f38c0a9a1e5e838ea5391ae2c03) in 0.002s. Peers: 7
2026-03-25 15:45:15.011-0500 | EthScheduler-Workers-0 | INFO  | PersistBlockTask | Imported empty block #1,434 / 0 tx / 0 om / 0 (0.0%) gas / (0x1aa192dfa36ef1ce2d5f36046e12c403b654552b21027c9e42ac257d1823ac56) in 0.002s. Peers: 7
2026-03-25 15:45:28.537-0500 | EthScheduler-Workers-0 | INFO  | PersistBlockTask | Imported empty block #1,435 / 0 tx / 0 om / 0 (0.0%) gas / (0x12a2d925fb826ab53321e5b5b839b22aea7c77c6de9d4a89dc29fc6b1199e204) in 0.002s. Peers: 7
2026-03-25 15:45:33.011-0500 | EthScheduler-Workers-0 | INFO  | PersistBlockTask | Imported empty block #1,436 / 0 tx / 0 om / 0 (0.0%) gas / (0x79f132e0ac4d0cd4000f794aad4ae43405ff16ed06f3ce9b1f11dcc25594a3e9) in 0.003s. Peers: 7
2026-03-25 15:45:38.023-0500 | EthScheduler-Workers-0 | INFO  | PersistBlockTask | Imported empty block #1,437 / 0 tx / 0 om / 0 (0.0%) gas / (0x15046285a45e27d3ba7bc0de019bc7ed3ec4a051d75044d0354e70ea9dc1848f) in 0.002s. Peers: 7
2026-03-25 15:45:43.014-0500 | EthScheduler-Workers-0 | INFO  | PersistBlockTask | Imported empty block #1,438 / 0 tx / 0 om / 0 (0.0%) gas / (0x5e79c5186e28b5220d0e6e0379751a79f070236545a13f97952700e3c7a3988f) in 0.004s. Peers: 7
2026-03-25 15:45:48.022-0500 | EthScheduler-Workers-0 | INFO  | PersistBlockTask | Imported empty block #1,439 / 0 tx / 0 om / 0 (0.0%) gas / (0x92f11e8f739915749916e9e9b6f1fde56dd61f183a34af0b946c35eedf60efc3) in 0.002s. Peers: 7
2026-03-25 15:46:01.546-0500 | EthScheduler-Workers-0 | INFO  | PersistBlockTask | Imported empty block #1,440 / 0 tx / 0 om / 0 (0.0%) gas / (0x83549c1378c018b286ac0853c9a5d86ee2d1c75d2111cfff52c1a094735eed36) in 0.002s. Peers: 7
2026-03-25 15:46:06.009-0500 | EthScheduler-Workers-0 | INFO  | PersistBlockTask | Imported empty block #1,441 / 0 tx / 0 om / 0 (0.0%) gas / (0x444a0238b18aeeb202eb6d3d4b101341615e42d90832e59f84718881d1d6521f) in 0.002s. Peers: 7
2026-03-25 15:46:11.010-0500 | EthScheduler-Workers-0 | INFO  | PersistBlockTask | Imported empty block #1,442 / 0 tx / 0 om / 0 (0.0%) gas / (0x698e3fad95fb1afcba620ba0f82bd4c3e88b951632b167c11bf732e94ca39a1d) in 0.002s. Peers: 7
2026-03-25 15:46:16.011-0500 | EthScheduler-Workers-0 | INFO  | PersistBlockTask | Imported empty block #1,443 / 0 tx / 0 om / 0 (0.0%) gas / (0xb240eed298620a4b55f94b82f098ff05fe401d2c20eec2ba5d55c96f7ac3c2d8) in 0.002s. Peers: 7
2026-03-25 15:46:29.557-0500 | EthScheduler-Workers-0 | INFO  | PersistBlockTask | Imported empty block #1,444 / 0 tx / 0 om / 0 (0.0%) gas / (0x754dd30e13f962cb4882684a79f55ee8d8d40f9fef36e46503b80abfdd96711a) in 0.002s. Peers: 7
2026-03-25 15:46:34.012-0500 | EthScheduler-Workers-0 | INFO  | PersistBlockTask | Imported empty block #1,445 / 0 tx / 0 om / 0 (0.0%) gas / (0xe3c33403533491ba40640599a1fe6b6764c2bfeffc7239a6f6abe42095c94861) in 0.002s. Peers: 7
2026-03-25 15:46:39.011-0500 | EthScheduler-Workers-0 | INFO  | PersistBlockTask | Imported empty block #1,446 / 0 tx / 0 om / 0 (0.0%) gas / (0x2d437088c9e23f72ca81a6fe74ac476d7cabeb2758d0ab250c63263f8c6a1fdf) in 0.002s. Peers: 7
2026-03-25 15:46:44.018-0500 | EthScheduler-Workers-0 | INFO  | PersistBlockTask | Imported empty block #1,447 / 0 tx / 0 om / 0 (0.0%) gas / (0x56f01efed9da5608ffe406c82de285bf8f816cdc6caf2362a96f3d039ce4da6e) in 0.001s. Peers: 7
2026-03-25 15:46:49.009-0500 | EthScheduler-Workers-0 | INFO  | PersistBlockTask | Imported empty block #1,448 / 0 tx / 0 om / 0 (0.0%) gas / (0xfe20055911cc506fbf65ca8726b5ec1e017c519db536672dad85aebaac80698b) in 0.002s. Peers: 7
2026-03-25 15:47:02.516-0500 | EthScheduler-Workers-0 | INFO  | PersistBlockTask | Imported empty block #1,449 / 0 tx / 0 om / 0 (0.0%) gas / (0x322f9d660e4c0fdf333a8875b8e9d6225e04fe4b7c9020ebb542cc9a19a05878) in 0.003s. Peers: 7
2026-03-25 15:47:07.017-0500 | EthScheduler-Workers-0 | INFO  | PersistBlockTask | Imported empty block #1,450 / 0 tx / 0 om / 0 (0.0%) gas / (0xb677ed8e5e1ae7d3acb7b28cf7011dca9f295994398f3ee66f5ca907cfec0b3f) in 0.002s. Peers: 7
2026-03-25 15:47:12.014-0500 | EthScheduler-Workers-0 | INFO  | PersistBlockTask | Imported empty block #1,451 / 0 tx / 0 om / 0 (0.0%) gas / (0xc9ddd771501385ccb80e34ac18f381a2ce5103eac348ddc5e7a087a6cdf4598f) in 0.002s. Peers: 7
2026-03-25 15:47:17.013-0500 | EthScheduler-Workers-0 | INFO  | PersistBlockTask | Imported empty block #1,452 / 0 tx / 0 om / 0 (0.0%) gas / (0xd6f44237212f74cae482d28d66cc54dc79ba37531769370cc9e97a25e719d14f) in 0.002s. Peers: 7
2026-03-25 15:47:30.515-0500 | EthScheduler-Workers-0 | INFO  | PersistBlockTask | Imported empty block #1,453 / 0 tx / 0 om / 0 (0.0%) gas / (0x65b692fc8f0740504a24cd4394a0141e504448ad5f14d4173219dda47b8a3297) in 0.002s. Peers: 7
2026-03-25 15:47:35.008-0500 | EthScheduler-Workers-0 | INFO  | PersistBlockTask | Imported empty block #1,454 / 0 tx / 0 om / 0 (0.0%) gas / (0x2eb1554ea3c2d369f28a6cff430819d91427dc94c967794c885aff78c5e71d88) in 0.001s. Peers: 7
2026-03-25 15:47:40.013-0500 | EthScheduler-Workers-0 | INFO  | PersistBlockTask | Imported empty block #1,455 / 0 tx / 0 om / 0 (0.0%) gas / (0x7f352d4a0bb2e17009a531177b9ee901160ac2f39ae07259fd0922f387f20a1f) in 0.003s. Peers: 7
2026-03-25 15:47:45.012-0500 | EthScheduler-Workers-0 | INFO  | PersistBlockTask | Imported empty block #1,456 / 0 tx / 0 om / 0 (0.0%) gas / (0x224774340970f65e0a94c6d2cff68cec64b8a0051af7ba219232092ec3e64354) in 0.002s. Peers: 7
2026-03-25 15:47:50.011-0500 | EthScheduler-Workers-0 | INFO  | PersistBlockTask | Imported empty block #1,457 / 0 tx / 0 om / 0 (0.0%) gas / (0x595653b3a61c66d7f42bd82d22ced39427e3be43801acb49d88a2ab3bddffbd1) in 0.002s. Peers: 7
2026-03-25 15:48:03.542-0500 | EthScheduler-Workers-0 | INFO  | PersistBlockTask | Imported empty block #1,458 / 0 tx / 0 om / 0 (0.0%) gas / (0xbb1df247f43638f83e4dbaf5ef6fcb150858827724efd4d439ffe9caaae8a29b) in 0.002s. Peers: 7
2026-03-25 15:48:08.010-0500 | EthScheduler-Workers-0 | INFO  | PersistBlockTask | Imported empty block #1,459 / 0 tx / 0 om / 0 (0.0%) gas / (0xa722fdbe342fbce0ee16c8babe1651e6e81df2eaf8fbd97c39caa321bda7139c) in 0.001s. Peers: 7
2026-03-25 15:48:13.009-0500 | EthScheduler-Workers-0 | INFO  | PersistBlockTask | Imported empty block #1,460 / 0 tx / 0 om / 0 (0.0%) gas / (0x5e041ef3e73ea2ead2b807cda369f61fca1bb4420f525eac0bab32a0088fa1ab) in 0.001s. Peers: 7
2026-03-25 15:48:18.014-0500 | EthScheduler-Workers-0 | INFO  | PersistBlockTask | Imported empty block #1,461 / 0 tx / 0 om / 0 (0.0%) gas / (0xe01be08ee182d478d7e32582c12d408398490289deb92d70e0d500113073565f) in 0.002s. Peers: 7
2026-03-25 15:48:31.541-0500 | EthScheduler-Workers-0 | INFO  | PersistBlockTask | Imported empty block #1,462 / 0 tx / 0 om / 0 (0.0%) gas / (0x82937e72d731649f97c4c6d62c2e3d057877c3bbfd937b5e3b7658e336d08116) in 0.002s. Peers: 7
2026-03-25 15:48:36.015-0500 | EthScheduler-Workers-0 | INFO  | PersistBlockTask | Imported empty block #1,463 / 0 tx / 0 om / 0 (0.0%) gas / (0xdb3defe22ece989dc89d833017eb7d324312fa40afc5efe4ad734b3ec7736d51) in 0.002s. Peers: 7
2026-03-25 15:48:41.012-0500 | EthScheduler-Workers-0 | INFO  | PersistBlockTask | Imported empty block #1,464 / 0 tx / 0 om / 0 (0.0%) gas / (0x975c1cb1bf7dedd31ddad9826c7ad4e60a0c03d8023d5bf716bcb1e21fc32c3f) in 0.001s. Peers: 7
2026-03-25 15:48:46.010-0500 | EthScheduler-Workers-0 | INFO  | PersistBlockTask | Imported empty block #1,465 / 0 tx / 0 om / 0 (0.0%) gas / (0x91b229940ddcc33336823bbdfdc91d2858de2a1f5fa7d4da2cf32b6d5b99c5cf) in 0.002s. Peers: 7
2026-03-25 15:48:51.016-0500 | EthScheduler-Workers-0 | INFO  | PersistBlockTask | Imported empty block #1,466 / 0 tx / 0 om / 0 (0.0%) gas / (0xdb6f76fa012b1eee650d9c2e2593abff4c0c2ccccdb17ab6390ff76f036bd2a2) in 0.002s. Peers: 7
2026-03-25 15:49:04.547-0500 | EthScheduler-Workers-0 | INFO  | PersistBlockTask | Imported empty block #1,467 / 0 tx / 0 om / 0 (0.0%) gas / (0x1dcc27400498d53908bbbb5ef08829913002d811548de0f915af9d731296e820) in 0.002s. Peers: 7
2026-03-25 15:49:09.019-0500 | EthScheduler-Workers-0 | INFO  | PersistBlockTask | Imported empty block #1,468 / 0 tx / 0 om / 0 (0.0%) gas / (0x5b96186a935de646508890da453df7f74e248fe84688b0ecc021d354fa3e6e51) in 0.001s. Peers: 7
2026-03-25 15:49:14.012-0500 | EthScheduler-Workers-0 | INFO  | PersistBlockTask | Imported empty block #1,469 / 0 tx / 0 om / 0 (0.0%) gas / (0xed0dec8f743c7cc1475b6773ec852f34ce1bba905353f08b9fde06ce506ce7e1) in 0.002s. Peers: 7
2026-03-25 15:49:19.012-0500 | EthScheduler-Workers-0 | INFO  | PersistBlockTask | Imported empty block #1,470 / 0 tx / 0 om / 0 (0.0%) gas / (0xb3608a240c097c35ca827806ae31ec1b0a71c8527b477bfbfc2d4f328943b3d0) in 0.002s. Peers: 7
2026-03-25 15:49:24.011-0500 | EthScheduler-Workers-0 | INFO  | PersistBlockTask | Imported empty block #1,471 / 0 tx / 0 om / 0 (0.0%) gas / (0xceb6d9c5b84a32413f2799b095847d4602dea127d7e0b7b6c18b8acc05afce9c) in 0.001s. Peers: 7
2026-03-25 15:49:37.530-0500 | EthScheduler-Workers-0 | INFO  | PersistBlockTask | Imported empty block #1,472 / 0 tx / 0 om / 0 (0.0%) gas / (0x4aedba214fdc1c6a66d67d751555283e7970fe6ede6eda7272c33d262e5934a8) in 0.001s. Peers: 7
2026-03-25 15:49:42.011-0500 | EthScheduler-Workers-0 | INFO  | PersistBlockTask | Imported empty block #1,473 / 0 tx / 0 om / 0 (0.0%) gas / (0x33911cae4d10cc4aecc41831416f6e195b9a5f3e2336b36f305acb721cd6c970) in 0.002s. Peers: 7
2026-03-25 15:49:47.011-0500 | EthScheduler-Workers-0 | INFO  | PersistBlockTask | Imported empty block #1,474 / 0 tx / 0 om / 0 (0.0%) gas / (0x41e78d1fcffd8efeca0faa23a1ac6ef44ad52e8d64a9e0e5dcb349f2985672aa) in 0.001s. Peers: 7
2026-03-25 15:49:52.019-0500 | EthScheduler-Workers-0 | INFO  | PersistBlockTask | Imported empty block #1,475 / 0 tx / 0 om / 0 (0.0%) gas / (0x71a2abd4086068437bd07eaa207007618d1b22347899bf99d4265b42379f8b53) in 0.003s. Peers: 7
2026-03-25 15:50:05.524-0500 | EthScheduler-Workers-0 | INFO  | PersistBlockTask | Imported empty block #1,476 / 0 tx / 0 om / 0 (0.0%) gas / (0xab00c1938bad13b260c2147297d60cfd40b87513d896b1462cef081b860d7e37) in 0.004s. Peers: 7
2026-03-25 15:50:10.019-0500 | EthScheduler-Workers-0 | INFO  | PersistBlockTask | Imported empty block #1,477 / 0 tx / 0 om / 0 (0.0%) gas / (0x2f220ebada31f0e0e3daaf88e10d5487175c97c4fafc7b0c73e90e7dfa31df2f) in 0.003s. Peers: 7
2026-03-25 15:50:15.021-0500 | EthScheduler-Workers-0 | INFO  | PersistBlockTask | Imported empty block #1,478 / 0 tx / 0 om / 0 (0.0%) gas / (0x137fe5f2b58fef78112efd1bc4189f591d1772f8cdf258eaf9202389f8de8b2d) in 0.001s. Peers: 7
2026-03-25 15:50:20.015-0500 | EthScheduler-Workers-0 | INFO  | PersistBlockTask | Imported empty block #1,479 / 0 tx / 0 om / 0 (0.0%) gas / (0x0bf0a1d375dba52600cb51d4c74ef092ace8c1501d4d3c304a3e38653d1703e8) in 0.003s. Peers: 7
2026-03-25 15:50:25.016-0500 | EthScheduler-Workers-0 | INFO  | PersistBlockTask | Imported empty block #1,480 / 0 tx / 0 om / 0 (0.0%) gas / (0x27059e11d4909d6232d8ec011d6ebb2568d0b742c1fa99abf2838c2ccdfaee77) in 0.001s. Peers: 7
2026-03-25 15:50:38.555-0500 | EthScheduler-Workers-0 | INFO  | PersistBlockTask | Imported empty block #1,481 / 0 tx / 0 om / 0 (0.0%) gas / (0x3fcf688abdeebea50d0af4863f9290301b7d9d9e57bebed0dc2198a2e190e0bd) in 0.001s. Peers: 7
2026-03-25 15:50:43.011-0500 | EthScheduler-Workers-0 | INFO  | PersistBlockTask | Imported empty block #1,482 / 0 tx / 0 om / 0 (0.0%) gas / (0xa80ecacc8a02b13a77465e41485ad184828ecca535c1eeb93c4fca02cf870d1d) in 0.002s. Peers: 7
2026-03-25 15:50:48.015-0500 | EthScheduler-Workers-0 | INFO  | PersistBlockTask | Imported empty block #1,483 / 0 tx / 0 om / 0 (0.0%) gas / (0x23eca46908ba7c948e5c3fed92a8e683d4786878f6b0e45fad74000798bed7a1) in 0.003s. Peers: 7
2026-03-25 15:50:53.012-0500 | EthScheduler-Workers-0 | INFO  | PersistBlockTask | Imported empty block #1,484 / 0 tx / 0 om / 0 (0.0%) gas / (0xf2ab8724dc551e2bb634fb7a9e2a01f926a13e0f314279e3d5e58477c134cfb3) in 0.003s. Peers: 7
2026-03-25 15:51:06.536-0500 | EthScheduler-Workers-0 | INFO  | PersistBlockTask | Imported empty block #1,485 / 0 tx / 0 om / 0 (0.0%) gas / (0xf76c08924de0d91c8f4eb4bb922e773bb8e90d127a2b487c7020c41bccdf33ab) in 0.002s. Peers: 7
2026-03-25 15:51:11.014-0500 | EthScheduler-Workers-0 | INFO  | PersistBlockTask | Imported empty block #1,486 / 0 tx / 0 om / 0 (0.0%) gas / (0x3ad07e536ea4b900080b7bcbafe0a6159ce9bed69bc112aafd2cd939682e09de) in 0.001s. Peers: 7
2026-03-25 15:51:16.013-0500 | EthScheduler-Workers-0 | INFO  | PersistBlockTask | Imported empty block #1,487 / 0 tx / 0 om / 0 (0.0%) gas / (0x48ca240386b9cafad8d1541ec8c93432b0e940e43c88a499b2d35546a53791dd) in 0.002s. Peers: 7
2026-03-25 15:51:21.014-0500 | EthScheduler-Workers-0 | INFO  | PersistBlockTask | Imported empty block #1,488 / 0 tx / 0 om / 0 (0.0%) gas / (0x3e5acc98099aeb17cefe8836cb698c8f0f6df5271c4b9c61c3f202a4b3833881) in 0.001s. Peers: 7
2026-03-25 15:51:26.021-0500 | EthScheduler-Workers-0 | INFO  | PersistBlockTask | Imported empty block #1,489 / 0 tx / 0 om / 0 (0.0%) gas / (0xc1bfa8549a0a3c3ac8da611dde1fde772ae3598c499c3a1b427f61f4cc48bd4a) in 0.003s. Peers: 7
2026-03-25 15:51:39.544-0500 | EthScheduler-Workers-0 | INFO  | PersistBlockTask | Imported empty block #1,490 / 0 tx / 0 om / 0 (0.0%) gas / (0x8d5383ce335b0cea36364859d35678d6406d897648aad2a9be1de38f6c776c31) in 0.002s. Peers: 7
2026-03-25 15:51:44.018-0500 | EthScheduler-Workers-0 | INFO  | PersistBlockTask | Imported empty block #1,491 / 0 tx / 0 om / 0 (0.0%) gas / (0x08e2e497adb17d7f6ea18050560b0d600996a96e0b789ea95c3e607ac272739b) in 0.002s. Peers: 7
2026-03-25 15:51:49.013-0500 | EthScheduler-Workers-0 | INFO  | PersistBlockTask | Imported empty block #1,492 / 0 tx / 0 om / 0 (0.0%) gas / (0xeda8599eb6494d354d73fae174a91f63926e33ff19b317ee9c8fcf54a506be5c) in 0.003s. Peers: 7
2026-03-25 15:51:54.008-0500 | EthScheduler-Workers-0 | INFO  | PersistBlockTask | Imported empty block #1,493 / 0 tx / 0 om / 0 (0.0%) gas / (0xb34f54e7b5dd9e5996ce9d0a86f316b729156b4745d886a9e49d567d28a0eac7) in 0.001s. Peers: 7
2026-03-25 15:52:07.545-0500 | EthScheduler-Workers-0 | INFO  | PersistBlockTask | Imported empty block #1,494 / 0 tx / 0 om / 0 (0.0%) gas / (0x00c07f246ffddc940942fd2f91b0b141d87314da636207797bc13d9cdcde25c2) in 0.001s. Peers: 7
2026-03-25 15:52:12.011-0500 | EthScheduler-Workers-0 | INFO  | PersistBlockTask | Imported empty block #1,495 / 0 tx / 0 om / 0 (0.0%) gas / (0x158dc70363f8256227812d468222fbd0707741dabff5179bc94f0e51fb6cc90c) in 0.001s. Peers: 7
2026-03-25 15:52:17.011-0500 | EthScheduler-Workers-0 | INFO  | PersistBlockTask | Imported empty block #1,496 / 0 tx / 0 om / 0 (0.0%) gas / (0xbb73f98f9c633014ab9dd23e2862b6eb94c52da4c23e35a6ec9856db8991a049) in 0.002s. Peers: 7
2026-03-25 15:52:22.021-0500 | EthScheduler-Workers-0 | INFO  | PersistBlockTask | Imported empty block #1,497 / 0 tx / 0 om / 0 (0.0%) gas / (0xe89cdb5a601d244d3f3d71edd8d727f5f01986122293066bf43e6d1d5bb3b813) in 0.002s. Peers: 7
2026-03-25 15:52:27.011-0500 | EthScheduler-Workers-0 | INFO  | PersistBlockTask | Imported empty block #1,498 / 0 tx / 0 om / 0 (0.0%) gas / (0x46d3ae7760085e2cdf504ffa9e77441f1c536819f09fa5463e600a3edcad2200) in 0.002s. Peers: 7
2026-03-25 15:52:40.528-0500 | EthScheduler-Workers-0 | INFO  | PersistBlockTask | Imported empty block #1,499 / 0 tx / 0 om / 0 (0.0%) gas / (0x1d405a990b34535f8359e8d1fc4183471af6c56269f254f2ddcc0b0a7321d44c) in 0.003s. Peers: 7
2026-03-25 15:52:45.013-0500 | EthScheduler-Workers-0 | INFO  | PersistBlockTask | Imported empty block #1,500 / 0 tx / 0 om / 0 (0.0%) gas / (0x5096b57fb60da01087b2022dc0d31dfdb98126fcee75725dc9b663ceeebfa743) in 0.003s. Peers: 7
2026-03-25 15:52:50.011-0500 | EthScheduler-Workers-0 | INFO  | PersistBlockTask | Imported empty block #1,501 / 0 tx / 0 om / 0 (0.0%) gas / (0xa7a015ecae9650e0c22386a4abea2125312b121b544f96de17414b724d0fd4ca) in 0.001s. Peers: 7
2026-03-25 15:52:55.010-0500 | EthScheduler-Workers-0 | INFO  | PersistBlockTask | Imported empty block #1,502 / 0 tx / 0 om / 0 (0.0%) gas / (0x263117c6eeafd5f4bb78b65fc487e4febe339ceff3203acfc388ab0751b9556b) in 0.001s. Peers: 7
2026-03-25 15:53:08.544-0500 | EthScheduler-Workers-0 | INFO  | PersistBlockTask | Imported empty block #1,503 / 0 tx / 0 om / 0 (0.0%) gas / (0x9fb070d07cc607a245822ff78a86788099f8f02bbf07a7da1b15a2e8d8468de6) in 0.002s. Peers: 7
2026-03-25 15:53:13.009-0500 | EthScheduler-Workers-0 | INFO  | PersistBlockTask | Imported empty block #1,504 / 0 tx / 0 om / 0 (0.0%) gas / (0x49d97bc4385476a2c77fe93638e4079c64c140815f69a970b764435640c05c6c) in 0.002s. Peers: 7
2026-03-25 15:53:18.011-0500 | EthScheduler-Workers-0 | INFO  | PersistBlockTask | Imported empty block #1,505 / 0 tx / 0 om / 0 (0.0%) gas / (0x9c7dacfb386e79f65fb4f597f81d537281ce65ef44e828d44271c5c485ead8ae) in 0.002s. Peers: 7
2026-03-25 15:53:23.015-0500 | EthScheduler-Workers-0 | INFO  | PersistBlockTask | Imported empty block #1,506 / 0 tx / 0 om / 0 (0.0%) gas / (0x22d3fdc8852fe184a5ae96d995708940e8a2b4c40c3174cb584b1ee9c083f655) in 0.002s. Peers: 7
2026-03-25 15:53:28.013-0500 | EthScheduler-Workers-0 | INFO  | PersistBlockTask | Imported empty block #1,507 / 0 tx / 0 om / 0 (0.0%) gas / (0x9a73bdef9749edfc5e5ca093d43ed150193f7a820c45a9ccaf5add852c0e4aff) in 0.002s. Peers: 7
2026-03-25 15:53:41.539-0500 | EthScheduler-Workers-0 | INFO  | PersistBlockTask | Imported empty block #1,508 / 0 tx / 0 om / 0 (0.0%) gas / (0x6b72a9015cbb5b8e49f1a6a4f8b96f4fc2d0a195325de7626a64c38ac0c389c5) in 0.002s. Peers: 7
2026-03-25 15:53:46.007-0500 | EthScheduler-Workers-0 | INFO  | PersistBlockTask | Imported empty block #1,509 / 0 tx / 0 om / 0 (0.0%) gas / (0x41a93f2fcfb0ef0d9a83e064484cf5514aecc938487df8b3d8475ce21fe1544e) in 0.001s. Peers: 7
2026-03-25 15:53:51.009-0500 | EthScheduler-Workers-0 | INFO  | PersistBlockTask | Imported empty block #1,510 / 0 tx / 0 om / 0 (0.0%) gas / (0x4a36de0ae56fd74c4036eb19007bb4718452a815107020e06e20cf9b5f881a39) in 0.002s. Peers: 7
2026-03-25 15:53:56.012-0500 | EthScheduler-Workers-0 | INFO  | PersistBlockTask | Imported empty block #1,511 / 0 tx / 0 om / 0 (0.0%) gas / (0x87fb48ec357c8a1fe0fdb6c5afac45b413eb8bb357a96d52aee262804697dd7f) in 0.001s. Peers: 7
2026-03-25 15:54:01.012-0500 | EthScheduler-Workers-0 | INFO  | PersistBlockTask | Imported empty block #1,512 / 0 tx / 0 om / 0 (0.0%) gas / (0x68ac7bff2cc498c23943c31e5d6ec46b51cc4e270c1e15602e4dd9083e5e9a10) in 0.001s. Peers: 7
2026-03-25 15:54:14.531-0500 | EthScheduler-Workers-0 | INFO  | PersistBlockTask | Imported empty block #1,513 / 0 tx / 0 om / 0 (0.0%) gas / (0x0d2d974c95993f2496a17b4f9d114b714421d41a7cdbbeee669323735d380e33) in 0.001s. Peers: 7
2026-03-25 15:54:19.012-0500 | EthScheduler-Workers-0 | INFO  | PersistBlockTask | Imported empty block #1,514 / 0 tx / 0 om / 0 (0.0%) gas / (0x2913b5851a7ffe9a70cc133a567424720e1a8b2ed8b0f89875a017415081c5ed) in 0.003s. Peers: 7
2026-03-25 15:54:24.023-0500 | EthScheduler-Workers-0 | INFO  | PersistBlockTask | Imported empty block #1,515 / 0 tx / 0 om / 0 (0.0%) gas / (0xb6aa51df18bdea354fb7104cd18d1e01463b4eed85ab5f8da5d7ed1c1fd1af53) in 0.004s. Peers: 7
2026-03-25 15:54:29.013-0500 | EthScheduler-Workers-0 | INFO  | PersistBlockTask | Imported empty block #1,516 / 0 tx / 0 om / 0 (0.0%) gas / (0xf39c23c857119d23e2b3e37e58154bb1821890c0f6a088bf6df79bbc12bf250c) in 0.003s. Peers: 7
2026-03-25 15:54:42.534-0500 | EthScheduler-Workers-0 | INFO  | PersistBlockTask | Imported empty block #1,517 / 0 tx / 0 om / 0 (0.0%) gas / (0x8e16a208a7f26b20fb6719159d00860d27c053c76c93f0e940ea4e6784818693) in 0.003s. Peers: 7
2026-03-25 15:54:47.010-0500 | EthScheduler-Workers-0 | INFO  | PersistBlockTask | Imported empty block #1,518 / 0 tx / 0 om / 0 (0.0%) gas / (0xc47e073dc9ca954557ffe6a557f8060b64e839f046b93f17ffdf82f63e2511fe) in 0.001s. Peers: 7
2026-03-25 15:54:52.011-0500 | EthScheduler-Workers-0 | INFO  | PersistBlockTask | Imported empty block #1,519 / 0 tx / 0 om / 0 (0.0%) gas / (0x389464c8fe1824ad45af782c589721a9068f2945508e7265fe50ebac5b93d244) in 0.002s. Peers: 7
2026-03-25 15:54:57.012-0500 | EthScheduler-Workers-0 | INFO  | PersistBlockTask | Imported empty block #1,520 / 0 tx / 0 om / 0 (0.0%) gas / (0x511c8b3d7fca8cc152cd88575fcf292504bad0cda6ae0ba71706a88979120d4c) in 0.001s. Peers: 7
2026-03-25 15:55:02.015-0500 | EthScheduler-Workers-0 | INFO  | PersistBlockTask | Imported empty block #1,521 / 0 tx / 0 om / 0 (0.0%) gas / (0xc58d4cbce520b8e45bf89ad6df1a3d9818384e21973993f1e492a05d824f57fd) in 0.001s. Peers: 7
2026-03-25 15:55:15.506-0500 | EthScheduler-Workers-0 | INFO  | PersistBlockTask | Imported empty block #1,522 / 0 tx / 0 om / 0 (0.0%) gas / (0x1a06303bf92b9721bd1f9c35054217e97672fe0fae3272042ef8649b48c6845e) in 0.001s. Peers: 7
2026-03-25 15:55:20.021-0500 | EthScheduler-Workers-0 | INFO  | PersistBlockTask | Imported empty block #1,523 / 0 tx / 0 om / 0 (0.0%) gas / (0xdf160ba72985d5d9477c016709e7a75e9b54c029b16ba77a7b909e45e1d038c3) in 0.002s. Peers: 7
2026-03-25 15:55:25.015-0500 | EthScheduler-Workers-0 | INFO  | PersistBlockTask | Imported empty block #1,524 / 0 tx / 0 om / 0 (0.0%) gas / (0x1a456439aae8d741a17712a8034f34700b0dd75ee2cf83e8cc209d0ed2284853) in 0.002s. Peers: 7
2026-03-25 15:55:30.021-0500 | EthScheduler-Workers-0 | INFO  | PersistBlockTask | Imported empty block #1,525 / 0 tx / 0 om / 0 (0.0%) gas / (0xf79f6ec7050a1c3f0ed0451ed61cec52a016452c5c8e8c62dcd8a79c573df9de) in 0.002s. Peers: 7
2026-03-25 15:55:43.540-0500 | EthScheduler-Workers-0 | INFO  | PersistBlockTask | Imported empty block #1,526 / 0 tx / 0 om / 0 (0.0%) gas / (0x1bcbb2024dddd037b674daf5ef43805c40b117317e1786e355ed9823bcfe4bff) in 0.001s. Peers: 7
2026-03-25 15:55:48.012-0500 | EthScheduler-Workers-0 | INFO  | PersistBlockTask | Imported empty block #1,527 / 0 tx / 0 om / 0 (0.0%) gas / (0xf60efdd3457374f4d046ec720975ce4b12c274ad932a988b49490f4a39da6cd3) in 0.001s. Peers: 7
2026-03-25 15:55:53.010-0500 | EthScheduler-Workers-0 | INFO  | PersistBlockTask | Imported empty block #1,528 / 0 tx / 0 om / 0 (0.0%) gas / (0xd80ce4eed289a5a30beca0bac6f7a81db48aeab452cd68800f5c284aef279911) in 0.001s. Peers: 7
2026-03-25 15:55:58.008-0500 | EthScheduler-Workers-0 | INFO  | PersistBlockTask | Imported empty block #1,529 / 0 tx / 0 om / 0 (0.0%) gas / (0x60c174dde296a35b19f3d65f01e2c46fefe33ca2533f135350b615c0914ae1cd) in 0.001s. Peers: 7
2026-03-25 15:56:03.014-0500 | EthScheduler-Workers-0 | INFO  | PersistBlockTask | Imported empty block #1,530 / 0 tx / 0 om / 0 (0.0%) gas / (0x558e282d17180fcb566f6166c0d94e1c69f19ca3b83e377fbe459e8934964317) in 0.003s. Peers: 7
2026-03-25 15:56:16.528-0500 | EthScheduler-Workers-0 | INFO  | PersistBlockTask | Imported empty block #1,531 / 0 tx / 0 om / 0 (0.0%) gas / (0xa112234e00d15061bce4fcd8245d96809b7b48eb8e14527dbb9548cee57787db) in 0.002s. Peers: 7
2026-03-25 15:56:21.011-0500 | EthScheduler-Workers-0 | INFO  | PersistBlockTask | Imported empty block #1,532 / 0 tx / 0 om / 0 (0.0%) gas / (0xca36f6f7d8887b2b5a672e4e33094da61a8ba3d8e91443d8fceb3a635598708d) in 0.002s. Peers: 7
2026-03-25 15:56:26.024-0500 | EthScheduler-Workers-0 | INFO  | PersistBlockTask | Imported empty block #1,533 / 0 tx / 0 om / 0 (0.0%) gas / (0xb2ac72f093dd894bcbe3e8598b3124e78ec1a1eb83f3163f3bd9e5835809f5e8) in 0.003s. Peers: 7
2026-03-25 15:56:31.019-0500 | EthScheduler-Workers-0 | INFO  | PersistBlockTask | Imported empty block #1,534 / 0 tx / 0 om / 0 (0.0%) gas / (0x6ddfb8c69070e60484dfe6aa6c8b90e81d4d3fc2d4ad7b7e60c9616f50af9217) in 0.002s. Peers: 7
2026-03-25 15:56:44.530-0500 | EthScheduler-Workers-0 | INFO  | PersistBlockTask | Imported empty block #1,535 / 0 tx / 0 om / 0 (0.0%) gas / (0x229a96f9a898d7c477147bde7b4f687a518e5b6bf1535f49dac23220cfe2893b) in 0.002s. Peers: 7
2026-03-25 15:56:49.012-0500 | EthScheduler-Workers-0 | INFO  | PersistBlockTask | Imported empty block #1,536 / 0 tx / 0 om / 0 (0.0%) gas / (0x9a4fb0efb0a67bb8a84104835f94beda4fe767948df65a580700cbbae55f34ff) in 0.001s. Peers: 7
2026-03-25 15:56:54.013-0500 | EthScheduler-Workers-0 | INFO  | PersistBlockTask | Imported empty block #1,537 / 0 tx / 0 om / 0 (0.0%) gas / (0xa36d5f14b7eaf3739cc189ad10ec499c48781e497fddb621eafbca7528c24240) in 0.002s. Peers: 7
2026-03-25 15:56:59.033-0500 | EthScheduler-Workers-0 | INFO  | PersistBlockTask | Imported empty block #1,538 / 0 tx / 0 om / 0 (0.0%) gas / (0x07b2688cf77bd808b0c5f1c441aaf7ac720702cf91c03c8b7d3428f22b00b8a9) in 0.002s. Peers: 7
2026-03-25 15:57:04.009-0500 | EthScheduler-Workers-0 | INFO  | PersistBlockTask | Imported empty block #1,539 / 0 tx / 0 om / 0 (0.0%) gas / (0xbb2d122741524d09e0363d9fbe459a33ae8986388b2a565ec8dbff16bc182a9c) in 0.002s. Peers: 7
2026-03-25 15:57:17.540-0500 | EthScheduler-Workers-0 | INFO  | PersistBlockTask | Imported empty block #1,540 / 0 tx / 0 om / 0 (0.0%) gas / (0x01562b024782e49e973eaa520a6809fea3165311ec1e8ea5f1a90c84852bdaaf) in 0.003s. Peers: 7
2026-03-25 15:57:22.011-0500 | EthScheduler-Workers-0 | INFO  | PersistBlockTask | Imported empty block #1,541 / 0 tx / 0 om / 0 (0.0%) gas / (0xdddceb6bbccb658a5147aca59a54b912ad2675dcc6eb9a7e9c79f515f1be3b50) in 0.001s. Peers: 7
2026-03-25 15:57:27.016-0500 | EthScheduler-Workers-0 | INFO  | PersistBlockTask | Imported empty block #1,542 / 0 tx / 0 om / 0 (0.0%) gas / (0xc26c5b43b4773c18dcfd58e4b59bb620af4b6bf5101abf1b23b3320abd40bc7e) in 0.002s. Peers: 7
2026-03-25 15:57:32.031-0500 | EthScheduler-Workers-0 | INFO  | PersistBlockTask | Imported empty block #1,543 / 0 tx / 0 om / 0 (0.0%) gas / (0x4630d4d245301d1250aa05f16d4661b349ab1a9360255b4f9ce7aa197b92a8d1) in 0.003s. Peers: 7
2026-03-25 15:57:45.543-0500 | EthScheduler-Workers-0 | INFO  | PersistBlockTask | Imported empty block #1,544 / 0 tx / 0 om / 0 (0.0%) gas / (0x96c99c98f7100b60b23855a575a53ef39b45c521f3c9750dee00941c60037e1d) in 0.004s. Peers: 7
2026-03-25 15:57:50.010-0500 | EthScheduler-Workers-0 | INFO  | PersistBlockTask | Imported empty block #1,545 / 0 tx / 0 om / 0 (0.0%) gas / (0xeb70d421507ddc7e525907225c9cdbb2411b3cba987da3bb703239dda56d64d6) in 0.002s. Peers: 7
2026-03-25 15:57:55.010-0500 | EthScheduler-Workers-0 | INFO  | PersistBlockTask | Imported empty block #1,546 / 0 tx / 0 om / 0 (0.0%) gas / (0x1952fc05b596057dded433bcd5d4e777fdd8e08f61fcfff8685ecd4503dceddd) in 0.001s. Peers: 7
2026-03-25 15:58:00.011-0500 | EthScheduler-Workers-0 | INFO  | PersistBlockTask | Imported empty block #1,547 / 0 tx / 0 om / 0 (0.0%) gas / (0xf506d25450ed858971d5e72d787353c04789db4b7fd40c90a68529f4ebb9b2d6) in 0.001s. Peers: 7
2026-03-25 15:58:05.008-0500 | EthScheduler-Workers-0 | INFO  | PersistBlockTask | Imported empty block #1,548 / 0 tx / 0 om / 0 (0.0%) gas / (0xdac86230a422c65217d15dd221d571e89ccced2f594eb904e4e9901cad09a526) in 0.002s. Peers: 7
2026-03-25 15:58:18.514-0500 | EthScheduler-Workers-0 | INFO  | PersistBlockTask | Imported empty block #1,549 / 0 tx / 0 om / 0 (0.0%) gas / (0x855962857476ae6817b599c9d1ec77187d3c09d7e2ac35d9c0332e449417d15f) in 0.002s. Peers: 7
2026-03-25 15:58:23.013-0500 | EthScheduler-Workers-0 | INFO  | PersistBlockTask | Imported empty block #1,550 / 0 tx / 0 om / 0 (0.0%) gas / (0xe43675145648aab3551f71a3326dc3abe5e23253851f84348e8baf9ed10f2abb) in 0.001s. Peers: 7
2026-03-25 15:58:28.013-0500 | EthScheduler-Workers-0 | INFO  | PersistBlockTask | Imported empty block #1,551 / 0 tx / 0 om / 0 (0.0%) gas / (0x3f197916073b56e9251e5a6d215c7d4fb3c4263046b19ac371fa233965259564) in 0.002s. Peers: 7
2026-03-25 15:58:33.009-0500 | EthScheduler-Workers-0 | INFO  | PersistBlockTask | Imported empty block #1,552 / 0 tx / 0 om / 0 (0.0%) gas / (0xd14385a99f1933db171d94e1fc5e0d70df86540edc337bf26c228388348d4d55) in 0.001s. Peers: 7
2026-03-25 15:58:38.016-0500 | EthScheduler-Workers-0 | INFO  | PersistBlockTask | Imported empty block #1,553 / 0 tx / 0 om / 0 (0.0%) gas / (0xc6d406dd48b5f013d4c083c88df0f517295b22b01e91c4cc8ca496f09843cc43) in 0.002s. Peers: 7
2026-03-25 15:58:51.541-0500 | EthScheduler-Workers-0 | INFO  | PersistBlockTask | Imported empty block #1,554 / 0 tx / 0 om / 0 (0.0%) gas / (0xb765e16bf69000743c3d1e5cda76613b3e3f10b3416e0119f6540a11675cf505) in 0.001s. Peers: 7
2026-03-25 15:58:56.011-0500 | EthScheduler-Workers-0 | INFO  | PersistBlockTask | Imported empty block #1,555 / 0 tx / 0 om / 0 (0.0%) gas / (0x1d891cbc62254e637c5725daadc10e8afe40cbd0a4b951b483e1269be6094540) in 0.001s. Peers: 7
2026-03-25 15:59:01.011-0500 | EthScheduler-Workers-0 | INFO  | PersistBlockTask | Imported empty block #1,556 / 0 tx / 0 om / 0 (0.0%) gas / (0xae58ce72d78f497e74260aa46e2c3ef14208fa328e7a27a48651ef8491eb37a0) in 0.002s. Peers: 7
2026-03-25 15:59:06.012-0500 | EthScheduler-Workers-0 | INFO  | PersistBlockTask | Imported empty block #1,557 / 0 tx / 0 om / 0 (0.0%) gas / (0x450023e61ca6e5f45ea08c7367efe81aca95f5dc91018f2eeb9a3d7629d3d166) in 0.002s. Peers: 7
2026-03-25 15:59:19.545-0500 | EthScheduler-Workers-0 | INFO  | PersistBlockTask | Imported empty block #1,558 / 0 tx / 0 om / 0 (0.0%) gas / (0x695e8e2ee6f62595e7b4697f085b75d5f2282433ba8125b333ba67c686bde4b2) in 0.003s. Peers: 7
2026-03-25 15:59:24.017-0500 | EthScheduler-Workers-0 | INFO  | PersistBlockTask | Imported empty block #1,559 / 0 tx / 0 om / 0 (0.0%) gas / (0x8d4dbce3030290a4932371cf447ec4ecbb73a3da16368e7f1fce87ebbc00b81d) in 0.001s. Peers: 7
2026-03-25 15:59:29.010-0500 | EthScheduler-Workers-0 | INFO  | PersistBlockTask | Imported empty block #1,560 / 0 tx / 0 om / 0 (0.0%) gas / (0xb93f8324ddc0262d6735ee352dda6276d6d92ec67dd9ea7d52e7f80ac740b296) in 0.002s. Peers: 7
2026-03-25 15:59:34.015-0500 | EthScheduler-Workers-0 | INFO  | PersistBlockTask | Imported empty block #1,561 / 0 tx / 0 om / 0 (0.0%) gas / (0x85b6ab44d2b4da2fd23bfa38b9ee649ad2df002a31e53242646d1e2f8bfa0d94) in 0.001s. Peers: 7
2026-03-25 15:59:39.014-0500 | EthScheduler-Workers-0 | INFO  | PersistBlockTask | Imported empty block #1,562 / 0 tx / 0 om / 0 (0.0%) gas / (0x2e095046f8e271cd772199ca9af3da26a838dfd58166853db5928ace6674432c) in 0.001s. Peers: 7
2026-03-25 15:59:52.544-0500 | EthScheduler-Workers-0 | INFO  | PersistBlockTask | Imported empty block #1,563 / 0 tx / 0 om / 0 (0.0%) gas / (0x1962bdd67339a3ce1d2254127b4bb02cf5f4b138a1fd388081d9077fa7b05181) in 0.004s. Peers: 7
2026-03-25 15:59:57.014-0500 | EthScheduler-Workers-0 | INFO  | PersistBlockTask | Imported empty block #1,564 / 0 tx / 0 om / 0 (0.0%) gas / (0xeb31200b5f2d6f6fcff399426b76171614494d1798af0a72c118499eff4b70c3) in 0.002s. Peers: 7
2026-03-25 16:00:02.015-0500 | EthScheduler-Workers-0 | INFO  | PersistBlockTask | Imported empty block #1,565 / 0 tx / 0 om / 0 (0.0%) gas / (0xe08e12aaf8b8bde57b77982d2c2697c2f4acdd13a935d07f0a3aedceeec7e7c5) in 0.004s. Peers: 7
2026-03-25 16:00:07.008-0500 | EthScheduler-Workers-0 | INFO  | PersistBlockTask | Imported empty block #1,566 / 0 tx / 0 om / 0 (0.0%) gas / (0xf3d192f4faafc3a471efd936a79eb7fc4fc00c8f04b0169cefea66ec0330e243) in 0.002s. Peers: 7
2026-03-25 16:00:20.535-0500 | EthScheduler-Workers-0 | INFO  | PersistBlockTask | Imported empty block #1,567 / 0 tx / 0 om / 0 (0.0%) gas / (0xe08f5fcec893bcdb166b21c95ab7b0dba07b029abfbef49994517abafb35fc12) in 0.002s. Peers: 7
2026-03-25 16:00:25.014-0500 | EthScheduler-Workers-0 | INFO  | PersistBlockTask | Imported empty block #1,568 / 0 tx / 0 om / 0 (0.0%) gas / (0x3c2263c7116fa975732351ac4dd9397477056912d73045c40e66af7a3895c2e8) in 0.002s. Peers: 7
2026-03-25 16:00:30.010-0500 | EthScheduler-Workers-0 | INFO  | PersistBlockTask | Imported empty block #1,569 / 0 tx / 0 om / 0 (0.0%) gas / (0x733da98764e045c326b358b4cf769d7c75f2a2dba8b39ac4bab00b34de5c4d0f) in 0.002s. Peers: 7
2026-03-25 16:00:35.015-0500 | EthScheduler-Workers-0 | INFO  | PersistBlockTask | Imported empty block #1,570 / 0 tx / 0 om / 0 (0.0%) gas / (0x85637d6995082ac10de940f6368d0606a1b95cef9797fa0b02ef6c10d86d538d) in 0.001s. Peers: 7
2026-03-25 16:00:40.011-0500 | EthScheduler-Workers-0 | INFO  | PersistBlockTask | Imported empty block #1,571 / 0 tx / 0 om / 0 (0.0%) gas / (0xefe5b5708cc5f09dbbf60ed5749d26436ee1d6b046ccaf31185e6a0524f22bcb) in 0.002s. Peers: 7
2026-03-25 16:00:53.514-0500 | EthScheduler-Workers-0 | INFO  | PersistBlockTask | Imported empty block #1,572 / 0 tx / 0 om / 0 (0.0%) gas / (0xeff97276b402011589c209ee5a29f20e926690ebb1835627886d3e5d8a6ea1c6) in 0.003s. Peers: 7
2026-03-25 16:00:58.010-0500 | EthScheduler-Workers-0 | INFO  | PersistBlockTask | Imported empty block #1,573 / 0 tx / 0 om / 0 (0.0%) gas / (0x3308c83376fc6674f7d6960d999506e44beffca7488c6325bf0814292fc66ee8) in 0.002s. Peers: 7
2026-03-25 16:01:03.024-0500 | EthScheduler-Workers-0 | INFO  | PersistBlockTask | Imported empty block #1,574 / 0 tx / 0 om / 0 (0.0%) gas / (0xe75e2c6aaeb15223f75d0b39883b02480863157a6c16c29946e4c7f567ffc631) in 0.003s. Peers: 7
2026-03-25 16:01:08.007-0500 | EthScheduler-Workers-0 | INFO  | PersistBlockTask | Imported empty block #1,575 / 0 tx / 0 om / 0 (0.0%) gas / (0x67c74b9d9ee0566fa35be952568857b627cf1e5c9dc181e208f83aa749a93c8f) in 0.001s. Peers: 7
2026-03-25 16:01:21.551-0500 | EthScheduler-Workers-0 | INFO  | PersistBlockTask | Imported empty block #1,576 / 0 tx / 0 om / 0 (0.0%) gas / (0x152185e5dfa625d605e99128b3d24cdbec5c1410b331d62eb3d8d30e4a45bab9) in 0.002s. Peers: 7
2026-03-25 16:01:26.018-0500 | EthScheduler-Workers-0 | INFO  | PersistBlockTask | Imported empty block #1,577 / 0 tx / 0 om / 0 (0.0%) gas / (0x0ab30b25b82760eaf2689ccfaeb65ee1803954cd8f5107fa7a2f6c16de4e569c) in 0.001s. Peers: 7
2026-03-25 16:01:31.008-0500 | EthScheduler-Workers-0 | INFO  | PersistBlockTask | Imported empty block #1,578 / 0 tx / 0 om / 0 (0.0%) gas / (0x4507aa16d600f4e300fb3a9677497ff37ea87e9d601f512efe8115fbb0aa8184) in 0.001s. Peers: 7
2026-03-25 16:01:36.011-0500 | EthScheduler-Workers-0 | INFO  | PersistBlockTask | Imported empty block #1,579 / 0 tx / 0 om / 0 (0.0%) gas / (0xbe6041c3a2dd5be89f2a7c77cd63ffa55281d63e046c06c2e6f0ecac9000f4f9) in 0.002s. Peers: 7
2026-03-25 16:01:41.014-0500 | EthScheduler-Workers-0 | INFO  | PersistBlockTask | Imported empty block #1,580 / 0 tx / 0 om / 0 (0.0%) gas / (0xa9b5040e059f7473dcc316fe87c426949b11a61e6cd4e83d2e4f9ec3d6dcd16d) in 0.003s. Peers: 7
2026-03-25 16:01:54.578-0500 | EthScheduler-Workers-0 | INFO  | PersistBlockTask | Imported empty block #1,581 / 0 tx / 0 om / 0 (0.0%) gas / (0x8529ad3a69d287a8c13b6a6f55f3020aa764aff918abecf32c5f2b3ee05359e5) in 0.002s. Peers: 7
2026-03-25 16:01:59.020-0500 | EthScheduler-Workers-0 | INFO  | PersistBlockTask | Imported empty block #1,582 / 0 tx / 0 om / 0 (0.0%) gas / (0x14600901c0b08384168606a8833b78307b85b31c79d5b52fd6db6e1ffc86920f) in 0.001s. Peers: 7
2026-03-25 16:02:04.031-0500 | EthScheduler-Workers-0 | INFO  | PersistBlockTask | Imported empty block #1,583 / 0 tx / 0 om / 0 (0.0%) gas / (0x84af567b40237aad9840c25a343611a199dcfb07b740e8cba7c240d0543030db) in 0.002s. Peers: 7
2026-03-25 16:02:09.008-0500 | EthScheduler-Workers-0 | INFO  | PersistBlockTask | Imported empty block #1,584 / 0 tx / 0 om / 0 (0.0%) gas / (0x06ce289c9c0779de955b094e45f3458dc1d1f1bb57c3198b7818a206b642518f) in 0.002s. Peers: 7
2026-03-25 16:02:22.528-0500 | EthScheduler-Workers-0 | INFO  | PersistBlockTask | Imported empty block #1,585 / 0 tx / 0 om / 0 (0.0%) gas / (0x2bb0efe574947554e2e2f9af5c5e92d69da62cab75124f4f014e101c54931b4b) in 0.002s. Peers: 7
2026-03-25 16:02:27.011-0500 | EthScheduler-Workers-0 | INFO  | PersistBlockTask | Imported empty block #1,586 / 0 tx / 0 om / 0 (0.0%) gas / (0xe3f95465a29fd900d30057d35fbae81bc683c8c29fa747e4db911dc29b9bb177) in 0.002s. Peers: 7
2026-03-25 16:02:32.015-0500 | EthScheduler-Workers-0 | INFO  | PersistBlockTask | Imported empty block #1,587 / 0 tx / 0 om / 0 (0.0%) gas / (0x0b9d900da1aaaa623f5dacfc4a27ec142e4ccaa35216b113c27211a78cdbcd1a) in 0.003s. Peers: 7
2026-03-25 16:02:37.013-0500 | EthScheduler-Workers-0 | INFO  | PersistBlockTask | Imported empty block #1,588 / 0 tx / 0 om / 0 (0.0%) gas / (0x4e4a3b8afc76d4864b73d75fb104a38f1e0797ce1d61febc5f0d2291a477cde6) in 0.002s. Peers: 7
2026-03-25 16:02:42.017-0500 | EthScheduler-Workers-0 | INFO  | PersistBlockTask | Imported empty block #1,589 / 0 tx / 0 om / 0 (0.0%) gas / (0x9b2ebac824df7083df435e31e60fc9f94647087d030cf8f0519a4e2aa9d82d2d) in 0.004s. Peers: 7
2026-03-25 16:02:55.534-0500 | EthScheduler-Workers-0 | INFO  | PersistBlockTask | Imported empty block #1,590 / 0 tx / 0 om / 0 (0.0%) gas / (0x43c02a8ae95a36a27eb0e467984b1c25fa3d73b4e7b89fbf82f8660aa374871c) in 0.003s. Peers: 7
2026-03-25 16:03:00.011-0500 | EthScheduler-Workers-0 | INFO  | PersistBlockTask | Imported empty block #1,591 / 0 tx / 0 om / 0 (0.0%) gas / (0xa3caabf32c77ef1aa55851ecb9ed9010ebaa30f24382e04c9ca50d3efe448586) in 0.002s. Peers: 7
2026-03-25 16:03:05.022-0500 | EthScheduler-Workers-0 | INFO  | PersistBlockTask | Imported empty block #1,592 / 0 tx / 0 om / 0 (0.0%) gas / (0xb1fd5c5f38c93f1fa33ee5880bb5345c7bd7e195023e69e7a84bb507b7935a7e) in 0.006s. Peers: 7
2026-03-25 16:03:10.024-0500 | EthScheduler-Workers-0 | INFO  | PersistBlockTask | Imported empty block #1,593 / 0 tx / 0 om / 0 (0.0%) gas / (0xbf43db80c1a37e7c61877809583a4bad447dc6401ef805181425410dd731a00a) in 0.002s. Peers: 7
2026-03-25 16:03:15.008-0500 | EthScheduler-Workers-0 | INFO  | PersistBlockTask | Imported empty block #1,594 / 0 tx / 0 om / 0 (0.0%) gas / (0x6b5e2ec2d2590be628f0a8ec99c423f3e9de9bcb5d1f22cfffe4da65a0b6ce12) in 0.001s. Peers: 7
2026-03-25 16:03:28.530-0500 | EthScheduler-Workers-0 | INFO  | PersistBlockTask | Imported empty block #1,595 / 0 tx / 0 om / 0 (0.0%) gas / (0x2e1f07af4c5dc6efdd8ca09c5ece3400eb5d6d19a9857d7b896ab60acecfb021) in 0.002s. Peers: 7
2026-03-25 16:03:33.013-0500 | EthScheduler-Workers-0 | INFO  | PersistBlockTask | Imported empty block #1,596 / 0 tx / 0 om / 0 (0.0%) gas / (0xdda3717208bd6717278ebf51027e606ed641841dbff644d05a3dd54752a06af6) in 0.001s. Peers: 7
2026-03-25 16:03:38.009-0500 | EthScheduler-Workers-0 | INFO  | PersistBlockTask | Imported empty block #1,597 / 0 tx / 0 om / 0 (0.0%) gas / (0x56819cbe8ab324aa5b862fe108a736a3b0c670a5b6d8477a55c3509b411026bf) in 0.001s. Peers: 7
2026-03-25 16:03:43.009-0500 | EthScheduler-Workers-0 | INFO  | PersistBlockTask | Imported empty block #1,598 / 0 tx / 0 om / 0 (0.0%) gas / (0x3f9558d9e502419a7d81aa897b972f8022f25c9c5e056157155785a05efaf2aa) in 0.001s. Peers: 7
2026-03-25 16:03:56.505-0500 | EthScheduler-Workers-0 | INFO  | PersistBlockTask | Imported empty block #1,599 / 0 tx / 0 om / 0 (0.0%) gas / (0x82c40c3882d783e9ad09ee61eeebda114248a99c84145d7eb419e45011f26236) in 0.003s. Peers: 7
2026-03-25 16:04:01.014-0500 | EthScheduler-Workers-0 | INFO  | PersistBlockTask | Imported empty block #1,600 / 0 tx / 0 om / 0 (0.0%) gas / (0x72d09bd40d43e72e51305e6eaa319f30e7ffeaa185628fd505f1459002e8a9fd) in 0.002s. Peers: 7
2026-03-25 16:04:06.012-0500 | EthScheduler-Workers-0 | INFO  | PersistBlockTask | Imported empty block #1,601 / 0 tx / 0 om / 0 (0.0%) gas / (0x99ad991bdde5d704e4a6c378b377dbbd642c61f198564200fb0c15f18b154b41) in 0.003s. Peers: 7
2026-03-25 16:04:11.013-0500 | EthScheduler-Workers-0 | INFO  | PersistBlockTask | Imported empty block #1,602 / 0 tx / 0 om / 0 (0.0%) gas / (0xaafaf4b2f5d4a16dc7f0a6584dbe8ff3357e848ce305f37e78910b4814a58892) in 0.002s. Peers: 7
2026-03-25 16:04:16.022-0500 | EthScheduler-Workers-0 | INFO  | PersistBlockTask | Imported empty block #1,603 / 0 tx / 0 om / 0 (0.0%) gas / (0x22d2aeb9818263bd6355875da472d76a299d4640d0bdb4e5ca900eff89431bc5) in 0.003s. Peers: 7
2026-03-25 16:04:29.530-0500 | EthScheduler-Workers-0 | INFO  | PersistBlockTask | Imported empty block #1,604 / 0 tx / 0 om / 0 (0.0%) gas / (0x697d9eeb69b4068b9ea795b5c351498a1f9621c7670cc98f08d646eacd779126) in 0.001s. Peers: 7
2026-03-25 16:04:34.018-0500 | EthScheduler-Workers-0 | INFO  | PersistBlockTask | Imported empty block #1,605 / 0 tx / 0 om / 0 (0.0%) gas / (0x89aa3896d850d3c97f6a5fe664a027bbb874a047564cb33f4a2c884d0dc9a128) in 0.003s. Peers: 7
2026-03-25 16:04:39.014-0500 | EthScheduler-Workers-0 | INFO  | PersistBlockTask | Imported empty block #1,606 / 0 tx / 0 om / 0 (0.0%) gas / (0xb2820a80cb584dc848bbfc858c6bd7deb2a37d39ea829418fd5ce92d07ceb80e) in 0.001s. Peers: 7
2026-03-25 16:04:44.007-0500 | EthScheduler-Workers-0 | INFO  | PersistBlockTask | Imported empty block #1,607 / 0 tx / 0 om / 0 (0.0%) gas / (0xe468d757f4c3b9730e610f1f9b60fe16cb784618f159f98f61df8ff53de9b997) in 0.001s. Peers: 7
2026-03-25 16:04:57.530-0500 | EthScheduler-Workers-0 | INFO  | PersistBlockTask | Imported empty block #1,608 / 0 tx / 0 om / 0 (0.0%) gas / (0x8fcaf8a951605e7a8e185dcce09018a988374d5ce1ee342847d5067aa385dae9) in 0.003s. Peers: 7
2026-03-25 16:05:02.013-0500 | EthScheduler-Workers-0 | INFO  | PersistBlockTask | Imported empty block #1,609 / 0 tx / 0 om / 0 (0.0%) gas / (0xe2ca3ea9e78726c195d2877637686ee9942b827cfd37e8349a0d68ce78681d1e) in 0.001s. Peers: 7
2026-03-25 16:05:07.019-0500 | EthScheduler-Workers-0 | INFO  | PersistBlockTask | Imported empty block #1,610 / 0 tx / 0 om / 0 (0.0%) gas / (0xe5d39c0236cc1db46f87151c3ab800d684f3b85a2e0f83e05647b9ac9df346ff) in 0.002s. Peers: 7
2026-03-25 16:05:12.010-0500 | EthScheduler-Workers-0 | INFO  | PersistBlockTask | Imported empty block #1,611 / 0 tx / 0 om / 0 (0.0%) gas / (0xf242eafe0117374fb8938c87e7cd5451915c986c2d0d63ca57bc23b54e5808a7) in 0.001s. Peers: 7
2026-03-25 16:05:17.016-0500 | EthScheduler-Workers-0 | INFO  | PersistBlockTask | Imported empty block #1,612 / 0 tx / 0 om / 0 (0.0%) gas / (0x55eb9a0ad0b9db6887e14897cc644ac33350a9fa4fe2e9a05b8fa32dc74ed96d) in 0.002s. Peers: 7
2026-03-25 16:05:30.534-0500 | EthScheduler-Workers-0 | INFO  | PersistBlockTask | Imported empty block #1,613 / 0 tx / 0 om / 0 (0.0%) gas / (0xa8af1b436614d1ab7fdba43ac704d841128b713ff122ced2030580d11ff1af09) in 0.002s. Peers: 7
2026-03-25 16:05:35.012-0500 | EthScheduler-Workers-0 | INFO  | PersistBlockTask | Imported empty block #1,614 / 0 tx / 0 om / 0 (0.0%) gas / (0x97750ea125381aca29ec03914f523f1bd19a17f72ed7d96326546c4173a4f64d) in 0.001s. Peers: 7
2026-03-25 16:05:40.013-0500 | EthScheduler-Workers-0 | INFO  | PersistBlockTask | Imported empty block #1,615 / 0 tx / 0 om / 0 (0.0%) gas / (0xa04a1c0700337e9af469becfeea59dbb0ba8399c810dbea40d0fc1da1d4e8710) in 0.002s. Peers: 7
2026-03-25 16:05:45.010-0500 | EthScheduler-Workers-0 | INFO  | PersistBlockTask | Imported empty block #1,616 / 0 tx / 0 om / 0 (0.0%) gas / (0x12648699f237142bf81997489e74f22189275cf114a98eaf4976e536e21cd311) in 0.001s. Peers: 7
2026-03-25 16:05:58.541-0500 | EthScheduler-Workers-0 | INFO  | PersistBlockTask | Imported empty block #1,617 / 0 tx / 0 om / 0 (0.0%) gas / (0x69ee9e4368923a87b336e7bbfb65743cf3396dd4e07b56820520be14cf25355c) in 0.002s. Peers: 7
2026-03-25 16:06:03.016-0500 | EthScheduler-Workers-0 | INFO  | PersistBlockTask | Imported empty block #1,618 / 0 tx / 0 om / 0 (0.0%) gas / (0x71a686b6df1ac3752188c8e934007fb3651aedea1b842f1890c4b88aa9d4addb) in 0.001s. Peers: 7
2026-03-25 16:06:08.013-0500 | EthScheduler-Workers-0 | INFO  | PersistBlockTask | Imported empty block #1,619 / 0 tx / 0 om / 0 (0.0%) gas / (0x91940f590d3d3daf0659148688d583038fe34d5066eb1bdff19915f44ddf72b8) in 0.001s. Peers: 7
2026-03-25 16:06:13.009-0500 | EthScheduler-Workers-0 | INFO  | PersistBlockTask | Imported empty block #1,620 / 0 tx / 0 om / 0 (0.0%) gas / (0x0144d304cb46fc30f25b49532be47dd81a0fc0c8b39cc335bd807d5c68639f13) in 0.003s. Peers: 7
2026-03-25 16:06:18.014-0500 | EthScheduler-Workers-0 | INFO  | PersistBlockTask | Imported empty block #1,621 / 0 tx / 0 om / 0 (0.0%) gas / (0x569a564325437526a80bccf975a774196fa366f65642b67ce28701e7b6d910d0) in 0.001s. Peers: 7
2026-03-25 16:06:31.521-0500 | EthScheduler-Workers-0 | INFO  | PersistBlockTask | Imported empty block #1,622 / 0 tx / 0 om / 0 (0.0%) gas / (0x669e73f42bc65ae2bddc401edff539b1b104530b7bffbd5ef09c99bc1a06a7f9) in 0.001s. Peers: 7
2026-03-25 16:06:36.011-0500 | EthScheduler-Workers-0 | INFO  | PersistBlockTask | Imported empty block #1,623 / 0 tx / 0 om / 0 (0.0%) gas / (0xae9de995a6be18613c813556ad902fe09dc1b4d3d9678738030116087477e2ac) in 0.003s. Peers: 7
2026-03-25 16:06:41.009-0500 | EthScheduler-Workers-0 | INFO  | PersistBlockTask | Imported empty block #1,624 / 0 tx / 0 om / 0 (0.0%) gas / (0x785b3f53d02498aa5623dd9a0912468e17ed77b83bab5c6df88356943d597b79) in 0.001s. Peers: 7
2026-03-25 16:06:46.013-0500 | EthScheduler-Workers-0 | INFO  | PersistBlockTask | Imported empty block #1,625 / 0 tx / 0 om / 0 (0.0%) gas / (0xbc13559efcac0e64199566d1e4b7976d2919a967c3b456ea828e53e6babb4a36) in 0.001s. Peers: 7
2026-03-25 16:06:59.503-0500 | EthScheduler-Workers-0 | INFO  | PersistBlockTask | Imported empty block #1,626 / 0 tx / 0 om / 0 (0.0%) gas / (0x06fbb4ac8e24df5df482f6677c9e45e3bea7a5834babe373b8d0fd673a441713) in 0.004s. Peers: 7
2026-03-25 16:07:04.017-0500 | EthScheduler-Workers-0 | INFO  | PersistBlockTask | Imported empty block #1,627 / 0 tx / 0 om / 0 (0.0%) gas / (0xb83a6c0f671fa86fbfabff67a927e97aa83e375c70524829b3cf7f64143d2ef7) in 0.002s. Peers: 7
2026-03-25 16:07:09.011-0500 | EthScheduler-Workers-0 | INFO  | PersistBlockTask | Imported empty block #1,628 / 0 tx / 0 om / 0 (0.0%) gas / (0xd219b4db86a5d8674df57f34906fafb6a7b747ad269c64230561882d8ba03ae6) in 0.001s. Peers: 7
2026-03-25 16:07:14.008-0500 | EthScheduler-Workers-0 | INFO  | PersistBlockTask | Imported empty block #1,629 / 0 tx / 0 om / 0 (0.0%) gas / (0x9bb24f794ba0fc7e1e79fdb9b7a2047eb4d97e0cbf49cc4da9b3812148f03c16) in 0.001s. Peers: 7
2026-03-25 16:07:19.019-0500 | EthScheduler-Workers-0 | INFO  | PersistBlockTask | Imported empty block #1,630 / 0 tx / 0 om / 0 (0.0%) gas / (0x9a2ba0892027f7ef8d3728ccbcb95a0785364446d42ab8b7e3877a8ebce74ac8) in 0.002s. Peers: 7
2026-03-25 16:07:32.543-0500 | EthScheduler-Workers-0 | INFO  | PersistBlockTask | Imported empty block #1,631 / 0 tx / 0 om / 0 (0.0%) gas / (0x2dc510fc787e8339041c78af0dec2689e01d22c27c8c56dcdfb33b9d94107d41) in 0.004s. Peers: 7
2026-03-25 16:07:37.011-0500 | EthScheduler-Workers-0 | INFO  | PersistBlockTask | Imported empty block #1,632 / 0 tx / 0 om / 0 (0.0%) gas / (0x356ce9b2ae5ea9c009f51d7ae873fee8fae8ac42784c2e1c393fad97660eadd8) in 0.001s. Peers: 7
2026-03-25 16:07:42.013-0500 | EthScheduler-Workers-0 | INFO  | PersistBlockTask | Imported empty block #1,633 / 0 tx / 0 om / 0 (0.0%) gas / (0x11db482ca9c92d959661fc0c55d7afa05d6d76acafe2fe348b9e8f9f76fb6f57) in 0.001s. Peers: 7
2026-03-25 16:07:47.013-0500 | EthScheduler-Workers-0 | INFO  | PersistBlockTask | Imported empty block #1,634 / 0 tx / 0 om / 0 (0.0%) gas / (0x017cb26bdbc720e093308bf6b77131dc934bb868854b093c75b96c786398871d) in 0.002s. Peers: 7
2026-03-25 16:07:52.017-0500 | EthScheduler-Workers-0 | INFO  | PersistBlockTask | Imported empty block #1,635 / 0 tx / 0 om / 0 (0.0%) gas / (0x431be787e1008cbd7addeaec4e4aca33925f45ae13ec3bf983a2d94d01191850) in 0.002s. Peers: 7
2026-03-25 16:08:05.532-0500 | EthScheduler-Workers-0 | INFO  | PersistBlockTask | Imported empty block #1,636 / 0 tx / 0 om / 0 (0.0%) gas / (0x1d18eae54b8d4bc619b11e1d1b7667fd2b88e422ac6794b324543327ca612a10) in 0.001s. Peers: 7
2026-03-25 16:08:10.024-0500 | EthScheduler-Workers-0 | INFO  | PersistBlockTask | Imported empty block #1,637 / 0 tx / 0 om / 0 (0.0%) gas / (0x130ddb36b808e5dbeaceb15a6f589491ae260e48da63ce1d96139ddd6cbb5c52) in 0.001s. Peers: 7
2026-03-25 16:08:15.008-0500 | EthScheduler-Workers-0 | INFO  | PersistBlockTask | Imported empty block #1,638 / 0 tx / 0 om / 0 (0.0%) gas / (0xd3935c32e13a06654f65764e0f78776aa868a8cfd08072f207c25407c75ade39) in 0.001s. Peers: 7
2026-03-25 16:08:20.015-0500 | EthScheduler-Workers-0 | INFO  | PersistBlockTask | Imported empty block #1,639 / 0 tx / 0 om / 0 (0.0%) gas / (0xfc8de368e4ce2c90955e4f94102f099c824c805b732105155aaf96dc9e983e4d) in 0.001s. Peers: 7
2026-03-25 16:08:25.016-0500 | EthScheduler-Workers-0 | INFO  | PersistBlockTask | Imported empty block #1,640 / 0 tx / 0 om / 0 (0.0%) gas / (0x450e1cd40f4bd4f97b3ec94e100f7413021f19ccd02ed1e8821e1d63764b15c1) in 0.003s. Peers: 7
2026-03-25 16:08:30.012-0500 | EthScheduler-Workers-0 | INFO  | PersistBlockTask | Imported empty block #1,641 / 0 tx / 0 om / 0 (0.0%) gas / (0x435c5784f9bcdaae06b4ff25b5e47aab823fede6c6bedd3e8b6cf25b48c7faf5) in 0.002s. Peers: 7
2026-03-25 16:08:35.016-0500 | EthScheduler-Workers-0 | INFO  | PersistBlockTask | Imported empty block #1,642 / 0 tx / 0 om / 0 (0.0%) gas / (0xe9e7e2beb4b56685ea86d0966c6ce1cfafb7eef418c2a623271abaf2549cefd5) in 0.002s. Peers: 7
2026-03-25 16:08:47.871-0500 | EthScheduler-Workers-0 | INFO  | PersistBlockTask | Imported empty block #1,643 / 0 tx / 0 om / 0 (0.0%) gas / (0x2b17f9800201bf7a12271837fbf481033cd10ed3133f25cc222790e0adaa6e79) in 0.003s. Peers: 7
2026-03-25 16:08:52.009-0500 | EthScheduler-Workers-0 | INFO  | PersistBlockTask | Imported empty block #1,644 / 0 tx / 0 om / 0 (0.0%) gas / (0x0e122e33dd078cf9d295e7a87563e6fe84b49ffccdf8c43f33619261a7a0db99) in 0.002s. Peers: 7
2026-03-25 16:08:57.009-0500 | EthScheduler-Workers-0 | INFO  | PersistBlockTask | Imported empty block #1,645 / 0 tx / 0 om / 0 (0.0%) gas / (0x693229efaef95f22a1f564ce3005563362e047d068f22dcb6be7d35f15919025) in 0.002s. Peers: 7
2026-03-25 16:09:02.012-0500 | EthScheduler-Workers-0 | INFO  | PersistBlockTask | Imported empty block #1,646 / 0 tx / 0 om / 0 (0.0%) gas / (0x9d41ac511fe61b4d3ff34b0c03cbf90fc3bba851781ff4949e677706ce0b0e0c) in 0.002s. Peers: 7
2026-03-25 16:09:07.010-0500 | EthScheduler-Workers-0 | INFO  | PersistBlockTask | Imported empty block #1,647 / 0 tx / 0 om / 0 (0.0%) gas / (0x644e1b97ab13ad4a1e14c56ae3eab76aa035d602177e9176aa0444230e2a471f) in 0.002s. Peers: 7
2026-03-25 16:09:20.588-0500 | EthScheduler-Workers-0 | INFO  | PersistBlockTask | Imported empty block #1,648 / 0 tx / 0 om / 0 (0.0%) gas / (0x8597e677e226d0b36eee224b9fdd59b684e1219360f87c34b3e74375efdc852f) in 0.002s. Peers: 7
2026-03-25 16:09:25.012-0500 | EthScheduler-Workers-0 | INFO  | PersistBlockTask | Imported empty block #1,649 / 0 tx / 0 om / 0 (0.0%) gas / (0xedccaa7bcca9bdbc74b94ab3743ba79197a0e6b0aa155552ea64df07219bb8bf) in 0.002s. Peers: 7
2026-03-25 16:09:30.019-0500 | EthScheduler-Workers-0 | INFO  | PersistBlockTask | Imported empty block #1,650 / 0 tx / 0 om / 0 (0.0%) gas / (0x4e37e2533557374dfc5fe99477e99409df8e79cfda151c2c75959ec62f89906e) in 0.004s. Peers: 7
2026-03-25 16:09:35.009-0500 | EthScheduler-Workers-0 | INFO  | PersistBlockTask | Imported empty block #1,651 / 0 tx / 0 om / 0 (0.0%) gas / (0xd96a6e83272b2232e838be7471baf0df151a1a6476ab6a94e1f58ab3ef81dce0) in 0.002s. Peers: 7
2026-03-25 16:09:48.479-0500 | EthScheduler-Workers-0 | INFO  | PersistBlockTask | Imported empty block #1,652 / 0 tx / 0 om / 0 (0.0%) gas / (0x6b1475901be50fe9e82097e40010cbaa22dce74583d242e647b2b7c53bfbd2a1) in 0.003s. Peers: 7
2026-03-25 16:09:53.021-0500 | EthScheduler-Workers-0 | INFO  | PersistBlockTask | Imported empty block #1,653 / 0 tx / 0 om / 0 (0.0%) gas / (0xf935aaef725640fd65775be8d4225689e7f765232ee019adf15ae5a3b150a416) in 0.002s. Peers: 7
2026-03-25 16:09:58.009-0500 | EthScheduler-Workers-0 | INFO  | PersistBlockTask | Imported empty block #1,654 / 0 tx / 0 om / 0 (0.0%) gas / (0x684f0504015d91c60a5115fad4be958991bd721da98be51bb20c61e6b3abd143) in 0.003s. Peers: 7
2026-03-25 16:10:03.018-0500 | EthScheduler-Workers-0 | INFO  | PersistBlockTask | Imported empty block #1,655 / 0 tx / 0 om / 0 (0.0%) gas / (0x280e7d436964664b811c12b9ea1b1e48d876cd0c03d49bfd84df2dab23fab8ad) in 0.002s. Peers: 7
2026-03-25 16:10:08.011-0500 | EthScheduler-Workers-0 | INFO  | PersistBlockTask | Imported empty block #1,656 / 0 tx / 0 om / 0 (0.0%) gas / (0x4bfe37d5638a15e7c8c22b11d430edcebfd6113ece54437703bbdd59af0012c4) in 0.002s. Peers: 7
2026-03-25 16:10:21.600-0500 | EthScheduler-Workers-0 | INFO  | PersistBlockTask | Imported empty block #1,657 / 0 tx / 0 om / 0 (0.0%) gas / (0x70359f1ef7b17e53bb2547111c69760c191aa2eaeee9a387b057945018a8cec0) in 0.002s. Peers: 7
2026-03-25 16:10:26.016-0500 | EthScheduler-Workers-0 | INFO  | PersistBlockTask | Imported empty block #1,658 / 0 tx / 0 om / 0 (0.0%) gas / (0x0590fa6c27aac9467476a2a6e505f3fa81689d7060bd0471edbf4efc07b68c15) in 0.002s. Peers: 7
2026-03-25 16:10:31.009-0500 | EthScheduler-Workers-0 | INFO  | PersistBlockTask | Imported empty block #1,659 / 0 tx / 0 om / 0 (0.0%) gas / (0x75a3f917c8063c13a5fdb4e9c496b9235eb362515b76a63005e0defd023ee546) in 0.002s. Peers: 7
2026-03-25 16:10:36.011-0500 | EthScheduler-Workers-0 | INFO  | PersistBlockTask | Imported empty block #1,660 / 0 tx / 0 om / 0 (0.0%) gas / (0x78c0e4ed6460ed5efffe77d199cdb55909fa0c438c8a17a75d876b68ccb7b463) in 0.002s. Peers: 7
2026-03-25 16:10:49.538-0500 | EthScheduler-Workers-0 | INFO  | PersistBlockTask | Imported empty block #1,661 / 0 tx / 0 om / 0 (0.0%) gas / (0x781727a2daa8bad2655bf8652fa9098ac96882368a0141a603d950902a5f9232) in 0.001s. Peers: 7
2026-03-25 16:10:54.009-0500 | EthScheduler-Workers-0 | INFO  | PersistBlockTask | Imported empty block #1,662 / 0 tx / 0 om / 0 (0.0%) gas / (0xbf813c2cfdf442e84f10c4e0e7dc2306ff78694424e40c85d4c4472cd2d61540) in 0.001s. Peers: 7
2026-03-25 16:10:59.009-0500 | EthScheduler-Workers-0 | INFO  | PersistBlockTask | Imported empty block #1,663 / 0 tx / 0 om / 0 (0.0%) gas / (0x0619f1679f955638e790d1545fab6eeea27ce7d13028e1f9396bbe651a7e6d09) in 0.001s. Peers: 7
2026-03-25 16:11:04.011-0500 | EthScheduler-Workers-0 | INFO  | PersistBlockTask | Imported empty block #1,664 / 0 tx / 0 om / 0 (0.0%) gas / (0x62d220e477fe120b7ad4ba3f95bea42e68413d9e40aefc0db759eeb533aa685f) in 0.002s. Peers: 7
2026-03-25 16:11:09.008-0500 | EthScheduler-Workers-0 | INFO  | PersistBlockTask | Imported empty block #1,665 / 0 tx / 0 om / 0 (0.0%) gas / (0x7fd1bc0fafb4856424818c4028b1ec7da17f97803e82c24ee5b422a17978c70d) in 0.002s. Peers: 7
2026-03-25 16:11:22.555-0500 | EthScheduler-Workers-0 | INFO  | PersistBlockTask | Imported empty block #1,666 / 0 tx / 0 om / 0 (0.0%) gas / (0x43bd894667fa6ae0a84899729a973d1583972349071852d6611f2a98cbe89d1b) in 0.002s. Peers: 7
2026-03-25 16:11:27.008-0500 | EthScheduler-Workers-0 | INFO  | PersistBlockTask | Imported empty block #1,667 / 0 tx / 0 om / 0 (0.0%) gas / (0xca4f1a6e89a3feb61274034f7b4996c84664754d8bac79d50fa07f806178659b) in 0.002s. Peers: 7
2026-03-25 16:11:32.010-0500 | EthScheduler-Workers-0 | INFO  | PersistBlockTask | Imported empty block #1,668 / 0 tx / 0 om / 0 (0.0%) gas / (0xe67d9172f252d3f1cf02c4c84c1079541572e55e77be556ec5b81fb08f03daae) in 0.001s. Peers: 7
2026-03-25 16:11:37.011-0500 | EthScheduler-Workers-0 | INFO  | PersistBlockTask | Imported empty block #1,669 / 0 tx / 0 om / 0 (0.0%) gas / (0x8a709cfd3fb5dbbc23d6e2eed63a3d12ab5c8779a43a99a1f10df3979df34922) in 0.002s. Peers: 7
2026-03-25 16:11:42.010-0500 | EthScheduler-Workers-0 | INFO  | PersistBlockTask | Imported empty block #1,670 / 0 tx / 0 om / 0 (0.0%) gas / (0x8bbd31f3168f938f677b46c814ec32bfdee06729a1f30a3cc68dba7f187815f3) in 0.001s. Peers: 7
2026-03-25 16:11:55.530-0500 | EthScheduler-Workers-0 | INFO  | PersistBlockTask | Imported empty block #1,671 / 0 tx / 0 om / 0 (0.0%) gas / (0x8d673a2b772a759500088f44c2811f448a58b64a99bb561e57c2319f3e4ba00a) in 0.003s. Peers: 7
2026-03-25 16:12:00.008-0500 | EthScheduler-Workers-0 | INFO  | PersistBlockTask | Imported empty block #1,672 / 0 tx / 0 om / 0 (0.0%) gas / (0x344bdfffad23f3174223ed891ebedb0c16d513771fc40d333ccdd9830c49d40c) in 0.001s. Peers: 7
2026-03-25 16:12:05.012-0500 | EthScheduler-Workers-0 | INFO  | PersistBlockTask | Imported empty block #1,673 / 0 tx / 0 om / 0 (0.0%) gas / (0xf8987324db0bb9e0dcf8f7d2714fb766cfcba0c62ec1e56f755175ab5e2c7bbd) in 0.001s. Peers: 7
2026-03-25 16:12:10.009-0500 | EthScheduler-Workers-0 | INFO  | PersistBlockTask | Imported empty block #1,674 / 0 tx / 0 om / 0 (0.0%) gas / (0x5724f2a73f36cbfdebf707de53a5fffb6ed2cc472760f18da1f319e1d5bab08f) in 0.002s. Peers: 7
2026-03-25 16:12:23.492-0500 | EthScheduler-Workers-0 | INFO  | PersistBlockTask | Imported empty block #1,675 / 0 tx / 0 om / 0 (0.0%) gas / (0x33168830777b0bce2c6cdb6aa6781f1b0bdc5e33dadadc7ca60a2b3acff1be10) in 0.001s. Peers: 7
2026-03-25 16:12:28.014-0500 | EthScheduler-Workers-0 | INFO  | PersistBlockTask | Imported empty block #1,676 / 0 tx / 0 om / 0 (0.0%) gas / (0x0d02ebd1e9d601aef28d10586a54e419dc0309c4873a26ab13a3777ca7ac0351) in 0.001s. Peers: 7
2026-03-25 16:12:33.011-0500 | EthScheduler-Workers-0 | INFO  | PersistBlockTask | Imported empty block #1,677 / 0 tx / 0 om / 0 (0.0%) gas / (0xeccc50441c70f69f59f10a9291adb415a1875d470614c21969781b7d97294d0d) in 0.001s. Peers: 7
2026-03-25 16:12:38.017-0500 | EthScheduler-Workers-0 | INFO  | PersistBlockTask | Imported empty block #1,678 / 0 tx / 0 om / 0 (0.0%) gas / (0xa19c6a55fd281ab2059490b76982915aa4bdbb8f033df149e6b0779f0b078d1a) in 0.003s. Peers: 7
2026-03-25 16:12:43.012-0500 | EthScheduler-Workers-0 | INFO  | PersistBlockTask | Imported empty block #1,679 / 0 tx / 0 om / 0 (0.0%) gas / (0x6e29d5b93e9d241f015fcdc3fe5c92d210a5ef0dfd9e27bcc03c7bf3b1e6f3e6) in 0.001s. Peers: 7
2026-03-25 16:12:56.536-0500 | EthScheduler-Workers-0 | INFO  | PersistBlockTask | Imported empty block #1,680 / 0 tx / 0 om / 0 (0.0%) gas / (0x4e621413661f5ce9e8fc06105559771efca2e0064e607211d9e165db0da83e8a) in 0.003s. Peers: 7
2026-03-25 16:13:01.015-0500 | EthScheduler-Workers-0 | INFO  | PersistBlockTask | Imported empty block #1,681 / 0 tx / 0 om / 0 (0.0%) gas / (0x7605a4baa77098206bd01ca9c7867656a73bc66450693b9858d78f42b6288375) in 0.001s. Peers: 7
2026-03-25 16:13:06.008-0500 | EthScheduler-Workers-0 | INFO  | PersistBlockTask | Imported empty block #1,682 / 0 tx / 0 om / 0 (0.0%) gas / (0x1e22e2e671a9de9d4e0a4123e9a45445e9b6aaf0869c701e99c4b5ddcad2b36f) in 0.001s. Peers: 7
2026-03-25 16:13:11.012-0500 | EthScheduler-Workers-0 | INFO  | PersistBlockTask | Imported empty block #1,683 / 0 tx / 0 om / 0 (0.0%) gas / (0xbb32178d52dc6ef42c524e12de277be16a9fb4634bc683426c7c8e7526579dce) in 0.001s. Peers: 7
2026-03-25 16:13:24.554-0500 | EthScheduler-Workers-0 | INFO  | PersistBlockTask | Imported empty block #1,684 / 0 tx / 0 om / 0 (0.0%) gas / (0x997ab902771632e4d826da9f20ada2303e58306997a661a9944866715e17c6e5) in 0.002s. Peers: 7
2026-03-25 16:13:29.009-0500 | EthScheduler-Workers-0 | INFO  | PersistBlockTask | Imported empty block #1,685 / 0 tx / 0 om / 0 (0.0%) gas / (0x445248c1430f20ad95286c3963ca98502a0d5c0068dc0ce9639ec54327fc1a4c) in 0.002s. Peers: 7
2026-03-25 16:13:34.010-0500 | EthScheduler-Workers-0 | INFO  | PersistBlockTask | Imported empty block #1,686 / 0 tx / 0 om / 0 (0.0%) gas / (0x1d9e355fc61b384799b930286709a97120da880bcf404f067c8106916475b442) in 0.001s. Peers: 7
2026-03-25 16:13:39.009-0500 | EthScheduler-Workers-0 | INFO  | PersistBlockTask | Imported empty block #1,687 / 0 tx / 0 om / 0 (0.0%) gas / (0x793705550ae867fbc9de9116864a82d4bd0fbb21c7fc4faff0f63d1958d98001) in 0.002s. Peers: 7
2026-03-25 16:13:44.008-0500 | EthScheduler-Workers-0 | INFO  | PersistBlockTask | Imported empty block #1,688 / 0 tx / 0 om / 0 (0.0%) gas / (0x0dcdd61ec636f91462a1a92f634dedf4a0066fe359fef1f2babbf82a3a67f380) in 0.001s. Peers: 7
2026-03-25 16:13:57.538-0500 | EthScheduler-Workers-0 | INFO  | PersistBlockTask | Imported empty block #1,689 / 0 tx / 0 om / 0 (0.0%) gas / (0xaa52e5fed858664ad56a44baa6d906f84e8acf200cce4117499705cf28cbdb86) in 0.003s. Peers: 7
2026-03-25 16:14:02.009-0500 | EthScheduler-Workers-0 | INFO  | PersistBlockTask | Imported empty block #1,690 / 0 tx / 0 om / 0 (0.0%) gas / (0x70a36f3656dc26ac0e88da9677aeeee1eea6c072f39a8c3913cbdab2b484852d) in 0.002s. Peers: 7
2026-03-25 16:14:07.010-0500 | EthScheduler-Workers-0 | INFO  | PersistBlockTask | Imported empty block #1,691 / 0 tx / 0 om / 0 (0.0%) gas / (0xac95e35e8c6e966d12444c1d48e97052aaed96fd50e2331846d0f86012e44c13) in 0.001s. Peers: 7
2026-03-25 16:14:12.010-0500 | EthScheduler-Workers-0 | INFO  | PersistBlockTask | Imported empty block #1,692 / 0 tx / 0 om / 0 (0.0%) gas / (0x1776d80e7e8edf9f42c8eded003db6713eca08dbf417e13f3434e6791015a5b4) in 0.002s. Peers: 7
2026-03-25 16:14:25.536-0500 | EthScheduler-Workers-0 | INFO  | PersistBlockTask | Imported empty block #1,693 / 0 tx / 0 om / 0 (0.0%) gas / (0xd689082e15bbfa900953179e36135adc6aec9bc91b08405abe14fd05d135c1cb) in 0.002s. Peers: 7
2026-03-25 16:14:30.012-0500 | EthScheduler-Workers-0 | INFO  | PersistBlockTask | Imported empty block #1,694 / 0 tx / 0 om / 0 (0.0%) gas / (0x8c4bf701d033de4b8aa7094482666d404c75383c6cccd9e51fa0e3d05a484dd1) in 0.001s. Peers: 7
2026-03-25 16:14:35.013-0500 | EthScheduler-Workers-0 | INFO  | PersistBlockTask | Imported empty block #1,695 / 0 tx / 0 om / 0 (0.0%) gas / (0x8080b19cfd6bc687c63c2aba4523d8abe8f10dcbe647336d988b5b17048a7d2b) in 0.002s. Peers: 7
2026-03-25 16:14:40.011-0500 | EthScheduler-Workers-0 | INFO  | PersistBlockTask | Imported empty block #1,696 / 0 tx / 0 om / 0 (0.0%) gas / (0xc64644d3c826822b76598490cbd87b108d525fc57840d5689b0dffc6092db0b3) in 0.001s. Peers: 7
2026-03-25 16:14:45.007-0500 | EthScheduler-Workers-0 | INFO  | PersistBlockTask | Imported empty block #1,697 / 0 tx / 0 om / 0 (0.0%) gas / (0x5751b48f8525bc5406d80217ecfb428b15977770c0e379baa9a0f7f8ac074d01) in 0.001s. Peers: 7
2026-03-25 16:14:58.531-0500 | EthScheduler-Workers-0 | INFO  | PersistBlockTask | Imported empty block #1,698 / 0 tx / 0 om / 0 (0.0%) gas / (0x21f8cba7433e7f6f805f85d5247e79d4eaaa5472d3894ad278e7f308b401d7ae) in 0.002s. Peers: 7
2026-03-25 16:15:03.010-0500 | EthScheduler-Workers-0 | INFO  | PersistBlockTask | Imported empty block #1,699 / 0 tx / 0 om / 0 (0.0%) gas / (0x2158e1f8852aaaa8a61e575b391d7e90e8da0e7d75a17897eb8247b97ee50b7a) in 0.002s. Peers: 7
2026-03-25 16:15:08.010-0500 | EthScheduler-Workers-0 | INFO  | PersistBlockTask | Imported empty block #1,700 / 0 tx / 0 om / 0 (0.0%) gas / (0xb2dffeddace9d649dfc63a67a037fb7c5eb13e36de1d26c2e978fd7d37180d67) in 0.002s. Peers: 7
2026-03-25 16:15:13.013-0500 | EthScheduler-Workers-0 | INFO  | PersistBlockTask | Imported empty block #1,701 / 0 tx / 0 om / 0 (0.0%) gas / (0x5fa132df4c18516f28ee921f576808ed3afe1c7ae7d387d429a2c1991145fe04) in 0.001s. Peers: 7
2026-03-25 16:15:26.502-0500 | EthScheduler-Workers-0 | INFO  | PersistBlockTask | Imported empty block #1,702 / 0 tx / 0 om / 0 (0.0%) gas / (0x09478178d2fbfd09a4e9737194922647db517d22184469f8b075860a31de9793) in 0.001s. Peers: 7
2026-03-25 16:15:31.010-0500 | EthScheduler-Workers-0 | INFO  | PersistBlockTask | Imported empty block #1,703 / 0 tx / 0 om / 0 (0.0%) gas / (0x7e96147ebcdd34498ed63601300459e7ff4ceee152cf5d8a98cb5d4fc21f2eac) in 0.002s. Peers: 7
2026-03-25 16:15:36.009-0500 | EthScheduler-Workers-0 | INFO  | PersistBlockTask | Imported empty block #1,704 / 0 tx / 0 om / 0 (0.0%) gas / (0x53e9ea353cb2fa82c8e4e5d375ac976290c6a99497f0494dd3b09e9fb658c280) in 0.002s. Peers: 7
2026-03-25 16:15:41.008-0500 | EthScheduler-Workers-0 | INFO  | PersistBlockTask | Imported empty block #1,705 / 0 tx / 0 om / 0 (0.0%) gas / (0xbd0a758bbaffd32e3b5374e7fd64b7a5b00bd4f99f0c1049596120c2b58af21d) in 0.001s. Peers: 7
2026-03-25 16:15:46.010-0500 | EthScheduler-Workers-0 | INFO  | PersistBlockTask | Imported empty block #1,706 / 0 tx / 0 om / 0 (0.0%) gas / (0xafcbaf257695bfa4f9dac31059d0a023a30caa193c0eabc89d83ece794c8d8e5) in 0.002s. Peers: 7
2026-03-25 16:15:59.503-0500 | EthScheduler-Workers-0 | INFO  | PersistBlockTask | Imported empty block #1,707 / 0 tx / 0 om / 0 (0.0%) gas / (0x72778f1d0fb9ae812dbc0bfa74c0365c6dce20ac9d96cea6c19010fee1f2d79a) in 0.003s. Peers: 7
2026-03-25 16:16:04.010-0500 | EthScheduler-Workers-0 | INFO  | PersistBlockTask | Imported empty block #1,708 / 0 tx / 0 om / 0 (0.0%) gas / (0xa24c23e517ac2ad9f5e0c906b11e37bcc9fe3256ddcf5dcad5d62ea613535b73) in 0.002s. Peers: 7
2026-03-25 16:16:09.009-0500 | EthScheduler-Workers-0 | INFO  | PersistBlockTask | Imported empty block #1,709 / 0 tx / 0 om / 0 (0.0%) gas / (0x9868d4c2f5f7ab55919f1ca6563df5bd0c30f7b28a9c5c657982d3f0f0876dc7) in 0.002s. Peers: 7
2026-03-25 16:16:14.019-0500 | EthScheduler-Workers-0 | INFO  | PersistBlockTask | Imported empty block #1,710 / 0 tx / 0 om / 0 (0.0%) gas / (0x3ab3b493a93bf9d89f964ab0edad102afd3837ee337094ef8cb409ee80670a41) in 0.001s. Peers: 7
2026-03-25 16:16:27.544-0500 | EthScheduler-Workers-0 | INFO  | PersistBlockTask | Imported empty block #1,711 / 0 tx / 0 om / 0 (0.0%) gas / (0x4ab2a28ce73d3872ec02cfb559e5cf2785d81dd884b6ea7dbef30d95c6fc181a) in 0.002s. Peers: 7
2026-03-25 16:16:32.020-0500 | EthScheduler-Workers-0 | INFO  | PersistBlockTask | Imported empty block #1,712 / 0 tx / 0 om / 0 (0.0%) gas / (0x3820daecfd4ec6d4789efb0d70af2de5ebf184e7b5284311ebc25de8eef848ea) in 0.003s. Peers: 7
2026-03-25 16:16:37.009-0500 | EthScheduler-Workers-0 | INFO  | PersistBlockTask | Imported empty block #1,713 / 0 tx / 0 om / 0 (0.0%) gas / (0xb8d80bf1c91e11caaf18677c331d4f0eb63763b1255d71c88a99404a57ed013f) in 0.002s. Peers: 7
2026-03-25 16:16:42.008-0500 | EthScheduler-Workers-0 | INFO  | PersistBlockTask | Imported empty block #1,714 / 0 tx / 0 om / 0 (0.0%) gas / (0xb70a1ea34baef4f26c3f9717d798314aef245e103277d3939eb9c035a5d829c6) in 0.002s. Peers: 7
2026-03-25 16:16:47.010-0500 | EthScheduler-Workers-0 | INFO  | PersistBlockTask | Imported empty block #1,715 / 0 tx / 0 om / 0 (0.0%) gas / (0xbe2b2b8c40a59b07a9b74860b1162d38ba532b56624d725ad479998519deb4b9) in 0.002s. Peers: 7
2026-03-25 16:17:00.538-0500 | EthScheduler-Workers-0 | INFO  | PersistBlockTask | Imported empty block #1,716 / 0 tx / 0 om / 0 (0.0%) gas / (0xb0f577f52a8095cdf806193c6d8286192ef650810f89421f825af0db0892292b) in 0.003s. Peers: 7
2026-03-25 16:17:05.010-0500 | EthScheduler-Workers-0 | INFO  | PersistBlockTask | Imported empty block #1,717 / 0 tx / 0 om / 0 (0.0%) gas / (0xf7f3ff6df599ef09798da098a993be8e7e3b7de8ef351ea97544eda5984f0721) in 0.002s. Peers: 7
2026-03-25 16:17:10.010-0500 | EthScheduler-Workers-0 | INFO  | PersistBlockTask | Imported empty block #1,718 / 0 tx / 0 om / 0 (0.0%) gas / (0xc2ab88c9094b92ce5e41846130f0ae7e2b335d6a593ffde368b29dd61cf688d6) in 0.001s. Peers: 7
2026-03-25 16:17:15.009-0500 | EthScheduler-Workers-0 | INFO  | PersistBlockTask | Imported empty block #1,719 / 0 tx / 0 om / 0 (0.0%) gas / (0xb0d4a17f3d404f60d4084429e467147d3f986ffa5fd5da8025de9a9e5bf51ed3) in 0.002s. Peers: 7
2026-03-25 16:17:20.010-0500 | EthScheduler-Workers-0 | INFO  | PersistBlockTask | Imported empty block #1,720 / 0 tx / 0 om / 0 (0.0%) gas / (0xb2625c3c82f07eb27c47d934a1c5c60bf25772c8f2729d3ac0322dc2453d502b) in 0.002s. Peers: 7
2026-03-25 16:17:33.543-0500 | EthScheduler-Workers-0 | INFO  | PersistBlockTask | Imported empty block #1,721 / 0 tx / 0 om / 0 (0.0%) gas / (0xc2a789aea1a30366aa05672404afac9e97fba29948c582f7dc5118708d9e8309) in 0.003s. Peers: 7
2026-03-25 16:17:38.007-0500 | EthScheduler-Workers-0 | INFO  | PersistBlockTask | Imported empty block #1,722 / 0 tx / 0 om / 0 (0.0%) gas / (0xf450eeaa0e381475418193cf307fc6105725223342da2eaa3066193727b6e20b) in 0.001s. Peers: 7
2026-03-25 16:17:43.016-0500 | EthScheduler-Workers-0 | INFO  | PersistBlockTask | Imported empty block #1,723 / 0 tx / 0 om / 0 (0.0%) gas / (0x831cd956b533d0836ea4032afe5515cc4f102e92a0e30e40b4f04ddb79b6af00) in 0.001s. Peers: 7
2026-03-25 16:17:48.009-0500 | EthScheduler-Workers-0 | INFO  | PersistBlockTask | Imported empty block #1,724 / 0 tx / 0 om / 0 (0.0%) gas / (0x75bf47858fbad379094953017045fe5f7bd7584da4c33cbb02d96bb9387e12bd) in 0.002s. Peers: 7
2026-03-25 16:18:01.528-0500 | EthScheduler-Workers-0 | INFO  | PersistBlockTask | Imported empty block #1,725 / 0 tx / 0 om / 0 (0.0%) gas / (0x8355015c888a05918fcfd8d8e96ab5ae44d2c1a63fd3b1cafc4b09fed03a4bca) in 0.002s. Peers: 7
2026-03-25 16:18:06.008-0500 | EthScheduler-Workers-0 | INFO  | PersistBlockTask | Imported empty block #1,726 / 0 tx / 0 om / 0 (0.0%) gas / (0xfca3052a7fc04d9016585048ab97201fd14af7a2445102ce95f375f4a1ef8d85) in 0.001s. Peers: 7
2026-03-25 16:18:11.009-0500 | EthScheduler-Workers-0 | INFO  | PersistBlockTask | Imported empty block #1,727 / 0 tx / 0 om / 0 (0.0%) gas / (0xa142b6d41892e416fd4d8b05208f5c8a4eb8486d6a8ff8cc6f9fe9068050c65a) in 0.002s. Peers: 7
2026-03-25 16:18:16.012-0500 | EthScheduler-Workers-0 | INFO  | PersistBlockTask | Imported empty block #1,728 / 0 tx / 0 om / 0 (0.0%) gas / (0xd7ddd19bb9f66e129aaada88dc7982d9b2095cd39fc1e918e93e0eca7c7ffbdb) in 0.002s. Peers: 7
2026-03-25 16:18:21.009-0500 | EthScheduler-Workers-0 | INFO  | PersistBlockTask | Imported empty block #1,729 / 0 tx / 0 om / 0 (0.0%) gas / (0x86be8a0aa86b64478a29039cfe72b27d55d54949b425ab23f346bfa12a837f1d) in 0.001s. Peers: 7
2026-03-25 16:18:34.506-0500 | EthScheduler-Workers-0 | INFO  | PersistBlockTask | Imported empty block #1,730 / 0 tx / 0 om / 0 (0.0%) gas / (0x8ada228529f4ee40cdc6e8f6ae05f3d3a09e3383da53a9c944ba10a4f717d242) in 0.003s. Peers: 7
2026-03-25 16:18:39.010-0500 | EthScheduler-Workers-0 | INFO  | PersistBlockTask | Imported empty block #1,731 / 0 tx / 0 om / 0 (0.0%) gas / (0x935ffde2d05493ad5f524fcdae140785e0c81acaf9c4d5682fcceb52c4b3419e) in 0.002s. Peers: 7
2026-03-25 16:18:44.014-0500 | EthScheduler-Workers-0 | INFO  | PersistBlockTask | Imported empty block #1,732 / 0 tx / 0 om / 0 (0.0%) gas / (0x584b83a67b9a4e7641e6c87043bb3f0e98afc7125a021eea5c4628527134bfe6) in 0.001s. Peers: 7
2026-03-25 16:18:49.008-0500 | EthScheduler-Workers-0 | INFO  | PersistBlockTask | Imported empty block #1,733 / 0 tx / 0 om / 0 (0.0%) gas / (0x729afa3940b022fee919db202f569c1bf416d3ec2e1f431fd7a2714c55be5512) in 0.001s. Peers: 7
2026-03-25 16:19:02.519-0500 | EthScheduler-Workers-0 | INFO  | PersistBlockTask | Imported empty block #1,734 / 0 tx / 0 om / 0 (0.0%) gas / (0xe8ada04dbffd5a64161f7795c749ad9fe444aaba51a6d4f0675a64340d23c61f) in 0.004s. Peers: 7
2026-03-25 16:19:07.030-0500 | EthScheduler-Workers-0 | INFO  | PersistBlockTask | Imported empty block #1,735 / 0 tx / 0 om / 0 (0.0%) gas / (0xc4264b3aa9186df92ee7c12cf9566c9256fc6178b717f641a1f54fe63e6415b4) in 0.002s. Peers: 7
2026-03-25 16:19:12.012-0500 | EthScheduler-Workers-0 | INFO  | PersistBlockTask | Imported empty block #1,736 / 0 tx / 0 om / 0 (0.0%) gas / (0x167ca1e035be8f8363e6cf95fb08626ecc5957610ca92c3c9dee332da78de74c) in 0.002s. Peers: 7
2026-03-25 16:19:17.008-0500 | EthScheduler-Workers-0 | INFO  | PersistBlockTask | Imported empty block #1,737 / 0 tx / 0 om / 0 (0.0%) gas / (0x89f305ece8dd54792587e4c3df486b022faa0138a3f5f4a6754cb1f292f4887d) in 0.002s. Peers: 7
2026-03-25 16:19:22.013-0500 | EthScheduler-Workers-0 | INFO  | PersistBlockTask | Imported empty block #1,738 / 0 tx / 0 om / 0 (0.0%) gas / (0x355498b1d6cc0b8aa98b18f474b94b15e0d4acd021b0af51b91a832fb4a748b7) in 0.002s. Peers: 7
2026-03-25 16:19:35.549-0500 | EthScheduler-Workers-0 | INFO  | PersistBlockTask | Imported empty block #1,739 / 0 tx / 0 om / 0 (0.0%) gas / (0xfb777d8b6536a24fae1588ecd8cef145b9422aee4087f66b5a68e14bc6476001) in 0.002s. Peers: 7
2026-03-25 16:19:40.010-0500 | EthScheduler-Workers-0 | INFO  | PersistBlockTask | Imported empty block #1,740 / 0 tx / 0 om / 0 (0.0%) gas / (0x28d0d492e3ad478e8848a639247dffb7f84ee695c629c7f1b9a1ad56679a9db1) in 0.002s. Peers: 7
2026-03-25 16:19:45.013-0500 | EthScheduler-Workers-0 | INFO  | PersistBlockTask | Imported empty block #1,741 / 0 tx / 0 om / 0 (0.0%) gas / (0xf45dffab4270ad662a2413d07e1373283df09ebf39aec9339bb85a58c3a70fba) in 0.002s. Peers: 7
2026-03-25 16:19:50.011-0500 | EthScheduler-Workers-0 | INFO  | PersistBlockTask | Imported empty block #1,742 / 0 tx / 0 om / 0 (0.0%) gas / (0xdda8301807c0c6f40dd5ccdc6d5add7860fd00b349c4408648b9e5cc8321ea7e) in 0.003s. Peers: 7
2026-03-25 16:20:03.525-0500 | EthScheduler-Workers-0 | INFO  | PersistBlockTask | Imported empty block #1,743 / 0 tx / 0 om / 0 (0.0%) gas / (0x2588031f1e742d78edbbc7e210575acc688841cd384683a30df55a7952f496c9) in 0.002s. Peers: 7
2026-03-25 16:20:08.011-0500 | EthScheduler-Workers-0 | INFO  | PersistBlockTask | Imported empty block #1,744 / 0 tx / 0 om / 0 (0.0%) gas / (0x74bed0d4e30a55884d8695b853ed969a54e915d896cd4ff984c075a899ad6165) in 0.003s. Peers: 7
2026-03-25 16:20:13.011-0500 | EthScheduler-Workers-0 | INFO  | PersistBlockTask | Imported empty block #1,745 / 0 tx / 0 om / 0 (0.0%) gas / (0x3348907e89769a3ee29fa9a97e6b0a8718ef00f38a65646edd2f1012131d27ee) in 0.003s. Peers: 7
2026-03-25 16:20:18.009-0500 | EthScheduler-Workers-0 | INFO  | PersistBlockTask | Imported empty block #1,746 / 0 tx / 0 om / 0 (0.0%) gas / (0xfb3f81727681f4cf86db5c65f042f15b5dab53d0fd9439f6ab72b6af873c8a2c) in 0.002s. Peers: 7
2026-03-25 16:20:23.008-0500 | EthScheduler-Workers-0 | INFO  | PersistBlockTask | Imported empty block #1,747 / 0 tx / 0 om / 0 (0.0%) gas / (0xeb4d156b913c42f668fcd451d6edfa8b538884d073d1e6460e97adfc2adce325) in 0.001s. Peers: 7
2026-03-25 16:20:36.536-0500 | EthScheduler-Workers-0 | INFO  | PersistBlockTask | Imported empty block #1,748 / 0 tx / 0 om / 0 (0.0%) gas / (0xfe3309482b4db5a270e7f8385e704b1d1248d7ab80a393b13dc44487f288fe29) in 0.002s. Peers: 7
2026-03-25 16:20:41.016-0500 | EthScheduler-Workers-0 | INFO  | PersistBlockTask | Imported empty block #1,749 / 0 tx / 0 om / 0 (0.0%) gas / (0x9c08d3afb4e9d58100cfaa78d8d06fd5ffff7238ae35ae1cf262f9cd33148d41) in 0.001s. Peers: 7
2026-03-25 16:20:46.010-0500 | EthScheduler-Workers-0 | INFO  | PersistBlockTask | Imported empty block #1,750 / 0 tx / 0 om / 0 (0.0%) gas / (0x5187f64bdccaa76ad941641879c5e9ce3cce8d261a0460f4a62ac691222b51c9) in 0.001s. Peers: 7
2026-03-25 16:20:51.012-0500 | EthScheduler-Workers-0 | INFO  | PersistBlockTask | Imported empty block #1,751 / 0 tx / 0 om / 0 (0.0%) gas / (0xef6f5ea78b3efb787eadf0db4b6e47cbaab0d92241e362c113b3a93b954a4ea4) in 0.003s. Peers: 7
