Setting logging level to INFO
2026-04-20 09:11:23.932-0500 | main | INFO  | Besu | Starting Besu
2026-04-20 09:11:24.162-0500 | main | INFO  | Besu | RPC HTTP JSON-RPC config: JsonRpcConfiguration{enabled=true, port=8057, host=0.0.0.0, corsAllowedDomains=[*], hostsAllowlist=[*], rpcApis=[ETH, NET, WEB3, TXPOOL, TRACE], authenticationEnabled=false, authenticationCredentialsFile=null, authenticationPublicKeyFile=null, tlsConfiguration=Optional.empty, httpTimeoutSec=30, maxActiveConnections=80, maxBatchSize=1024}
2026-04-20 09:11:24.164-0500 | main | WARN  | Besu | Forcing --bonsai-limit-trie-logs-enabled=false, since it cannot be enabled with --sync-mode=FULL and --data-storage-format=BONSAI.
2026-04-20 09:11:24.165-0500 | main | INFO  | Besu | Connecting to 0 static nodes.
2026-04-20 09:11:24.173-0500 | main | WARN  | Besu | Forcing price bump for transaction replacement to 0, since min-gas-price is set to 0
2026-04-20 09:11:24.173-0500 | main | WARN  | Besu | Forcing tx-pool-min-gas-price=0, since it cannot be greater than the value of min-gas-price
2026-04-20 09:11:24.181-0500 | main | INFO  | Besu | jemalloc library not found, memory usage may be reduced by installing it
2026-04-20 09:11:24.235-0500 | main | INFO  | Besu | 
####################################################################################################
#                                                                                                  #
# Besu version 25.11.0                                                                             #
#                                                                                                  #
# Configuration:                                                                                   #
# Network: Custom genesis file                                                                     #
# /home/unified/Server-UGO-besu-oficial/server-UGO-besu/Nodes/Node-FCI-RPC2/..                     #
# /../genesis.json                                                                                 #
# Network Id: 12345                                                                                #
# Profile: ENTERPRISE                                                                              #
# Data storage: Bonsai                                                                             #
# Sync mode: Full                                                                                  #
# Sync min peers: 5                                                                                #
# RPC HTTP APIs: ETH,NET,WEB3,TXPOOL,TRACE                                                         #
# RPC HTTP port: 8057                                                                              #
# Using LAYERED transaction pool implementation                                                    #
# Using STACKED worldstate update mode                                                             #
# Opcode optimizations enabled                                                                     #
# Parallel transaction processing enabled                                                          #
# Target Gas Limit: 60M                                                                            #
#                                                                                                  #
# Host:                                                                                            #
# Java: openjdk-java-21                                                                            #
# Maximum heap size: 3.88 GB                                                                       #
# OS: linux-x86_64                                                                                 #
# glibc: 2.39                                                                                      #
# Total memory: 15.49 GB                                                                           #
# CPU cores: 24                                                                                    #
#                                                                                                  #
# Plugin Registration Summary:                                                                     #
# No plugins have been registered.                                                                 #
# TOTAL = 0 of 0 plugins successfully registered.                                                  #
#                                                                                                  #
####################################################################################################
2026-04-20 09:11:24.235-0500 | main | INFO  | Besu | Security Module: localfile
2026-04-20 09:11:24.236-0500 | main | INFO  | VersionMetadata | Lookup version metadata file in data directory: /home/unified/Server-UGO-besu-oficial/server-UGO-besu/Nodes/Node-FCI-RPC2/data
2026-04-20 09:11:24.264-0500 | main | INFO  | VersionMetadata | Existing version data detected. Besu version 25.11.0
2026-04-20 09:11:24.283-0500 | main | INFO  | Besu | Using the native implementation of alt bn128
2026-04-20 09:11:24.284-0500 | main | INFO  | Besu | Using the Java implementation of modexp
2026-04-20 09:11:24.284-0500 | main | INFO  | Besu | Using the native implementation of the signature algorithm
2026-04-20 09:11:24.285-0500 | main | INFO  | Besu | Using the native implementation of the blake2bf algorithm
2026-04-20 09:11:24.356-0500 | main | INFO  | Besu | Using the native BoringSSL implementation of p256verify
2026-04-20 09:11:24.396-0500 | main | WARN  | Besu | Forcing price bump for transaction replacement to 0, since min-gas-price is set to 0
2026-04-20 09:11:24.396-0500 | main | WARN  | Besu | Forcing tx-pool-min-gas-price=0, since it cannot be greater than the value of min-gas-price
2026-04-20 09:11:24.398-0500 | main | INFO  | KeyPairUtil | Attempting to load public key from /home/unified/Server-UGO-besu-oficial/server-UGO-besu/Nodes/Node-FCI-RPC2/data/key
2026-04-20 09:11:24.410-0500 | main | INFO  | KeyPairUtil | Loaded public key 0xa201b44e75ec11b043bdef64fda97c8d0e62e68305d7d719b11e9d79169d1c3fd5b22b8e488f145bbd6092bf335ac4706ad9db1656745dea1707ab1739c78ecd from /home/unified/Server-UGO-besu-oficial/server-UGO-besu/Nodes/Node-FCI-RPC2/data/key
2026-04-20 09:11:24.466-0500 | main | INFO  | ProtocolScheduleBuilder | Protocol schedule created with milestones: [Berlin:0]
2026-04-20 09:11:24.467-0500 | main | INFO  | DatabaseMetadata | Lookup database metadata file in data directory: /home/unified/Server-UGO-besu-oficial/server-UGO-besu/Nodes/Node-FCI-RPC2/data
2026-04-20 09:11:24.482-0500 | main | INFO  | RocksDBKeyValueStorageFactory | Existing database at /home/unified/Server-UGO-besu-oficial/server-UGO-besu/Nodes/Node-FCI-RPC2/data. Metadata versionedStorageFormat=BaseVersionedStorageFormat{format=BONSAI, version=3}. Processing WAL...
2026-04-20 09:11:25.747-0500 | main | INFO  | FlatDbStrategyProvider | Flat db mode found FULL
2026-04-20 09:11:25.750-0500 | main | INFO  | FlatDbStrategyProvider | DB mode with code stored using code hash enabled = true
2026-04-20 09:11:25.759-0500 | main | INFO  | FlatDbStrategyProvider | Flat db mode found FULL
2026-04-20 09:11:25.759-0500 | main | INFO  | FlatDbStrategyProvider | DB mode with code stored using code hash enabled = true
2026-04-20 09:11:25.810-0500 | main | INFO  | TransactionPoolFactory | Enabling transaction pool
2026-04-20 09:11:25.822-0500 | main | INFO  | BesuControllerBuilder | QBFT is configured, creating initial sync for BFT
2026-04-20 09:11:25.822-0500 | main | INFO  | BFTPivotSelectorFromPeers | Creating pivot block selector for BFT node
2026-04-20 09:11:25.842-0500 | main | INFO  | RunnerBuilder | Resolved 1 bootnodes.
2026-04-20 09:11:25.846-0500 | main | INFO  | RunnerBuilder | Detecting NAT service.
2026-04-20 09:11:25.955-0500 | main | INFO  | Runner | Starting external services ... 
2026-04-20 09:11:25.955-0500 | main | INFO  | MetricsHttpService | Starting metrics http service on 0.0.0.0:9549
2026-04-20 09:11:25.966-0500 | main | INFO  | JsonRpcHttpService | Starting JSON-RPC service on 0.0.0.0:8057
2026-04-20 09:11:26.034-0500 | vert.x-eventloop-thread-1 | INFO  | JsonRpcHttpService | JSON-RPC service started and listening on 0.0.0.0:8057
2026-04-20 09:11:26.041-0500 | main | INFO  | WebSocketService | Starting Websocket service on 0.0.0.0:8058
2026-04-20 09:11:26.043-0500 | vert.x-eventloop-thread-1 | INFO  | WebSocketService | Websocket service started and listening on 0.0.0.0:8058
2026-04-20 09:11:26.043-0500 | main | INFO  | AutoTransactionLogBloomCachingService | Starting auto transaction log bloom caching service.
2026-04-20 09:11:26.044-0500 | main | INFO  | LogBloomCacheMetadata | Lookup cache metadata file in data directory: /home/unified/Server-UGO-besu-oficial/server-UGO-besu/Nodes/Node-FCI-RPC2/data/caches
2026-04-20 09:11:26.049-0500 | main | INFO  | Runner | Starting Ethereum main loop ... 
2026-04-20 09:11:26.050-0500 | main | INFO  | NatService | No NAT environment detected so no service could be started
2026-04-20 09:11:26.050-0500 | main | INFO  | NetworkRunner | Starting Network.
2026-04-20 09:11:26.057-0500 | nioEventLoopGroup-2-1 | INFO  | RlpxAgent | P2P RLPx agent started and listening on /[0:0:0:0:0:0:0:0]:30307.
2026-04-20 09:11:26.057-0500 | main | INFO  | PeerDiscoveryAgent | Starting peer discovery agent on host=0.0.0.0, port=30307. IPv6 available.
2026-04-20 09:11:26.065-0500 | vert.x-eventloop-thread-1 | INFO  | VertxPeerDiscoveryAgent | Started peer discovery agent successfully, on effective host=0:0:0:0:0:0:0:0 and port=30307
2026-04-20 09:11:26.066-0500 | vert.x-eventloop-thread-1 | INFO  | PeerDiscoveryAgent | P2P peer discovery agent started and listening on /[0:0:0:0:0:0:0:0]:30307
2026-04-20 09:11:26.095-0500 | vert.x-eventloop-thread-1 | INFO  | PeerDiscoveryAgent | Writing node record to disk. NodeRecord{seq=2, publicKey=0x03a201b44e75ec11b043bdef64fda97c8d0e62e68305d7d719b11e9d79169d1c3f, udpAddress=Optional[/0.0.0.0:30307], tcpAddress=Optional[/0.0.0.0:30307], udp6Address=Optional.empty, tcp6Address=Optional.empty, asBase64=-Je4QDmDKETGN0kTutfMnL_8lEjhkLnzVju79GTI_GLgVn12aZAuG3SVKM9BQo6LchD2B2pt5bNVHaeYkKw_TJUXQK4Cg2V0aMfGhHgXe9aAgmlkgnY0gmlwhAAAAACJc2VjcDI1NmsxoQOiAbROdewRsEO972T9qXyNDmLmgwXX1xmxHp15Fp0cP4N0Y3CCdmODdWRwgnZj, nodeId=0xdbc95d2fe6da54854ad8039a7a3ba6f2f3efdc55b7ef5db39c639c29564aab68, customFields={tcp=30307, udp=30307, eth=[[0x78177bd6, 0x]], id=V4, ip=0x00000000, secp256k1=0x03a201b44e75ec11b043bdef64fda97c8d0e62e68305d7d719b11e9d79169d1c3f}}
2026-04-20 09:11:26.109-0500 | main | INFO  | DefaultP2PNetwork | Enode URL enode://a201b44e75ec11b043bdef64fda97c8d0e62e68305d7d719b11e9d79169d1c3fd5b22b8e488f145bbd6092bf335ac4706ad9db1656745dea1707ab1739c78ecd@0.0.0.0:30307
2026-04-20 09:11:26.109-0500 | main | INFO  | DefaultP2PNetwork | Node address 0x7a3ba6f2f3efdc55b7ef5db39c639c29564aab68
2026-04-20 09:11:26.113-0500 | main | INFO  | NetworkRunner | Supported capabilities: [eth/68, eth/69], [istanbul/100], [snap/1]
2026-04-20 09:11:26.114-0500 | main | INFO  | DefaultSynchronizer | Starting synchronizer.
2026-04-20 09:11:26.116-0500 | main | INFO  | TransactionPoolFactory | Enabling transaction handling following initial sync
2026-04-20 09:11:26.116-0500 | main | INFO  | BftMiningCoordinator | Starting BFT mining coordinator following initial sync
2026-04-20 09:11:26.199-0500 | main | INFO  | FullSyncDownloader | Starting full sync.
2026-04-20 09:11:26.199-0500 | main | INFO  | FullSyncTargetManager | Unable to find sync target. Waiting for 5 peers minimum. Currently checking 0 peers for usefulness
2026-04-20 09:11:26.202-0500 | main | INFO  | Runner | Ethereum main loop is up.
2026-04-20 09:11:27.037-0500 | nioEventLoopGroup-3-2 | INFO  | BlockPropagationManager | Saved announced block for future import 1125 (0x4345cc3d5ab65195faf799566d2592863fe0ad4809bf3d52f68f517d79a0f8da) - 1 saved block(s)
2026-04-20 09:11:27.037-0500 | nioEventLoopGroup-3-2 | INFO  | BlockPropagationManager | Retrieving parent 0xcdec0fb8e97894b67dbf87380824da3bf356b9bb037113949776bc140f63c789 of block 1125 (0x4345cc3d5ab65195faf799566d2592863fe0ad4809bf3d52f68f517d79a0f8da)
2026-04-20 09:11:27.046-0500 | EthScheduler-Services-0 | INFO  | BlockPropagationManager | Saved announced block for future import 1124 (0xcdec0fb8e97894b67dbf87380824da3bf356b9bb037113949776bc140f63c789) - 2 saved block(s)
2026-04-20 09:11:27.046-0500 | EthScheduler-Services-0 | INFO  | BlockPropagationManager | Retrieving parent 0xb173cf918fd2ce7104344f1900cbdbe9f999e33a2389ca5c004fc798da47a347 of block 1124 (0xcdec0fb8e97894b67dbf87380824da3bf356b9bb037113949776bc140f63c789)
2026-04-20 09:11:27.049-0500 | EthScheduler-Services-1 | INFO  | BlockPropagationManager | Saved announced block for future import 1123 (0xb173cf918fd2ce7104344f1900cbdbe9f999e33a2389ca5c004fc798da47a347) - 3 saved block(s)
2026-04-20 09:11:27.049-0500 | EthScheduler-Services-1 | INFO  | BlockPropagationManager | Retrieving parent 0xd87e94e9ce5b4ff81543467b85ce1f61d98930ded7050b0c75fd149e0141491f of block 1123 (0xb173cf918fd2ce7104344f1900cbdbe9f999e33a2389ca5c004fc798da47a347)
2026-04-20 09:11:27.071-0500 | EthScheduler-Workers-0 | INFO  | PersistBlockTask | Imported empty block #1,122 / 0 tx / 0 om / 0 (0.0%) gas / (0xd87e94e9ce5b4ff81543467b85ce1f61d98930ded7050b0c75fd149e0141491f) in 0.015s. Peers: 1
2026-04-20 09:11:27.077-0500 | EthScheduler-Workers-0 | INFO  | PersistBlockTask | Imported empty block #1,123 / 0 tx / 0 om / 0 (0.0%) gas / (0xb173cf918fd2ce7104344f1900cbdbe9f999e33a2389ca5c004fc798da47a347) in 0.003s. Peers: 1
2026-04-20 09:11:27.077-0500 | EthScheduler-Workers-0 | INFO  | BlockPropagationManager | Imported 1 pending blocks: [1123]
2026-04-20 09:11:27.081-0500 | EthScheduler-Workers-0 | INFO  | PersistBlockTask | Imported empty block #1,124 / 0 tx / 0 om / 0 (0.0%) gas / (0xcdec0fb8e97894b67dbf87380824da3bf356b9bb037113949776bc140f63c789) in 0.002s. Peers: 1
2026-04-20 09:11:27.081-0500 | EthScheduler-Workers-0 | INFO  | PersistBlockTask | Block 1124 (0xcdec0fb8e97894b67dbf87380824da3bf356b9bb037113949776bc140f63c789) is already imported
2026-04-20 09:11:27.081-0500 | EthScheduler-Workers-0 | INFO  | BlockPropagationManager | Imported 1 pending blocks: [1124]
2026-04-20 09:11:27.084-0500 | EthScheduler-Workers-0 | INFO  | PersistBlockTask | Imported empty block #1,125 / 0 tx / 0 om / 0 (0.0%) gas / (0x4345cc3d5ab65195faf799566d2592863fe0ad4809bf3d52f68f517d79a0f8da) in 0.002s. Peers: 1
2026-04-20 09:11:27.084-0500 | EthScheduler-Workers-0 | INFO  | BlockPropagationManager | Imported 1 pending blocks: [1125]
2026-04-20 09:11:32.032-0500 | EthScheduler-Workers-0 | INFO  | PersistBlockTask | Imported empty block #1,126 / 0 tx / 0 om / 0 (0.0%) gas / (0xee0fd21c075a73bacbc80e0965adc9ec2a125a8fc93cd80069d5a43cab20aefe) in 0.002s. Peers: 1
2026-04-20 09:11:37.027-0500 | EthScheduler-Workers-0 | INFO  | PersistBlockTask | Imported empty block #1,127 / 0 tx / 0 om / 0 (0.0%) gas / (0xebc95db678171eb624f4d274fbf1f966b8eb66e14ba7cac1b4626e6150488ab7) in 0.003s. Peers: 2
2026-04-20 09:11:42.026-0500 | EthScheduler-Workers-0 | INFO  | PersistBlockTask | Imported empty block #1,128 / 0 tx / 0 om / 0 (0.0%) gas / (0x05304b8cae51d58ef6283c491ce16ab820292d988ae86457bbf073e66ea0588e) in 0.004s. Peers: 3
2026-04-20 09:11:47.043-0500 | EthScheduler-Workers-0 | INFO  | PersistBlockTask | Imported empty block #1,129 / 0 tx / 0 om / 0 (0.0%) gas / (0xe936be20b22ad05ac83c5e7ba5ffa9125d6287db8975b119db67087b6f8cb13d) in 0.007s. Peers: 3
2026-04-20 09:11:52.041-0500 | EthScheduler-Workers-0 | INFO  | PersistBlockTask | Imported empty block #1,130 / 0 tx / 0 om / 0 (0.0%) gas / (0xfd417b3d3af2ada5cb88a4dcef8397c00b9c7260ad3c679f2169fad9ef0c4211) in 0.005s. Peers: 3
2026-04-20 09:11:57.034-0500 | EthScheduler-Workers-0 | INFO  | PersistBlockTask | Imported empty block #1,131 / 0 tx / 0 om / 0 (0.0%) gas / (0x99b86f436d932b74379281881cf79aab643f4c36b021eed3d09e31618f800544) in 0.008s. Peers: 5
2026-04-20 09:12:02.030-0500 | EthScheduler-Workers-0 | INFO  | PersistBlockTask | Imported empty block #1,132 / 0 tx / 0 om / 0 (0.0%) gas / (0x54805b25435454dabdf7e15e261f852bbf5ce04747e69fc5657fe15cd846e624) in 0.007s. Peers: 6
2026-04-20 09:12:07.024-0500 | EthScheduler-Workers-0 | INFO  | PersistBlockTask | Imported empty block #1,133 / 0 tx / 0 om / 0 (0.0%) gas / (0x16385d3b8b2e5d00a18cca51e4905e9dc5541ceb9f0eccba3050a405b1da8d7d) in 0.004s. Peers: 7
2026-04-20 09:12:12.023-0500 | EthScheduler-Workers-0 | INFO  | PersistBlockTask | Imported empty block #1,134 / 0 tx / 0 om / 0 (0.0%) gas / (0x4dc7086128740dac5df11b92d0d5f0fbe8454745d77c9791b843dc3bde521dee) in 0.005s. Peers: 7
2026-04-20 09:12:17.028-0500 | EthScheduler-Workers-0 | INFO  | PersistBlockTask | Imported empty block #1,135 / 0 tx / 0 om / 0 (0.0%) gas / (0xfb7c4ef5555b7a0db0eec4281844b6cc5715650bd989f8d7c3ff8c73c80adee2) in 0.005s. Peers: 7
2026-04-20 09:12:22.021-0500 | EthScheduler-Workers-0 | INFO  | PersistBlockTask | Imported empty block #1,136 / 0 tx / 0 om / 0 (0.0%) gas / (0x51cf98b91b58198661d3430670000ca09484a63a6a1cbeab41de2acf441a858d) in 0.004s. Peers: 7
2026-04-20 09:12:27.024-0500 | EthScheduler-Workers-0 | INFO  | PersistBlockTask | Imported empty block #1,137 / 0 tx / 0 om / 0 (0.0%) gas / (0xcbf303ee741fcd09898d7029b955697bb9a1ab6b9322d7e3f693b2c2355e8fb5) in 0.005s. Peers: 7
2026-04-20 09:12:32.031-0500 | EthScheduler-Workers-0 | INFO  | PersistBlockTask | Imported empty block #1,138 / 0 tx / 0 om / 0 (0.0%) gas / (0x9d3b1ccbe236ddbb0537189956fbe95ad6d0d8bdd566e9045e3d0e23358f7ba4) in 0.005s. Peers: 7
2026-04-20 09:12:37.019-0500 | EthScheduler-Workers-0 | INFO  | PersistBlockTask | Imported empty block #1,139 / 0 tx / 0 om / 0 (0.0%) gas / (0xadd2e04b351372bc78400e6265f2a153cf9237433d29478fe62176b595186ffa) in 0.004s. Peers: 7
2026-04-20 09:12:42.022-0500 | EthScheduler-Workers-0 | INFO  | PersistBlockTask | Imported empty block #1,140 / 0 tx / 0 om / 0 (0.0%) gas / (0x86b86c289cdc650cd222f3572af440399737bc8b4eeb5ee7901eaa7aaa992e92) in 0.003s. Peers: 7
2026-04-20 09:12:47.027-0500 | EthScheduler-Workers-0 | INFO  | PersistBlockTask | Imported empty block #1,141 / 0 tx / 0 om / 0 (0.0%) gas / (0x75cbe16b1e3480c89795e75a87378f6438f6fc42ebc67a89f93373ed977f9b12) in 0.004s. Peers: 7
2026-04-20 09:12:52.024-0500 | EthScheduler-Workers-0 | INFO  | PersistBlockTask | Imported empty block #1,142 / 0 tx / 0 om / 0 (0.0%) gas / (0x5285a0bd1e049e4d5ca2989225e239d4cfac6f86068dec0e9f41b5d6de25fe84) in 0.004s. Peers: 7
2026-04-20 09:12:57.036-0500 | EthScheduler-Workers-0 | INFO  | PersistBlockTask | Imported empty block #1,143 / 0 tx / 0 om / 0 (0.0%) gas / (0xb856944e8a6d1b97a024df5d73c92a09cd8b59ac916468ffd9df3340438069cd) in 0.004s. Peers: 7
2026-04-20 09:13:02.038-0500 | EthScheduler-Workers-0 | INFO  | PersistBlockTask | Imported empty block #1,144 / 0 tx / 0 om / 0 (0.0%) gas / (0xc40cfa07ec142325a8dd0a41fe563046d7085bd6a70da4b77fae98671f6a9c3d) in 0.009s. Peers: 7
2026-04-20 09:13:07.019-0500 | EthScheduler-Workers-0 | INFO  | PersistBlockTask | Imported empty block #1,145 / 0 tx / 0 om / 0 (0.0%) gas / (0x17b9c220740444ee986ded843779f734694c3ed54eb4b38b671ed3064597bdf1) in 0.002s. Peers: 7
2026-04-20 09:13:12.018-0500 | EthScheduler-Workers-0 | INFO  | PersistBlockTask | Imported empty block #1,146 / 0 tx / 0 om / 0 (0.0%) gas / (0x7078f7f7564972dd959f4fb268ba891943fac4b493cf68eb9ff2573917741b34) in 0.003s. Peers: 7
2026-04-20 09:13:17.028-0500 | EthScheduler-Workers-0 | INFO  | PersistBlockTask | Imported empty block #1,147 / 0 tx / 0 om / 0 (0.0%) gas / (0xd1590b95d9e93d77e7ca656d81224a3519885f2bfe4a6c4b1f6ef9194b919370) in 0.004s. Peers: 7
2026-04-20 09:13:22.024-0500 | EthScheduler-Workers-0 | INFO  | PersistBlockTask | Imported empty block #1,148 / 0 tx / 0 om / 0 (0.0%) gas / (0x976280284f5713e0373221f2241789e301fe702baf0243dce8cb8249cdc3e87a) in 0.004s. Peers: 7
2026-04-20 09:13:27.026-0500 | EthScheduler-Workers-0 | INFO  | PersistBlockTask | Imported empty block #1,149 / 0 tx / 0 om / 0 (0.0%) gas / (0x26c9d700518a539e790e2e346e5fa8a6fd8f71e2eae4eaac8d2b2851680bf852) in 0.007s. Peers: 7
2026-04-20 09:13:32.023-0500 | EthScheduler-Workers-0 | INFO  | PersistBlockTask | Imported empty block #1,150 / 0 tx / 0 om / 0 (0.0%) gas / (0x960b8173e23993544f592d331e7694f47b7862ccb6e7fe8404ad84112125ea92) in 0.004s. Peers: 7
2026-04-20 09:13:37.031-0500 | EthScheduler-Workers-0 | INFO  | PersistBlockTask | Imported empty block #1,151 / 0 tx / 0 om / 0 (0.0%) gas / (0x3eccc6e9d678b06ce6405ee703c2c8d0cc9e575eef4d0ff02e0825158b232e47) in 0.003s. Peers: 7
2026-04-20 09:13:42.020-0500 | EthScheduler-Workers-0 | INFO  | PersistBlockTask | Imported empty block #1,152 / 0 tx / 0 om / 0 (0.0%) gas / (0xa091be7ba1458ca304da6c11ea85c22bdf51f6f51961b4911fcb499a73b9dc5f) in 0.005s. Peers: 7
2026-04-20 09:13:47.025-0500 | EthScheduler-Workers-0 | INFO  | PersistBlockTask | Imported empty block #1,153 / 0 tx / 0 om / 0 (0.0%) gas / (0x71ef6c17162fd9721099ad00eb04ea104913bce180488e1b56a9ef686829b4cb) in 0.005s. Peers: 7
2026-04-20 09:13:52.022-0500 | EthScheduler-Workers-0 | INFO  | PersistBlockTask | Imported empty block #1,154 / 0 tx / 0 om / 0 (0.0%) gas / (0xd3bda5c6eb07e0c84b5ff93cba3fd1f952dd1ddd33d250fdd3159bc8d0fdbf75) in 0.002s. Peers: 7
2026-04-20 09:13:57.017-0500 | EthScheduler-Workers-0 | INFO  | PersistBlockTask | Imported empty block #1,155 / 0 tx / 0 om / 0 (0.0%) gas / (0x624a584ba588551cd6ea06fbaafbc6043575c12782330b185927262b98be3b72) in 0.003s. Peers: 7
2026-04-20 09:14:02.025-0500 | EthScheduler-Workers-0 | INFO  | PersistBlockTask | Imported empty block #1,156 / 0 tx / 0 om / 0 (0.0%) gas / (0x8c37a5bc5d6c1dbc9e9ecb1c74993ed87181ea5b8302bb98255629e7973d5c34) in 0.004s. Peers: 7
2026-04-20 09:14:07.023-0500 | EthScheduler-Workers-0 | INFO  | PersistBlockTask | Imported empty block #1,157 / 0 tx / 0 om / 0 (0.0%) gas / (0xb15133031eabf3b769f3559c075014b8d57fb46a543ca0295cd42dc00e77c3ad) in 0.004s. Peers: 7
2026-04-20 09:14:12.018-0500 | EthScheduler-Workers-0 | INFO  | PersistBlockTask | Imported empty block #1,158 / 0 tx / 0 om / 0 (0.0%) gas / (0x5cef957404a7dd1f63296dffae3bd8bdcbf99a5baa8111c964e50483fa3e6ce9) in 0.003s. Peers: 7
2026-04-20 09:14:17.022-0500 | EthScheduler-Workers-0 | INFO  | PersistBlockTask | Imported empty block #1,159 / 0 tx / 0 om / 0 (0.0%) gas / (0x2912ba9dce765d88ba6151fdaa02752c25c2e961e496f08df6db4d33d3051dfe) in 0.003s. Peers: 7
2026-04-20 09:14:22.021-0500 | EthScheduler-Workers-0 | INFO  | PersistBlockTask | Imported empty block #1,160 / 0 tx / 0 om / 0 (0.0%) gas / (0x6cc640444b323c2cc5a4ad00ed6c53f387069043cdc179886875cfe645733a92) in 0.005s. Peers: 7
2026-04-20 09:14:27.018-0500 | EthScheduler-Workers-0 | INFO  | PersistBlockTask | Imported empty block #1,161 / 0 tx / 0 om / 0 (0.0%) gas / (0xa52fc556f613e27209daf457403fe3e9bc7cef3c376ae5d064e632dc12e8dff0) in 0.003s. Peers: 7
2026-04-20 09:14:32.015-0500 | EthScheduler-Workers-0 | INFO  | PersistBlockTask | Imported empty block #1,162 / 0 tx / 0 om / 0 (0.0%) gas / (0xaf04b0a141b5161f30861a6fbcf677e95234c1c0eee4657b668d59bddeb9f619) in 0.002s. Peers: 7
2026-04-20 09:14:37.019-0500 | EthScheduler-Workers-0 | INFO  | PersistBlockTask | Imported empty block #1,163 / 0 tx / 0 om / 0 (0.0%) gas / (0x4ff49e0b25c7018f71bdb7c961041447e321ea01b0b03e513995a273d06318b0) in 0.004s. Peers: 7
2026-04-20 09:14:42.019-0500 | EthScheduler-Workers-0 | INFO  | PersistBlockTask | Imported empty block #1,164 / 0 tx / 0 om / 0 (0.0%) gas / (0xf10d8695fe1613bec83dbd7e358cc70b52cff7727c4e7a8ecb338d109b42e1af) in 0.004s. Peers: 7
2026-04-20 09:14:47.026-0500 | EthScheduler-Workers-0 | INFO  | PersistBlockTask | Imported empty block #1,165 / 0 tx / 0 om / 0 (0.0%) gas / (0xcdcb2bfb2687f3f3c94f74db20bfc1ceb81093de3f326be815b8c37e85ad3a69) in 0.004s. Peers: 7
2026-04-20 09:14:52.026-0500 | EthScheduler-Workers-0 | INFO  | PersistBlockTask | Imported empty block #1,166 / 0 tx / 0 om / 0 (0.0%) gas / (0xd19a95403e8d368ff320fd450241452edf90526da85b8b414c368db49c068dea) in 0.002s. Peers: 7
2026-04-20 09:14:57.015-0500 | EthScheduler-Workers-0 | INFO  | PersistBlockTask | Imported empty block #1,167 / 0 tx / 0 om / 0 (0.0%) gas / (0x533902645d12f74691079fd01c7d3f5ea2ad09827ce9fab23fd8d93b9c90725b) in 0.002s. Peers: 7
2026-04-20 09:15:02.019-0500 | EthScheduler-Workers-0 | INFO  | PersistBlockTask | Imported empty block #1,168 / 0 tx / 0 om / 0 (0.0%) gas / (0x4073b58ce488533008a7e96ab1c60b6b0e0da686efdd66e867aaa4e4d1109ad5) in 0.003s. Peers: 7
2026-04-20 09:15:07.033-0500 | EthScheduler-Workers-0 | INFO  | PersistBlockTask | Imported empty block #1,169 / 0 tx / 0 om / 0 (0.0%) gas / (0x3227841ba6ef04b3f4115ae7d646255a2f2e31fc7a9353dfda7b37e4020680fc) in 0.002s. Peers: 7
2026-04-20 09:15:12.017-0500 | EthScheduler-Workers-0 | INFO  | PersistBlockTask | Imported empty block #1,170 / 0 tx / 0 om / 0 (0.0%) gas / (0xc3d80fcddabd285f7cf03e728f9058a2d6ba4344bed42ecbb4fbcd11f4b32516) in 0.002s. Peers: 7
2026-04-20 09:15:17.023-0500 | EthScheduler-Workers-0 | INFO  | PersistBlockTask | Imported empty block #1,171 / 0 tx / 0 om / 0 (0.0%) gas / (0x042812c89357ad7616ed8f4181446c32b2bea3e2fc26d99c87fdeb10c821bd9a) in 0.003s. Peers: 7
2026-04-20 09:15:22.019-0500 | EthScheduler-Workers-0 | INFO  | PersistBlockTask | Imported empty block #1,172 / 0 tx / 0 om / 0 (0.0%) gas / (0xdcacd4db11a3ffadcac227fa65a3a6a8bcbf5aece973e95bc2fa4e37eed25d8d) in 0.005s. Peers: 7
2026-04-20 09:15:27.027-0500 | EthScheduler-Workers-0 | INFO  | PersistBlockTask | Imported empty block #1,173 / 0 tx / 0 om / 0 (0.0%) gas / (0x4f5839ceefd07a568d0d2d02142ac6ef477545733c6140be3cb192983b449824) in 0.007s. Peers: 7
2026-04-20 09:15:32.015-0500 | EthScheduler-Workers-0 | INFO  | PersistBlockTask | Imported empty block #1,174 / 0 tx / 0 om / 0 (0.0%) gas / (0x8a354f4041cfa6a83527d54619346067ababd835d8c015b5ad55051910716644) in 0.002s. Peers: 7
2026-04-20 09:15:37.028-0500 | EthScheduler-Workers-0 | INFO  | PersistBlockTask | Imported empty block #1,175 / 0 tx / 0 om / 0 (0.0%) gas / (0x75e6f2ca4f0b8844abb5628b250e12016136faac095a922d04eaa1f92f7757ff) in 0.003s. Peers: 7
2026-04-20 09:15:42.019-0500 | EthScheduler-Workers-0 | INFO  | PersistBlockTask | Imported empty block #1,176 / 0 tx / 0 om / 0 (0.0%) gas / (0xb7a58529475c926b194bb4d031ff369c28d84a5dc704aab33cb057e2dcd598b1) in 0.003s. Peers: 7
2026-04-20 09:15:47.020-0500 | EthScheduler-Workers-0 | INFO  | PersistBlockTask | Imported empty block #1,177 / 0 tx / 0 om / 0 (0.0%) gas / (0x86318aa9262cf529f719cf817d259ffe6dc7815515d572b6136edc77c48614d3) in 0.004s. Peers: 7
2026-04-20 09:15:52.018-0500 | EthScheduler-Workers-0 | INFO  | PersistBlockTask | Imported empty block #1,178 / 0 tx / 0 om / 0 (0.0%) gas / (0x5a3e42c249a2f1a521221968a0e4a09253a6850997d5f30fe5d7f965ff3adec7) in 0.004s. Peers: 7
2026-04-20 09:15:57.014-0500 | EthScheduler-Workers-0 | INFO  | PersistBlockTask | Imported empty block #1,179 / 0 tx / 0 om / 0 (0.0%) gas / (0x9b91442ccbde4d9459b5f890558fb86e6a84598477846f0032894f4b1c4dcc35) in 0.002s. Peers: 7
2026-04-20 09:16:02.024-0500 | EthScheduler-Workers-0 | INFO  | PersistBlockTask | Imported empty block #1,180 / 0 tx / 0 om / 0 (0.0%) gas / (0xced67782bff4fc2012eafdb44a3f9bef7f48a66fbfc0d26fdde3d6b2d4232266) in 0.004s. Peers: 7
2026-04-20 09:16:07.022-0500 | EthScheduler-Workers-0 | INFO  | PersistBlockTask | Imported empty block #1,181 / 0 tx / 0 om / 0 (0.0%) gas / (0x0c48980fcff9da2715e61be38f5d03ee3d767faea96d2d29e765a8c96cbc7908) in 0.003s. Peers: 7
2026-04-20 09:16:12.021-0500 | EthScheduler-Workers-0 | INFO  | PersistBlockTask | Imported empty block #1,182 / 0 tx / 0 om / 0 (0.0%) gas / (0x574e3bb8d608cd1d7f1550ebcb4dcc050869a8fea4670b03f4c1f4b7e58bbdf8) in 0.004s. Peers: 7
2026-04-20 09:16:17.023-0500 | EthScheduler-Workers-0 | INFO  | PersistBlockTask | Imported empty block #1,183 / 0 tx / 0 om / 0 (0.0%) gas / (0xc6e8c174d30640844c16135be757b6bae652681f4640f6807e9118e9799d16e4) in 0.003s. Peers: 7
2026-04-20 09:16:22.025-0500 | EthScheduler-Workers-0 | INFO  | PersistBlockTask | Imported empty block #1,184 / 0 tx / 0 om / 0 (0.0%) gas / (0x4bfee99c17cc4c883d06d1968c2d8b00f1cf593c9cfeed126af9c40adfaae87a) in 0.004s. Peers: 7
2026-04-20 09:16:27.032-0500 | EthScheduler-Workers-0 | INFO  | PersistBlockTask | Imported empty block #1,185 / 0 tx / 0 om / 0 (0.0%) gas / (0xce7d39df7fbeae0c2dc85728cccd4d451d619173780a3c8de5ed70a18a34a77e) in 0.006s. Peers: 7
2026-04-20 09:16:32.020-0500 | EthScheduler-Workers-0 | INFO  | PersistBlockTask | Imported empty block #1,186 / 0 tx / 0 om / 0 (0.0%) gas / (0x8e66c6fefa07c864f11b8f343d540ef7104704a1b2be1f970f1571e61ee09858) in 0.003s. Peers: 7
2026-04-20 09:16:37.028-0500 | EthScheduler-Workers-0 | INFO  | PersistBlockTask | Imported empty block #1,187 / 0 tx / 0 om / 0 (0.0%) gas / (0x9ef4370a6118308a91db66272381bdaf6ffe55b519f47ee913f36d9ea094bdff) in 0.002s. Peers: 7
2026-04-20 09:16:42.014-0500 | EthScheduler-Workers-0 | INFO  | PersistBlockTask | Imported empty block #1,188 / 0 tx / 0 om / 0 (0.0%) gas / (0x957ad0c60a49b6c75f8f813119bc833897cbde8bf75ee704c53a64db93fd843f) in 0.002s. Peers: 7
2026-04-20 09:16:47.013-0500 | EthScheduler-Workers-0 | INFO  | PersistBlockTask | Imported empty block #1,189 / 0 tx / 0 om / 0 (0.0%) gas / (0xb78af61e9105b2af5e0251bbec292bb43d0422a7cb9767cfb031ede7c8013de9) in 0.002s. Peers: 7
2026-04-20 09:16:52.014-0500 | EthScheduler-Workers-0 | INFO  | PersistBlockTask | Imported empty block #1,190 / 0 tx / 0 om / 0 (0.0%) gas / (0xcaa1312a0779022404547550f950a509909e2486502255e5bef2524653e0cf60) in 0.003s. Peers: 7
2026-04-20 09:16:57.015-0500 | EthScheduler-Workers-0 | INFO  | PersistBlockTask | Imported empty block #1,191 / 0 tx / 0 om / 0 (0.0%) gas / (0xd5ceb075c26605c6371e54f0547a385d9296e5e477e2bdcab00953ddb3abfc79) in 0.002s. Peers: 7
2026-04-20 09:17:02.017-0500 | EthScheduler-Workers-0 | INFO  | PersistBlockTask | Imported empty block #1,192 / 0 tx / 0 om / 0 (0.0%) gas / (0x23f5e2568f387a452e5b5bf3fc951c22acc3f5a85a86ea813b3b2509771da726) in 0.004s. Peers: 7
2026-04-20 09:17:07.014-0500 | EthScheduler-Workers-0 | INFO  | PersistBlockTask | Imported empty block #1,193 / 0 tx / 0 om / 0 (0.0%) gas / (0x32143b9682b3088aa497b566a9d676b65156c683b009959b841047edbd86f4af) in 0.003s. Peers: 7
2026-04-20 09:17:12.026-0500 | EthScheduler-Workers-0 | INFO  | PersistBlockTask | Imported empty block #1,194 / 0 tx / 0 om / 0 (0.0%) gas / (0x8d7d490aa9d0097bef4192b433b8a65ebe458aa1829aca5f82f4eb88c4a4d3cc) in 0.005s. Peers: 7
2026-04-20 09:17:17.020-0500 | EthScheduler-Workers-0 | INFO  | PersistBlockTask | Imported empty block #1,195 / 0 tx / 0 om / 0 (0.0%) gas / (0x2d777ce980790fd3f389bfc04d7a9ed9a20bb041f5cf7523aebaefa7ff128c03) in 0.004s. Peers: 7
2026-04-20 09:17:22.020-0500 | EthScheduler-Workers-0 | INFO  | PersistBlockTask | Imported empty block #1,196 / 0 tx / 0 om / 0 (0.0%) gas / (0xb881b77a18985a734ff5348d08b956d348fef830f7fed0553f544bf661d19e18) in 0.003s. Peers: 7
2026-04-20 09:17:27.017-0500 | EthScheduler-Workers-0 | INFO  | PersistBlockTask | Imported empty block #1,197 / 0 tx / 0 om / 0 (0.0%) gas / (0xa255dadb117c984497d8156b830ae6e0f92c69ea57f4893922e5519b80afcb68) in 0.002s. Peers: 7
2026-04-20 09:17:32.021-0500 | EthScheduler-Workers-0 | INFO  | PersistBlockTask | Imported empty block #1,198 / 0 tx / 0 om / 0 (0.0%) gas / (0x50a57b39f699c53cc8879af156ca8b6101b1acc82def3a2c43570aabd4ade8de) in 0.002s. Peers: 7
2026-04-20 09:17:37.016-0500 | EthScheduler-Workers-0 | INFO  | PersistBlockTask | Imported empty block #1,199 / 0 tx / 0 om / 0 (0.0%) gas / (0xfbf01014dec195ec5264e698af65aa2c0982d9a66648042a0a8ca8d077b334e7) in 0.003s. Peers: 7
2026-04-20 09:17:42.017-0500 | EthScheduler-Workers-0 | INFO  | PersistBlockTask | Imported empty block #1,200 / 0 tx / 0 om / 0 (0.0%) gas / (0xbd09e490055d04b9c80bef368c7f642b4e7ed9ab4da05da30501e2a2931298d0) in 0.004s. Peers: 7
2026-04-20 09:17:47.030-0500 | EthScheduler-Workers-0 | INFO  | PersistBlockTask | Imported empty block #1,201 / 0 tx / 0 om / 0 (0.0%) gas / (0xba8aadcf5eeb07900e2094b3a9e939a79258c3a9c532d75a2292fc4210edff01) in 0.008s. Peers: 7
2026-04-20 09:17:52.016-0500 | EthScheduler-Workers-0 | INFO  | PersistBlockTask | Imported empty block #1,202 / 0 tx / 0 om / 0 (0.0%) gas / (0x35de323717ffd02a8b758708c83850d740a3fd06dea14f2d4f410486f53f98c6) in 0.004s. Peers: 7
2026-04-20 09:17:57.018-0500 | EthScheduler-Workers-0 | INFO  | PersistBlockTask | Imported empty block #1,203 / 0 tx / 0 om / 0 (0.0%) gas / (0x02576f5a96cbc1d0214f296778cdece5d515e80c7e1fdaf4cb92e818c8a73058) in 0.003s. Peers: 7
2026-04-20 09:18:02.020-0500 | EthScheduler-Workers-0 | INFO  | PersistBlockTask | Imported empty block #1,204 / 0 tx / 0 om / 0 (0.0%) gas / (0xf3312d22014c070483ee8c20b5e59cd434a82efa7281aad0feb196e2d8bbbba7) in 0.003s. Peers: 7
2026-04-20 09:18:07.016-0500 | EthScheduler-Workers-0 | INFO  | PersistBlockTask | Imported empty block #1,205 / 0 tx / 0 om / 0 (0.0%) gas / (0xb840521f9ba062e749cf76566c97268fb575d53d9e1e60961ebf379a09a46e86) in 0.004s. Peers: 7
2026-04-20 09:18:12.024-0500 | EthScheduler-Workers-0 | INFO  | PersistBlockTask | Imported empty block #1,206 / 0 tx / 0 om / 0 (0.0%) gas / (0x842b4c259e1a2fc1ead3a6a96080681c5f02b1d58dfd2751ad657a7a61f90e16) in 0.004s. Peers: 7
2026-04-20 09:18:17.020-0500 | EthScheduler-Workers-0 | INFO  | PersistBlockTask | Imported empty block #1,207 / 0 tx / 0 om / 0 (0.0%) gas / (0x9f0593de8de2cc2840d4b8c5c67aea8b3ca19e0c37481bad1a6e06ebd7451b58) in 0.003s. Peers: 7
2026-04-20 09:18:22.018-0500 | EthScheduler-Workers-0 | INFO  | PersistBlockTask | Imported empty block #1,208 / 0 tx / 0 om / 0 (0.0%) gas / (0xa19b82f3a806e616605127dd0bd51de7d3953a6993641b87b575f628cfd31e17) in 0.005s. Peers: 7
2026-04-20 09:18:27.018-0500 | EthScheduler-Workers-0 | INFO  | PersistBlockTask | Imported empty block #1,209 / 0 tx / 0 om / 0 (0.0%) gas / (0xcc79a043cd054ac9193c388e21a01f5aa2c1634bef994639c67ab51b2a717ff0) in 0.003s. Peers: 7
2026-04-20 09:18:32.031-0500 | EthScheduler-Workers-0 | INFO  | PersistBlockTask | Imported empty block #1,210 / 0 tx / 0 om / 0 (0.0%) gas / (0x933c13fdaf0906fc9f2e4116feaae5283dc0c877c8036b5107fe067d866ca006) in 0.003s. Peers: 7
2026-04-20 09:18:37.017-0500 | EthScheduler-Workers-0 | INFO  | PersistBlockTask | Imported empty block #1,211 / 0 tx / 0 om / 0 (0.0%) gas / (0x7885f9f47b0d0e7a730bd54ee72e4d133eb19e0608e9b7507a0d09cc2e0c3713) in 0.004s. Peers: 7
2026-04-20 09:18:42.019-0500 | EthScheduler-Workers-0 | INFO  | PersistBlockTask | Imported empty block #1,212 / 0 tx / 0 om / 0 (0.0%) gas / (0x7c0924671893a4bea491c257300aefc7bdd6fc9764f8dd2a4456415c223911e8) in 0.002s. Peers: 7
2026-04-20 09:18:47.015-0500 | EthScheduler-Workers-0 | INFO  | PersistBlockTask | Imported empty block #1,213 / 0 tx / 0 om / 0 (0.0%) gas / (0x9324ffcbc04c2bb4f3bbb9bdc9b3cb3c2889222d709c5dcf91e9870936c71a6b) in 0.002s. Peers: 7
2026-04-20 09:18:52.030-0500 | EthScheduler-Workers-0 | INFO  | PersistBlockTask | Imported empty block #1,214 / 0 tx / 0 om / 0 (0.0%) gas / (0x380b12bbee469a57d3fe4f85c2250f0dbf9801bb16ae83afe58820a0c2946bae) in 0.004s. Peers: 7
2026-04-20 09:18:57.020-0500 | EthScheduler-Workers-0 | INFO  | PersistBlockTask | Imported empty block #1,215 / 0 tx / 0 om / 0 (0.0%) gas / (0x9765fb0acab1d634579977adf0f780bab74296f4233076ff23b60eb0e1312429) in 0.002s. Peers: 7
2026-04-20 09:19:02.024-0500 | EthScheduler-Workers-0 | INFO  | PersistBlockTask | Imported empty block #1,216 / 0 tx / 0 om / 0 (0.0%) gas / (0x4f5a72ae4f24ad8069e93722db0915b36b3c95a5b0954f8fde48f409ff73ad2a) in 0.002s. Peers: 7
2026-04-20 09:19:07.018-0500 | EthScheduler-Workers-0 | INFO  | PersistBlockTask | Imported empty block #1,217 / 0 tx / 0 om / 0 (0.0%) gas / (0x445386b65986836165eddb6d73cfae64cc221063e9c4b033f0bd29f0ef539481) in 0.003s. Peers: 7
2026-04-20 09:19:12.013-0500 | EthScheduler-Workers-0 | INFO  | PersistBlockTask | Imported empty block #1,218 / 0 tx / 0 om / 0 (0.0%) gas / (0x8f4372bac999031047cc9939f964ecc33cc279c14a16a7f3c47e13d1dc0a93da) in 0.003s. Peers: 7
2026-04-20 09:19:17.022-0500 | EthScheduler-Workers-0 | INFO  | PersistBlockTask | Imported empty block #1,219 / 0 tx / 0 om / 0 (0.0%) gas / (0xcfc72101d346566bda8336e7b3d2afd0790fa62cf2b7a2e23592a486e75e6ca8) in 0.004s. Peers: 7
2026-04-20 09:19:22.017-0500 | EthScheduler-Workers-0 | INFO  | PersistBlockTask | Imported empty block #1,220 / 0 tx / 0 om / 0 (0.0%) gas / (0xabefd7e63a2258188de308c18a7df82682b91cc137188ba11c06d5938a6d0e6c) in 0.003s. Peers: 7
2026-04-20 09:19:27.019-0500 | EthScheduler-Workers-0 | INFO  | PersistBlockTask | Imported empty block #1,221 / 0 tx / 0 om / 0 (0.0%) gas / (0xc039e35fdf4c958cb7bd1310f33e160a8381825a9c3803ad7027f757da651282) in 0.004s. Peers: 7
2026-04-20 09:19:32.012-0500 | EthScheduler-Workers-0 | INFO  | PersistBlockTask | Imported empty block #1,222 / 0 tx / 0 om / 0 (0.0%) gas / (0x650d93bc6631d3f578809397971d46b97c8781a0d2d97596ca0dd9e36097cbc1) in 0.002s. Peers: 7
2026-04-20 09:19:37.017-0500 | EthScheduler-Workers-0 | INFO  | PersistBlockTask | Imported empty block #1,223 / 0 tx / 0 om / 0 (0.0%) gas / (0xd94e5d25c21e24d4eb50ad25c72a04d90476686917b030ae84330c4f69c8b47d) in 0.003s. Peers: 7
2026-04-20 09:19:42.014-0500 | EthScheduler-Workers-0 | INFO  | PersistBlockTask | Imported empty block #1,224 / 0 tx / 0 om / 0 (0.0%) gas / (0x5c3a6c35f9a03453340259946f7e96ba20be97fc3c01f44b49c19b50f67257a3) in 0.004s. Peers: 7
2026-04-20 09:19:47.030-0500 | EthScheduler-Workers-0 | INFO  | PersistBlockTask | Imported empty block #1,225 / 0 tx / 0 om / 0 (0.0%) gas / (0x80bc38f7b3b83e14755eaf577d1f5bdf6ebbe26fb821ce4b09d419b30cbb749d) in 0.004s. Peers: 7
2026-04-20 09:19:52.017-0500 | EthScheduler-Workers-0 | INFO  | PersistBlockTask | Imported empty block #1,226 / 0 tx / 0 om / 0 (0.0%) gas / (0x1d60bfa54afedc55137c6997a6f46ca594a8fdabed0946cd60adc6f8283f5ad0) in 0.002s. Peers: 7
2026-04-20 09:19:57.016-0500 | EthScheduler-Workers-0 | INFO  | PersistBlockTask | Imported empty block #1,227 / 0 tx / 0 om / 0 (0.0%) gas / (0xb3551e24404d896d08defc7076dbed7c3223f6f7b79b2d076bf4bb6614fa7b55) in 0.002s. Peers: 7
2026-04-20 09:20:02.017-0500 | EthScheduler-Workers-0 | INFO  | PersistBlockTask | Imported empty block #1,228 / 0 tx / 0 om / 0 (0.0%) gas / (0x0e1e8692c417493d8630339177ecde951ad7df7c20e8af9e96b98115dba2679b) in 0.002s. Peers: 7
2026-04-20 09:20:07.023-0500 | EthScheduler-Workers-0 | INFO  | PersistBlockTask | Imported empty block #1,229 / 0 tx / 0 om / 0 (0.0%) gas / (0xa789a25ed558566a24438327698e5bac698de18f74620635a2d3e90965e19335) in 0.003s. Peers: 7
2026-04-20 09:20:12.014-0500 | EthScheduler-Workers-0 | INFO  | PersistBlockTask | Imported empty block #1,230 / 0 tx / 0 om / 0 (0.0%) gas / (0x5b46ae0de21530ee3ddc1e1d55b75b86b371ab194a8aad8f25c8630ad82996c9) in 0.002s. Peers: 7
2026-04-20 09:20:17.018-0500 | EthScheduler-Workers-0 | INFO  | PersistBlockTask | Imported empty block #1,231 / 0 tx / 0 om / 0 (0.0%) gas / (0xad4f99e650388140edc6d0b89d8957a0ac5358301a2abcbb304bd4dadb860601) in 0.003s. Peers: 7
2026-04-20 09:20:22.019-0500 | EthScheduler-Workers-0 | INFO  | PersistBlockTask | Imported empty block #1,232 / 0 tx / 0 om / 0 (0.0%) gas / (0x90f6b1e7b41a33afa7adec1084440184d1930de2f56f1afa9b0c8644613ef0a1) in 0.005s. Peers: 7
2026-04-20 09:20:27.014-0500 | EthScheduler-Workers-0 | INFO  | PersistBlockTask | Imported empty block #1,233 / 0 tx / 0 om / 0 (0.0%) gas / (0x79637ce2c98e62841ee1676e4c847e159c7f81c85d2dcbc35be4b5f04ed68e55) in 0.002s. Peers: 7
2026-04-20 09:20:32.017-0500 | EthScheduler-Workers-0 | INFO  | PersistBlockTask | Imported empty block #1,234 / 0 tx / 0 om / 0 (0.0%) gas / (0xebba75259f1faff8b0848f6b223b8071691d8a9f1ee89f55c5e528dd3915c308) in 0.004s. Peers: 7
2026-04-20 09:20:37.015-0500 | EthScheduler-Workers-0 | INFO  | PersistBlockTask | Imported empty block #1,235 / 0 tx / 0 om / 0 (0.0%) gas / (0x3e4bc2268f65cad94ce93d06542ff12982e01ece5dd76fc8b05963df0a4da62d) in 0.003s. Peers: 7
2026-04-20 09:20:42.013-0500 | EthScheduler-Workers-0 | INFO  | PersistBlockTask | Imported empty block #1,236 / 0 tx / 0 om / 0 (0.0%) gas / (0xb73c8d0b14af4873aeab3e37b1eafc6ad494c2543aba493498d722613de2455b) in 0.002s. Peers: 7
2026-04-20 09:20:47.012-0500 | EthScheduler-Workers-0 | INFO  | PersistBlockTask | Imported empty block #1,237 / 0 tx / 0 om / 0 (0.0%) gas / (0x53eb5a54620b920461069fe6f140b966b45c8acff1111421afc01a6e2e9cd7fd) in 0.002s. Peers: 7
2026-04-20 09:20:52.013-0500 | EthScheduler-Workers-0 | INFO  | PersistBlockTask | Imported empty block #1,238 / 0 tx / 0 om / 0 (0.0%) gas / (0xa9cc9ada4757a16e046cefe7f07caaadef1231306842f065210c00243e0c30e3) in 0.003s. Peers: 7
2026-04-20 09:20:57.023-0500 | EthScheduler-Workers-0 | INFO  | PersistBlockTask | Imported empty block #1,239 / 0 tx / 0 om / 0 (0.0%) gas / (0x6063012f2ab051b196a60420ed768501cb3e356820edf4a2d8a5cf4477261635) in 0.007s. Peers: 7
2026-04-20 09:21:02.027-0500 | EthScheduler-Workers-0 | INFO  | PersistBlockTask | Imported empty block #1,240 / 0 tx / 0 om / 0 (0.0%) gas / (0xa76eabe8babcbbae8be0a27bc81016e84978d7ccf55b088e65803707ef8c049b) in 0.003s. Peers: 7
2026-04-20 09:21:07.015-0500 | EthScheduler-Workers-0 | INFO  | PersistBlockTask | Imported empty block #1,241 / 0 tx / 0 om / 0 (0.0%) gas / (0x208ea803f1833f68a9bf2fa9a318f8db8fd4741b81b99edf5195949cfb0b8f14) in 0.003s. Peers: 7
2026-04-20 09:21:12.020-0500 | EthScheduler-Workers-0 | INFO  | PersistBlockTask | Imported empty block #1,242 / 0 tx / 0 om / 0 (0.0%) gas / (0x2d67d87f1b7c97dae9e7a1bb1224c3846f9858132821ac27f822e16b17e20fd0) in 0.003s. Peers: 7
2026-04-20 09:21:17.032-0500 | EthScheduler-Workers-0 | INFO  | PersistBlockTask | Imported empty block #1,243 / 0 tx / 0 om / 0 (0.0%) gas / (0xf1f8ca220489f3c9119cfa55b1479b9f131e97b49a4d676d244252885756281a) in 0.003s. Peers: 7
2026-04-20 09:21:22.021-0500 | EthScheduler-Workers-0 | INFO  | PersistBlockTask | Imported empty block #1,244 / 0 tx / 0 om / 0 (0.0%) gas / (0xf2d514d209cb233275aa374d29a0c0c38d04ae241a37d3959336c83994f2f4d2) in 0.005s. Peers: 7
2026-04-20 09:21:27.025-0500 | EthScheduler-Workers-0 | INFO  | PersistBlockTask | Imported empty block #1,245 / 0 tx / 0 om / 0 (0.0%) gas / (0x42bfb0011921b61d2e20e45312113cd240af2d11804789491e7225b0b114eacc) in 0.003s. Peers: 7
2026-04-20 09:21:32.024-0500 | EthScheduler-Workers-0 | INFO  | PersistBlockTask | Imported empty block #1,246 / 0 tx / 0 om / 0 (0.0%) gas / (0x44af114c1acf0f1fac644d1d524135e007ec18e16759a1d0a8bc8ee280262c20) in 0.003s. Peers: 7
2026-04-20 09:21:37.020-0500 | EthScheduler-Workers-0 | INFO  | PersistBlockTask | Imported empty block #1,247 / 0 tx / 0 om / 0 (0.0%) gas / (0xaed70613faf171fd61623886e6c011b6f3c972158a5de79b6a6943c3a0ff4057) in 0.004s. Peers: 7
2026-04-20 09:21:42.019-0500 | EthScheduler-Workers-0 | INFO  | PersistBlockTask | Imported empty block #1,248 / 0 tx / 0 om / 0 (0.0%) gas / (0xd8c6dbaedf164fea68ba4c7ba5a57ce61334d8a08f05f53de327fa193f0b870c) in 0.006s. Peers: 7
2026-04-20 09:21:47.027-0500 | EthScheduler-Workers-0 | INFO  | PersistBlockTask | Imported empty block #1,249 / 0 tx / 0 om / 0 (0.0%) gas / (0xdcf25dce9194e6fd9deab00d9978031793c906acf6b7264e24eb0096f5595412) in 0.006s. Peers: 7
2026-04-20 09:21:52.022-0500 | EthScheduler-Workers-0 | INFO  | PersistBlockTask | Imported empty block #1,250 / 0 tx / 0 om / 0 (0.0%) gas / (0xddc6524a3c693163af77823290902a1257a0d308371f414435cc68e7d1578132) in 0.003s. Peers: 7
2026-04-20 09:21:57.019-0500 | EthScheduler-Workers-0 | INFO  | PersistBlockTask | Imported empty block #1,251 / 0 tx / 0 om / 0 (0.0%) gas / (0x415235d1b94ce0c995859baa044d86b51e5b598794bdf2779d23b682320dc3e6) in 0.005s. Peers: 7
2026-04-20 09:22:02.023-0500 | EthScheduler-Workers-0 | INFO  | PersistBlockTask | Imported empty block #1,252 / 0 tx / 0 om / 0 (0.0%) gas / (0x573d71e98c97ded88863797229cbd73995ccdc669ef5513bd7f187b618fbb03d) in 0.003s. Peers: 7
2026-04-20 09:22:07.020-0500 | EthScheduler-Workers-0 | INFO  | PersistBlockTask | Imported empty block #1,253 / 0 tx / 0 om / 0 (0.0%) gas / (0xc2b65a26b795ff6d7607e7abd211c89bc3f591e60a9852e830d337dd9b9101c2) in 0.003s. Peers: 7
2026-04-20 09:22:12.020-0500 | EthScheduler-Workers-0 | INFO  | PersistBlockTask | Imported empty block #1,254 / 0 tx / 0 om / 0 (0.0%) gas / (0xe2535ae392384439b0a5c4fd9dd34349a4102925cf2e36798a6604c5d1fd7c97) in 0.005s. Peers: 7
2026-04-20 09:22:17.014-0500 | EthScheduler-Workers-0 | INFO  | PersistBlockTask | Imported empty block #1,255 / 0 tx / 0 om / 0 (0.0%) gas / (0xa101aa06432f3e8c84b5389fc9beedb43b4d94469627a84e79183e06e7743330) in 0.002s. Peers: 7
2026-04-20 09:22:22.010-0500 | EthScheduler-Workers-0 | INFO  | PersistBlockTask | Imported empty block #1,256 / 0 tx / 0 om / 0 (0.0%) gas / (0x150f05eef2d4f3a0b61ad734da8c796a164e0202b3e7a25da139271a7e77bca5) in 0.002s. Peers: 7
2026-04-20 09:22:27.013-0500 | EthScheduler-Workers-0 | INFO  | PersistBlockTask | Imported empty block #1,257 / 0 tx / 0 om / 0 (0.0%) gas / (0x80f4fa5a0e29159e5262a4e5736229501a24caf88726a89283d7bc1279cdf540) in 0.002s. Peers: 7
2026-04-20 09:22:32.012-0500 | EthScheduler-Workers-0 | INFO  | PersistBlockTask | Imported empty block #1,258 / 0 tx / 0 om / 0 (0.0%) gas / (0xe04d350f973c3963ccae7b4d628d648654a4f04be2676d0ed1d189313a704d76) in 0.002s. Peers: 7
2026-04-20 09:22:37.015-0500 | EthScheduler-Workers-0 | INFO  | PersistBlockTask | Imported empty block #1,259 / 0 tx / 0 om / 0 (0.0%) gas / (0x0954ee2e460b914e987cc5a630f2e649bdb3e3980716843b775a8d4539576092) in 0.002s. Peers: 7
2026-04-20 09:22:42.017-0500 | EthScheduler-Workers-0 | INFO  | PersistBlockTask | Imported empty block #1,260 / 0 tx / 0 om / 0 (0.0%) gas / (0x2a2db9bc685eadcf5210e8093723da9ae21d427c69aba468b722e53e16433b95) in 0.004s. Peers: 7
2026-04-20 09:22:47.018-0500 | EthScheduler-Workers-0 | INFO  | PersistBlockTask | Imported empty block #1,261 / 0 tx / 0 om / 0 (0.0%) gas / (0x87e83475aa636c7af1856b8bce0122ac7510cb3fae7fdf01373bfabec4a58bd9) in 0.004s. Peers: 7
2026-04-20 09:22:52.015-0500 | EthScheduler-Workers-0 | INFO  | PersistBlockTask | Imported empty block #1,262 / 0 tx / 0 om / 0 (0.0%) gas / (0x1f7ef068f6e1a4ed233e5d19985216630bb5958d0243b5af00a65aa01606a481) in 0.001s. Peers: 7
2026-04-20 09:22:57.019-0500 | EthScheduler-Workers-0 | INFO  | PersistBlockTask | Imported empty block #1,263 / 0 tx / 0 om / 0 (0.0%) gas / (0xf3151c14bd7e6f7ef749d90ec4515f6c99c4a0eb583da89aebe3ebdd8f08060b) in 0.003s. Peers: 7
2026-04-20 09:23:02.024-0500 | EthScheduler-Workers-0 | INFO  | PersistBlockTask | Imported empty block #1,264 / 0 tx / 0 om / 0 (0.0%) gas / (0x8e55ba85c679a2bb996adffe2a186f3bab2d9234477010739a94a6031c76c491) in 0.004s. Peers: 7
2026-04-20 09:23:07.013-0500 | EthScheduler-Workers-0 | INFO  | PersistBlockTask | Imported empty block #1,265 / 0 tx / 0 om / 0 (0.0%) gas / (0x65a4d0e50fd757e428476b0c88b73022192db20cc0a2608b026b0bb3e286b410) in 0.002s. Peers: 7
2026-04-20 09:23:12.015-0500 | EthScheduler-Workers-0 | INFO  | PersistBlockTask | Imported empty block #1,266 / 0 tx / 0 om / 0 (0.0%) gas / (0x3718cd1cdb94d8b8edfae5e951b78f4248939b1830d6b532dc07fa43f5d08455) in 0.004s. Peers: 7
2026-04-20 09:23:17.014-0500 | EthScheduler-Workers-0 | INFO  | PersistBlockTask | Imported empty block #1,267 / 0 tx / 0 om / 0 (0.0%) gas / (0x796d6f013b652c4a72db4bcc0e3278857158e733067e83ddeda422d4db77a77d) in 0.002s. Peers: 7
2026-04-20 09:23:22.014-0500 | EthScheduler-Workers-0 | INFO  | PersistBlockTask | Imported empty block #1,268 / 0 tx / 0 om / 0 (0.0%) gas / (0x483cc9cc1f0d88f678676aee88db8bb3ef819ab7cbf3508fe003b91a161ed120) in 0.003s. Peers: 7
2026-04-20 09:23:27.020-0500 | EthScheduler-Workers-0 | INFO  | PersistBlockTask | Imported empty block #1,269 / 0 tx / 0 om / 0 (0.0%) gas / (0x128c68d33e753f9d4bb495b11751ceb2f2eb2513c36aa310c797840c76022e50) in 0.005s. Peers: 7
2026-04-20 09:23:32.015-0500 | EthScheduler-Workers-0 | INFO  | PersistBlockTask | Imported empty block #1,270 / 0 tx / 0 om / 0 (0.0%) gas / (0x108ea1dd8cb56ce05eec60061b11564837240d4678ebabfe7faf5f827f0a3384) in 0.003s. Peers: 7
2026-04-20 09:23:37.014-0500 | EthScheduler-Workers-0 | INFO  | PersistBlockTask | Imported empty block #1,271 / 0 tx / 0 om / 0 (0.0%) gas / (0x4abfc887694e73144d31daaf84e5128df6be771604cc3cb644f241849a61a32e) in 0.004s. Peers: 7
2026-04-20 09:23:42.017-0500 | EthScheduler-Workers-0 | INFO  | PersistBlockTask | Imported empty block #1,272 / 0 tx / 0 om / 0 (0.0%) gas / (0x0b8463d1a590193f17c44d878cfdfe9fa4f2454feb92f57fcb6b734b3cf7bec4) in 0.005s. Peers: 7
2026-04-20 09:23:47.016-0500 | EthScheduler-Workers-0 | INFO  | PersistBlockTask | Imported empty block #1,273 / 0 tx / 0 om / 0 (0.0%) gas / (0x69e661201a5b23f059cad2720ecf8471333f58cef8f296f6c62bfc4d3c9bfdb7) in 0.002s. Peers: 7
2026-04-20 09:23:52.018-0500 | EthScheduler-Workers-0 | INFO  | PersistBlockTask | Imported empty block #1,274 / 0 tx / 0 om / 0 (0.0%) gas / (0x027c92107841eb1b386d931d02703166f83e5030e4cc1ee7b3155f8166b9a22c) in 0.003s. Peers: 7
2026-04-20 09:23:57.017-0500 | EthScheduler-Workers-0 | INFO  | PersistBlockTask | Imported empty block #1,275 / 0 tx / 0 om / 0 (0.0%) gas / (0x17a2e7d5d07ac1a2814533fd665e93d679901b1bee1a8d81f02c439b3c89dfdc) in 0.002s. Peers: 7
2026-04-20 09:24:02.015-0500 | EthScheduler-Workers-0 | INFO  | PersistBlockTask | Imported empty block #1,276 / 0 tx / 0 om / 0 (0.0%) gas / (0xb63cd6a3c491625c11d899ae2fcbbd1f3c1adaea3f228f16cf82c91d109acd55) in 0.003s. Peers: 7
2026-04-20 09:24:07.013-0500 | EthScheduler-Workers-0 | INFO  | PersistBlockTask | Imported empty block #1,277 / 0 tx / 0 om / 0 (0.0%) gas / (0xbb1dcd66cdfd4a956586db856fb0bb25ea12942e70577e09c54caa069ba2c221) in 0.003s. Peers: 7
2026-04-20 09:24:12.012-0500 | EthScheduler-Workers-0 | INFO  | PersistBlockTask | Imported empty block #1,278 / 0 tx / 0 om / 0 (0.0%) gas / (0xd9e4abd73ac28434e4b9453f330ba9e5e18415b48e575f28d14b133beed6f605) in 0.002s. Peers: 7
2026-04-20 09:24:17.014-0500 | EthScheduler-Workers-0 | INFO  | PersistBlockTask | Imported empty block #1,279 / 0 tx / 0 om / 0 (0.0%) gas / (0x1c1649d6375f5b181768b364843d0a7fc60ada7422270d6385805d8dadd24495) in 0.003s. Peers: 7
2026-04-20 09:24:22.015-0500 | EthScheduler-Workers-0 | INFO  | PersistBlockTask | Imported empty block #1,280 / 0 tx / 0 om / 0 (0.0%) gas / (0x003b864debd3aebb1c039b90aa0eec84a6c07002ed6c9d87d6fa1c0d5e5116fd) in 0.002s. Peers: 7
2026-04-20 09:24:27.014-0500 | EthScheduler-Workers-0 | INFO  | PersistBlockTask | Imported empty block #1,281 / 0 tx / 0 om / 0 (0.0%) gas / (0x53ef675766b735587af88cf4ebaa8ee3e9a775d5ff996f34e4a14eab437f11a9) in 0.002s. Peers: 7
2026-04-20 09:24:32.012-0500 | EthScheduler-Workers-0 | INFO  | PersistBlockTask | Imported empty block #1,282 / 0 tx / 0 om / 0 (0.0%) gas / (0x0c6c07f88012dcf92fcbdce5deb31e976d278dd84e258970638806ed9bbb4ae1) in 0.002s. Peers: 7
2026-04-20 09:24:37.018-0500 | EthScheduler-Workers-0 | INFO  | PersistBlockTask | Imported empty block #1,283 / 0 tx / 0 om / 0 (0.0%) gas / (0xbee93cbe1418b8e56098f0a06d15d472df21a64f463b54b662f963cf01675a29) in 0.003s. Peers: 7
2026-04-20 09:24:42.015-0500 | EthScheduler-Workers-0 | INFO  | PersistBlockTask | Imported empty block #1,284 / 0 tx / 0 om / 0 (0.0%) gas / (0xe2de67e00e32e0e30ba600092177ba96aa1ed6ee1bc5bfff990659b319e7933c) in 0.002s. Peers: 7
2026-04-20 09:24:47.015-0500 | EthScheduler-Workers-0 | INFO  | PersistBlockTask | Imported empty block #1,285 / 0 tx / 0 om / 0 (0.0%) gas / (0x7582459ec2e8417f6238711ca45285f03a2066ab66a83a611aceda8d04ec78e0) in 0.004s. Peers: 7
2026-04-20 09:24:52.022-0500 | EthScheduler-Workers-0 | INFO  | PersistBlockTask | Imported empty block #1,286 / 0 tx / 0 om / 0 (0.0%) gas / (0xfba91ce2f4517e52a329268c575e241035045ae81f3086664d75c9ff57218fb8) in 0.005s. Peers: 7
2026-04-20 09:24:57.011-0500 | EthScheduler-Workers-0 | INFO  | PersistBlockTask | Imported empty block #1,287 / 0 tx / 0 om / 0 (0.0%) gas / (0xfca918d5b7a111085a989b3e0a7757d91ae85a72f4f8c9391dd7e81b9c8478ce) in 0.002s. Peers: 7
2026-04-20 09:25:02.015-0500 | EthScheduler-Workers-0 | INFO  | PersistBlockTask | Imported empty block #1,288 / 0 tx / 0 om / 0 (0.0%) gas / (0xfbcbeb32bc80726654e02ea9cbdc074552a7ed58944ff5d7903e7c42b7f0517d) in 0.003s. Peers: 7
2026-04-20 09:25:07.020-0500 | EthScheduler-Workers-0 | INFO  | PersistBlockTask | Imported empty block #1,289 / 0 tx / 0 om / 0 (0.0%) gas / (0x043fdb2f2fcf43b220ddd0ab31065bdf970e9dfbb9d8dbb65d2649280c883234) in 0.004s. Peers: 7
2026-04-20 09:25:12.018-0500 | EthScheduler-Workers-0 | INFO  | PersistBlockTask | Imported empty block #1,290 / 0 tx / 0 om / 0 (0.0%) gas / (0xc90ebe5ba0b68e172317a909edeada7c95bdd06e55b6acac9780c69c3a4cb21f) in 0.002s. Peers: 7
2026-04-20 09:25:17.029-0500 | EthScheduler-Workers-0 | INFO  | PersistBlockTask | Imported empty block #1,291 / 0 tx / 0 om / 0 (0.0%) gas / (0x6216642513f40c57f2c33e2eab18e7b2f461ca251eaba3e4c59968c451c66484) in 0.005s. Peers: 7
2026-04-20 09:25:22.017-0500 | EthScheduler-Workers-0 | INFO  | PersistBlockTask | Imported empty block #1,292 / 0 tx / 0 om / 0 (0.0%) gas / (0x64d0be2ba7614a592ee78329b5afc72b8a78a5614baac5f61a534730d5626bf3) in 0.003s. Peers: 7
2026-04-20 09:25:27.013-0500 | EthScheduler-Workers-0 | INFO  | PersistBlockTask | Imported empty block #1,293 / 0 tx / 0 om / 0 (0.0%) gas / (0x5e7b2f0363bda1ac72696bb1c5d48e7b7d7c3942f377e28d3f7fd4a6e4ffaff1) in 0.002s. Peers: 7
2026-04-20 09:25:32.013-0500 | EthScheduler-Workers-0 | INFO  | PersistBlockTask | Imported empty block #1,294 / 0 tx / 0 om / 0 (0.0%) gas / (0xe6562e22c51ee5dad16fea5415bd14599022c48cd675fe63910f93d1b4cd83f3) in 0.003s. Peers: 7
2026-04-20 09:25:37.019-0500 | EthScheduler-Workers-0 | INFO  | PersistBlockTask | Imported empty block #1,295 / 0 tx / 0 om / 0 (0.0%) gas / (0xd8e0346667ee38089341695553f9d5f7e544a8d8897f0ada31db3a54dfdc1dd4) in 0.002s. Peers: 7
2026-04-20 09:25:42.021-0500 | EthScheduler-Workers-0 | INFO  | PersistBlockTask | Imported empty block #1,296 / 0 tx / 0 om / 0 (0.0%) gas / (0x0ac3d744f9c48ae0a7c34342b1b5bb007d8b115e0a91f245e3719a076acfebb6) in 0.004s. Peers: 7
2026-04-20 09:25:47.021-0500 | EthScheduler-Workers-0 | INFO  | PersistBlockTask | Imported empty block #1,297 / 0 tx / 0 om / 0 (0.0%) gas / (0xe7476b412f4648d9f4eb0062ddd9f6df6d2e221de08c7b877bf5151939cd3b6b) in 0.003s. Peers: 7
2026-04-20 09:25:52.020-0500 | EthScheduler-Workers-0 | INFO  | PersistBlockTask | Imported empty block #1,298 / 0 tx / 0 om / 0 (0.0%) gas / (0x0668843719dd9354a7b033d0b27d615e853286b48d348bb0e580cb0b697dc696) in 0.003s. Peers: 7
2026-04-20 09:25:57.016-0500 | EthScheduler-Workers-0 | INFO  | PersistBlockTask | Imported empty block #1,299 / 0 tx / 0 om / 0 (0.0%) gas / (0xf1d2ae21b1be883d116c55f8cf59372ffcbac912709a7cb0a02309c0ddb27506) in 0.003s. Peers: 7
2026-04-20 09:26:02.021-0500 | EthScheduler-Workers-0 | INFO  | PersistBlockTask | Imported empty block #1,300 / 0 tx / 0 om / 0 (0.0%) gas / (0xb530b6fae8d33fc70badea82eb8c53b64ce54e567c973b56df19946c2e814ebf) in 0.002s. Peers: 7
2026-04-20 09:26:07.018-0500 | EthScheduler-Workers-0 | INFO  | PersistBlockTask | Imported empty block #1,301 / 0 tx / 0 om / 0 (0.0%) gas / (0xda6cbfa5e60566589a2b397cf6202e13fe960031f8a260a113d5af5b415bf12c) in 0.003s. Peers: 7
2026-04-20 09:26:12.019-0500 | EthScheduler-Workers-0 | INFO  | PersistBlockTask | Imported empty block #1,302 / 0 tx / 0 om / 0 (0.0%) gas / (0x94db3d5c8d10c73758b9ae99a8953f99890490bb6da66027376a01c55f1bd14d) in 0.002s. Peers: 7
2026-04-20 09:26:17.016-0500 | EthScheduler-Workers-0 | INFO  | PersistBlockTask | Imported empty block #1,303 / 0 tx / 0 om / 0 (0.0%) gas / (0xa348b59723f935fed5afccf7bc6a6cf0067380c7e00e9e8b75e2e060c4aebbc1) in 0.002s. Peers: 7
2026-04-20 09:26:22.013-0500 | EthScheduler-Workers-0 | INFO  | PersistBlockTask | Imported empty block #1,304 / 0 tx / 0 om / 0 (0.0%) gas / (0x1458b328ba67976845a079fe7891a8bcd5d3c244c8b1fb3704a29118d97836bf) in 0.002s. Peers: 7
2026-04-20 09:26:27.021-0500 | EthScheduler-Workers-0 | INFO  | PersistBlockTask | Imported empty block #1,305 / 0 tx / 0 om / 0 (0.0%) gas / (0xefddeb3e700fca7806a358ec11e17a2ac4d1853f5643b0bff0601970162055b4) in 0.002s. Peers: 7
2026-04-20 09:26:32.014-0500 | EthScheduler-Workers-0 | INFO  | PersistBlockTask | Imported empty block #1,306 / 0 tx / 0 om / 0 (0.0%) gas / (0xa8df373ca5b9499bc0320f2431684c5019d839df762a9639c8b8d73d78c490ce) in 0.002s. Peers: 7
2026-04-20 09:26:37.021-0500 | EthScheduler-Workers-0 | INFO  | PersistBlockTask | Imported empty block #1,307 / 0 tx / 0 om / 0 (0.0%) gas / (0x2231af04ff70059abef941590b948e089007be5a44e0a6f4fa43ccb08cf355e4) in 0.005s. Peers: 7
2026-04-20 09:26:42.011-0500 | EthScheduler-Workers-0 | INFO  | PersistBlockTask | Imported empty block #1,308 / 0 tx / 0 om / 0 (0.0%) gas / (0x2c82f98de9431a2b20fe49fd700284b2994d0962a5f457a9fc7be3c000044108) in 0.003s. Peers: 7
2026-04-20 09:26:47.020-0500 | EthScheduler-Workers-0 | INFO  | PersistBlockTask | Imported empty block #1,309 / 0 tx / 0 om / 0 (0.0%) gas / (0x6935673bd623c369892d0bcbe62fa2f751fa56a695f381d39138c59a1b66508b) in 0.003s. Peers: 7
2026-04-20 09:26:52.012-0500 | EthScheduler-Workers-0 | INFO  | PersistBlockTask | Imported empty block #1,310 / 0 tx / 0 om / 0 (0.0%) gas / (0x364d870edc3addc67f5c1ae3aa3acb88a8262fd6abfb33426afc5dac3d5ff72d) in 0.002s. Peers: 7
2026-04-20 09:26:57.020-0500 | EthScheduler-Workers-0 | INFO  | PersistBlockTask | Imported empty block #1,311 / 0 tx / 0 om / 0 (0.0%) gas / (0xa8dba64b88e2837dd8bbdecd24e152b0f4cd0af9ccdfb9fd9deb85964a6072c9) in 0.005s. Peers: 7
2026-04-20 09:27:02.020-0500 | EthScheduler-Workers-0 | INFO  | PersistBlockTask | Imported empty block #1,312 / 0 tx / 0 om / 0 (0.0%) gas / (0x4561e96234a4f4161c35fd795d75f9622371b6fdaf44b90f3b577dc8367ceae3) in 0.003s. Peers: 7
2026-04-20 09:27:07.019-0500 | EthScheduler-Workers-0 | INFO  | PersistBlockTask | Imported empty block #1,313 / 0 tx / 0 om / 0 (0.0%) gas / (0xb52207cb27de069ac69004ae925828bab7c1b27fdb95fbe07ef95367f52bc0b8) in 0.003s. Peers: 7
2026-04-20 09:27:12.023-0500 | EthScheduler-Workers-0 | INFO  | PersistBlockTask | Imported empty block #1,314 / 0 tx / 0 om / 0 (0.0%) gas / (0x8ecea830a660214ea0173f8e4a370b629e97a7446e81f7d9af34196c51f4f01e) in 0.004s. Peers: 7
2026-04-20 09:27:17.019-0500 | EthScheduler-Workers-0 | INFO  | PersistBlockTask | Imported empty block #1,315 / 0 tx / 0 om / 0 (0.0%) gas / (0x2977f868fb213270d7f30ea90a4728833fa9f328c46cf886656c11393819c929) in 0.002s. Peers: 7
2026-04-20 09:27:22.013-0500 | EthScheduler-Workers-0 | INFO  | PersistBlockTask | Imported empty block #1,316 / 0 tx / 0 om / 0 (0.0%) gas / (0xd1e58cfe561b2a52951dea2956eeafcd6d2909976054f0207f87fc3c06064f70) in 0.002s. Peers: 7
2026-04-20 09:27:27.012-0500 | EthScheduler-Workers-0 | INFO  | PersistBlockTask | Imported empty block #1,317 / 0 tx / 0 om / 0 (0.0%) gas / (0xbe3a555d14fa7feef7243a7d6efba7533c872766857934476d3650f5bccd2711) in 0.002s. Peers: 7
2026-04-20 09:27:32.011-0500 | EthScheduler-Workers-0 | INFO  | PersistBlockTask | Imported empty block #1,318 / 0 tx / 0 om / 0 (0.0%) gas / (0x78617fd9eda5182cda49a499f142188f71296ee17eb0c317aa5593c32fb16528) in 0.003s. Peers: 7
2026-04-20 09:27:37.019-0500 | EthScheduler-Workers-0 | INFO  | PersistBlockTask | Imported empty block #1,319 / 0 tx / 0 om / 0 (0.0%) gas / (0x109654244cc63aad9bb7ce706e85c222d01936a156f70f75fa6644b876cde1b9) in 0.004s. Peers: 7
2026-04-20 09:27:42.012-0500 | EthScheduler-Workers-0 | INFO  | PersistBlockTask | Imported empty block #1,320 / 0 tx / 0 om / 0 (0.0%) gas / (0x62bce18b5263ef7092d6a66939a591776572a29bccc78ccc1e4945fca12d5b1c) in 0.002s. Peers: 7
2026-04-20 09:27:47.018-0500 | EthScheduler-Workers-0 | INFO  | PersistBlockTask | Imported empty block #1,321 / 0 tx / 0 om / 0 (0.0%) gas / (0xb687beab60bd545e9bf161704e52cffec3d55c231b71ff04a4e7c322f8bc04b5) in 0.004s. Peers: 7
2026-04-20 09:27:52.022-0500 | EthScheduler-Workers-0 | INFO  | PersistBlockTask | Imported empty block #1,322 / 0 tx / 0 om / 0 (0.0%) gas / (0x74211d2cd3aa1dbacbe301188369ac8ffa60727a3d7df9b18239d95baab8eb1a) in 0.002s. Peers: 7
2026-04-20 09:27:57.019-0500 | EthScheduler-Workers-0 | INFO  | PersistBlockTask | Imported empty block #1,323 / 0 tx / 0 om / 0 (0.0%) gas / (0xefadcd0415536a51e0375a4d1d10f864babc6f5bcb5d01be3b080f3dc2ee4112) in 0.004s. Peers: 7
2026-04-20 09:28:02.016-0500 | EthScheduler-Workers-0 | INFO  | PersistBlockTask | Imported empty block #1,324 / 0 tx / 0 om / 0 (0.0%) gas / (0x8ad192e4904900e1bb0cdef4ce147249e7d4aa8fde8d334dedcd60a63d759618) in 0.003s. Peers: 7
2026-04-20 09:28:07.015-0500 | EthScheduler-Workers-0 | INFO  | PersistBlockTask | Imported empty block #1,325 / 0 tx / 0 om / 0 (0.0%) gas / (0x31d955c212a52383d7dd3141ad6c2df741d46a9e19ce8dfdf066785eb80fb3af) in 0.002s. Peers: 7
2026-04-20 09:28:12.018-0500 | EthScheduler-Workers-0 | INFO  | PersistBlockTask | Imported empty block #1,326 / 0 tx / 0 om / 0 (0.0%) gas / (0xbb6a1e3fc12c0ace85b4803f96c5a8cee725212f07e56e90d303f2f5279fbb0b) in 0.003s. Peers: 7
2026-04-20 09:28:17.022-0500 | EthScheduler-Workers-0 | INFO  | PersistBlockTask | Imported empty block #1,327 / 0 tx / 0 om / 0 (0.0%) gas / (0xc5a3395ce1bc3ce837143d2bd3caf1ca9ea491f8833a11d19a133a3d77ee1253) in 0.003s. Peers: 7
2026-04-20 09:28:22.014-0500 | EthScheduler-Workers-0 | INFO  | PersistBlockTask | Imported empty block #1,328 / 0 tx / 0 om / 0 (0.0%) gas / (0x20fa7ff92a300afe8484a9f294b0e67093fcfd5b8931a3738b51a073452e8be9) in 0.003s. Peers: 7
2026-04-20 09:28:27.013-0500 | EthScheduler-Workers-0 | INFO  | PersistBlockTask | Imported empty block #1,329 / 0 tx / 0 om / 0 (0.0%) gas / (0xf30af51e5ca5e992d27706bfda94bfaedf4743eb6350360a01036aa5b1c2ec30) in 0.002s. Peers: 7
2026-04-20 09:28:32.014-0500 | EthScheduler-Workers-0 | INFO  | PersistBlockTask | Imported empty block #1,330 / 0 tx / 0 om / 0 (0.0%) gas / (0xcd8860a762b2f4750e4f49bb0187c8b61444abf7bfe2326b55ea3a6ef1344521) in 0.002s. Peers: 7
2026-04-20 09:28:37.038-0500 | EthScheduler-Workers-0 | INFO  | PersistBlockTask | Imported empty block #1,331 / 0 tx / 0 om / 0 (0.0%) gas / (0x3417455a78dd9adfbba406105e413ed7a283c1852156ce3a498a343ea539a12e) in 0.004s. Peers: 7
2026-04-20 09:28:42.013-0500 | EthScheduler-Workers-0 | INFO  | PersistBlockTask | Imported empty block #1,332 / 0 tx / 0 om / 0 (0.0%) gas / (0x4a39d532ee2251d23c10d5c042d5d499189464e5ec9608bd9f87f5c282dd5503) in 0.003s. Peers: 7
2026-04-20 09:28:47.016-0500 | EthScheduler-Workers-0 | INFO  | PersistBlockTask | Imported empty block #1,333 / 0 tx / 0 om / 0 (0.0%) gas / (0x55152639af707b41320d04c0c656f7eda6cdb84b26b41b150f1ee46cfdfcc36a) in 0.003s. Peers: 7
2026-04-20 09:28:52.011-0500 | EthScheduler-Workers-0 | INFO  | PersistBlockTask | Imported empty block #1,334 / 0 tx / 0 om / 0 (0.0%) gas / (0x024031fe74ab57ad8edd9cd5ef019680b93485c15cdcd9bcc311766272ecfdaf) in 0.002s. Peers: 7
2026-04-20 09:28:57.010-0500 | EthScheduler-Workers-0 | INFO  | PersistBlockTask | Imported empty block #1,335 / 0 tx / 0 om / 0 (0.0%) gas / (0x8c3ee3b6c1ad2a3c611e90decb70b41da8b0973237dea30e9c72851af8a0116b) in 0.002s. Peers: 7
2026-04-20 09:29:02.013-0500 | EthScheduler-Workers-0 | INFO  | PersistBlockTask | Imported empty block #1,336 / 0 tx / 0 om / 0 (0.0%) gas / (0xaf80c796a30240df7587a21abac4d8f3e2d676865e869f936723dc700275b9e3) in 0.003s. Peers: 7
2026-04-20 09:29:07.010-0500 | EthScheduler-Workers-0 | INFO  | PersistBlockTask | Imported empty block #1,337 / 0 tx / 0 om / 0 (0.0%) gas / (0x2383bf5db5a676f7a22f0c7eb536c0494aadd5b6896f4bf71ccbadfe14ed689a) in 0.002s. Peers: 7
2026-04-20 09:29:12.010-0500 | EthScheduler-Workers-0 | INFO  | PersistBlockTask | Imported empty block #1,338 / 0 tx / 0 om / 0 (0.0%) gas / (0xc4e2f118531eee58ff6e4e71387d33001a0d632b231f217d6313f48d19a23517) in 0.002s. Peers: 7
2026-04-20 09:29:17.011-0500 | EthScheduler-Workers-0 | INFO  | PersistBlockTask | Imported empty block #1,339 / 0 tx / 0 om / 0 (0.0%) gas / (0x602c86dc82695b6a0c3a3508402676bfece97859ee9f487278b7795194c47cc2) in 0.002s. Peers: 7
2026-04-20 09:29:22.010-0500 | EthScheduler-Workers-0 | INFO  | PersistBlockTask | Imported empty block #1,340 / 0 tx / 0 om / 0 (0.0%) gas / (0xf38e3b2c6fb312014abfb229a9a3bd817f414869b5d4af0bad515e6b6b66e4c9) in 0.002s. Peers: 7
2026-04-20 09:29:27.028-0500 | EthScheduler-Workers-0 | INFO  | PersistBlockTask | Imported empty block #1,341 / 0 tx / 0 om / 0 (0.0%) gas / (0xbce5723ac0ebc84f2b24ae135a4deb8c7ee3305bb1fd8eeaf74065ea394174f4) in 0.004s. Peers: 7
2026-04-20 09:29:32.016-0500 | EthScheduler-Workers-0 | INFO  | PersistBlockTask | Imported empty block #1,342 / 0 tx / 0 om / 0 (0.0%) gas / (0x340fd4f01b8d718d4423ad1629944b2920c3cc78308257cc7b4b02fd4764aee8) in 0.001s. Peers: 7
2026-04-20 09:29:37.012-0500 | EthScheduler-Workers-0 | INFO  | PersistBlockTask | Imported empty block #1,343 / 0 tx / 0 om / 0 (0.0%) gas / (0x7c41f925c43a32c0ba8871b7d111b7661e190338fe1c8acbf8305c475e173d73) in 0.002s. Peers: 7
2026-04-20 09:29:42.014-0500 | EthScheduler-Workers-0 | INFO  | PersistBlockTask | Imported empty block #1,344 / 0 tx / 0 om / 0 (0.0%) gas / (0xac762b7f4a03aff6ab9d0b0d9255ee9c676f1a0eb610b81b1336381791c8c787) in 0.003s. Peers: 7
2026-04-20 09:29:47.022-0500 | EthScheduler-Workers-0 | INFO  | PersistBlockTask | Imported empty block #1,345 / 0 tx / 0 om / 0 (0.0%) gas / (0x894a6c5d541c09098fbaa135348edbe7e79385ac8bc9381f3e1128bad6bf9e1d) in 0.003s. Peers: 7
2026-04-20 09:29:52.011-0500 | EthScheduler-Workers-0 | INFO  | PersistBlockTask | Imported empty block #1,346 / 0 tx / 0 om / 0 (0.0%) gas / (0x98892734a00a0a6c2723f932b62c85ec0c5246028765d5ac7686d2c630d1fae6) in 0.002s. Peers: 7
2026-04-20 09:29:57.020-0500 | EthScheduler-Workers-0 | INFO  | PersistBlockTask | Imported empty block #1,347 / 0 tx / 0 om / 0 (0.0%) gas / (0x3cf5f4d7956030c3a7278df3f7b2c4756dc186241ebdddcb8524fc79196a0911) in 0.003s. Peers: 7
2026-04-20 09:30:02.025-0500 | EthScheduler-Workers-0 | INFO  | PersistBlockTask | Imported empty block #1,348 / 0 tx / 0 om / 0 (0.0%) gas / (0x64dd85da857f406f134712f467bfa353d41eb9680b47746d525888d0f410782d) in 0.005s. Peers: 7
2026-04-20 09:30:07.016-0500 | EthScheduler-Workers-0 | INFO  | PersistBlockTask | Imported empty block #1,349 / 0 tx / 0 om / 0 (0.0%) gas / (0x808d0782761895b44393488d1fbe005ccdaa24dada39296fd3e959a98906456a) in 0.004s. Peers: 7
2026-04-20 09:30:12.010-0500 | EthScheduler-Workers-0 | INFO  | PersistBlockTask | Imported empty block #1,350 / 0 tx / 0 om / 0 (0.0%) gas / (0x25bee8972b4a0ff3210313808f0143eb1f71bfa947499c52ee1109a88c649355) in 0.002s. Peers: 7
2026-04-20 09:30:17.014-0500 | EthScheduler-Workers-0 | INFO  | PersistBlockTask | Imported empty block #1,351 / 0 tx / 0 om / 0 (0.0%) gas / (0x7aeff313c87fa30a652f2c783b733bdfc56815a39c42ee85be9d03602dd3b55b) in 0.004s. Peers: 7
2026-04-20 09:30:22.020-0500 | EthScheduler-Workers-0 | INFO  | PersistBlockTask | Imported empty block #1,352 / 0 tx / 0 om / 0 (0.0%) gas / (0xa1d840284ee4d53ad928d945b58e66abe42dd8e2c6e62cc214658bc6053056d1) in 0.003s. Peers: 7
2026-04-20 09:30:27.024-0500 | EthScheduler-Workers-0 | INFO  | PersistBlockTask | Imported empty block #1,353 / 0 tx / 0 om / 0 (0.0%) gas / (0x32b43b037712e61e505ac716d314a2f493c87678f519e02b3fd8712d6a37e66f) in 0.005s. Peers: 7
2026-04-20 09:30:32.018-0500 | EthScheduler-Workers-0 | INFO  | PersistBlockTask | Imported empty block #1,354 / 0 tx / 0 om / 0 (0.0%) gas / (0xfa5487119f864bae4d3ee4c09b8c30b1d40da8684311496acbea6f7db7079aa1) in 0.005s. Peers: 7
2026-04-20 09:30:37.016-0500 | EthScheduler-Workers-0 | INFO  | PersistBlockTask | Imported empty block #1,355 / 0 tx / 0 om / 0 (0.0%) gas / (0x4c053e2314cec573ae40865e6887b220308de5ded6a220db3a1f1887c1a3e6ae) in 0.003s. Peers: 7
2026-04-20 09:30:42.013-0500 | EthScheduler-Workers-0 | INFO  | PersistBlockTask | Imported empty block #1,356 / 0 tx / 0 om / 0 (0.0%) gas / (0x497c8840b91cac6a2143df07a826b6266c5b435975a34a6e09b007892c600ef6) in 0.003s. Peers: 7
2026-04-20 09:30:47.023-0500 | EthScheduler-Workers-0 | INFO  | PersistBlockTask | Imported empty block #1,357 / 0 tx / 0 om / 0 (0.0%) gas / (0xee1c86ae0b2a1e4f7d53c9a10cdd207ad4cf607cc67bd4a97b6407ff51a553fd) in 0.004s. Peers: 7
2026-04-20 09:30:52.024-0500 | EthScheduler-Workers-0 | INFO  | PersistBlockTask | Imported empty block #1,358 / 0 tx / 0 om / 0 (0.0%) gas / (0x694f59d442c13d2cd1046be505b882f731da9e39c6543012c0b3ddff7c76da13) in 0.003s. Peers: 7
2026-04-20 09:30:57.012-0500 | EthScheduler-Workers-0 | INFO  | PersistBlockTask | Imported empty block #1,359 / 0 tx / 0 om / 0 (0.0%) gas / (0x5cf9034603513d6d18800688d4b0786dadf819616b6275ce65da7043525e8dc1) in 0.003s. Peers: 7
2026-04-20 09:31:02.025-0500 | EthScheduler-Workers-0 | INFO  | PersistBlockTask | Imported empty block #1,360 / 0 tx / 0 om / 0 (0.0%) gas / (0xdc6a7da42b7db7c79c6dcd24b894456319f65d358af430ae05470fcc188f1b28) in 0.003s. Peers: 7
2026-04-20 09:31:07.024-0500 | EthScheduler-Workers-0 | INFO  | PersistBlockTask | Imported empty block #1,361 / 0 tx / 0 om / 0 (0.0%) gas / (0x0ff1f0d84fd744a9be25d8ebcb4c08cab5c472d124c3a7994c88283fb6efa43c) in 0.003s. Peers: 7
2026-04-20 09:31:12.010-0500 | EthScheduler-Workers-0 | INFO  | PersistBlockTask | Imported empty block #1,362 / 0 tx / 0 om / 0 (0.0%) gas / (0xe9fc37227ec1ed48b867030e800b097f47c85d3ac34b765b163d563a8618a04b) in 0.002s. Peers: 7
2026-04-20 09:31:17.017-0500 | EthScheduler-Workers-0 | INFO  | PersistBlockTask | Imported empty block #1,363 / 0 tx / 0 om / 0 (0.0%) gas / (0xf8d037d416f2ba78f9c7160a8fd978f840638e868ac7fd80c799e6fd8d083116) in 0.003s. Peers: 7
2026-04-20 09:31:22.011-0500 | EthScheduler-Workers-0 | INFO  | PersistBlockTask | Imported empty block #1,364 / 0 tx / 0 om / 0 (0.0%) gas / (0xf8ab586fd4a634f38dcb10c070c70d8329d46ab2f5d63f77c3312101c345077b) in 0.003s. Peers: 7
2026-04-20 09:31:27.021-0500 | EthScheduler-Workers-0 | INFO  | PersistBlockTask | Imported empty block #1,365 / 0 tx / 0 om / 0 (0.0%) gas / (0x04636967109c6d1457f93a9d974713c5bbc530193efd090c1fcd69c15b4b0d07) in 0.003s. Peers: 7
2026-04-20 09:31:32.009-0500 | EthScheduler-Workers-0 | INFO  | PersistBlockTask | Imported empty block #1,366 / 0 tx / 0 om / 0 (0.0%) gas / (0x38428936442cafc6c69f554baf32fdae960ce4b0ce497b0bcfff943271294d58) in 0.002s. Peers: 7
2026-04-20 09:31:37.021-0500 | EthScheduler-Workers-0 | INFO  | PersistBlockTask | Imported empty block #1,367 / 0 tx / 0 om / 0 (0.0%) gas / (0xa6d6c409dbdba121b5f84dd5fac4dec7dc43d96396be6e029205b43ff717acfb) in 0.004s. Peers: 7
2026-04-20 09:31:42.013-0500 | EthScheduler-Workers-0 | INFO  | PersistBlockTask | Imported empty block #1,368 / 0 tx / 0 om / 0 (0.0%) gas / (0x4f8369a8786f801003a2943f39836e02a73261c2523acb12b82d299826879422) in 0.002s. Peers: 7
2026-04-20 09:31:47.025-0500 | EthScheduler-Workers-0 | INFO  | PersistBlockTask | Imported empty block #1,369 / 0 tx / 0 om / 0 (0.0%) gas / (0x95a447367fffe1e418e8f0365b276da8ca41809867871bfe079c3f3acb8f7fff) in 0.004s. Peers: 7
2026-04-20 09:31:52.012-0500 | EthScheduler-Workers-0 | INFO  | PersistBlockTask | Imported empty block #1,370 / 0 tx / 0 om / 0 (0.0%) gas / (0xb458b8043279c34c10d400b19c7e74d8dd5711668e7d33256efb83308c3f24b2) in 0.002s. Peers: 7
2026-04-20 09:31:57.010-0500 | EthScheduler-Workers-0 | INFO  | PersistBlockTask | Imported empty block #1,371 / 0 tx / 0 om / 0 (0.0%) gas / (0xf86e537d1a4e9cb8f991c45cdd5d01b58e666f1f0ed721e096519dd0cf1c4990) in 0.002s. Peers: 7
2026-04-20 09:32:02.020-0500 | EthScheduler-Workers-0 | INFO  | PersistBlockTask | Imported empty block #1,372 / 0 tx / 0 om / 0 (0.0%) gas / (0x5fb9ad8117d4341e0a1333d149c2037f20f3c0d44d531e0c620279dbe4561a5d) in 0.003s. Peers: 7
2026-04-20 09:32:07.017-0500 | EthScheduler-Workers-0 | INFO  | PersistBlockTask | Imported empty block #1,373 / 0 tx / 0 om / 0 (0.0%) gas / (0x60da268ed4506d401a8facd159e8856683731cc3a86e292118bdf75c96cfcec5) in 0.002s. Peers: 7
2026-04-20 09:32:12.017-0500 | EthScheduler-Workers-0 | INFO  | PersistBlockTask | Imported empty block #1,374 / 0 tx / 0 om / 0 (0.0%) gas / (0x773ad0924de91fb39d1a0b6e4044544434a74f4a746f84f86e3059faad6857a2) in 0.004s. Peers: 7
2026-04-20 09:32:17.020-0500 | EthScheduler-Workers-0 | INFO  | PersistBlockTask | Imported empty block #1,375 / 0 tx / 0 om / 0 (0.0%) gas / (0x211c3a59e84dea5ef0bf158a4948d8800dd5ee079320036d076e55f7eca8bb93) in 0.004s. Peers: 7
2026-04-20 09:32:22.013-0500 | EthScheduler-Workers-0 | INFO  | PersistBlockTask | Imported empty block #1,376 / 0 tx / 0 om / 0 (0.0%) gas / (0x39859c1443f50b9519c59a22b0024c8046de5e3f073572084191f75065e2a430) in 0.003s. Peers: 7
2026-04-20 09:32:27.020-0500 | EthScheduler-Workers-0 | INFO  | PersistBlockTask | Imported empty block #1,377 / 0 tx / 0 om / 0 (0.0%) gas / (0x89edb2d362e24b4333965a2f0d0b7cf072c43befc11b7cf532f8699e9edbf1ac) in 0.004s. Peers: 7
2026-04-20 09:32:32.024-0500 | EthScheduler-Workers-0 | INFO  | PersistBlockTask | Imported empty block #1,378 / 0 tx / 0 om / 0 (0.0%) gas / (0xdfada60d7d1b261051ffa065bc74b89c1c67d47c74e7fac6244eebbbd7201886) in 0.004s. Peers: 7
2026-04-20 09:32:37.019-0500 | EthScheduler-Workers-0 | INFO  | PersistBlockTask | Imported empty block #1,379 / 0 tx / 0 om / 0 (0.0%) gas / (0x13ddad5dda37df10f54f0d2bcbdbd5b4919316bce76c8d2ed8b947b2c468f16a) in 0.005s. Peers: 7
2026-04-20 09:32:42.015-0500 | EthScheduler-Workers-0 | INFO  | PersistBlockTask | Imported empty block #1,380 / 0 tx / 0 om / 0 (0.0%) gas / (0xdc1fa66c6428f5f4d817beb0a6ae8c5de1b59709ce58022ec6f146a985116159) in 0.003s. Peers: 7
2026-04-20 09:32:47.014-0500 | EthScheduler-Workers-0 | INFO  | PersistBlockTask | Imported empty block #1,381 / 0 tx / 0 om / 0 (0.0%) gas / (0x019026cec10dcbd6a0bc8ff7cc89f0fde527af3961747b8f2de08347de564235) in 0.001s. Peers: 7
2026-04-20 09:32:52.018-0500 | EthScheduler-Workers-0 | INFO  | PersistBlockTask | Imported empty block #1,382 / 0 tx / 0 om / 0 (0.0%) gas / (0xcf20c173b6f532435d93f21c4b75690767a24df3a5d11eff6efbee6642af878d) in 0.002s. Peers: 7
2026-04-20 09:32:57.018-0500 | EthScheduler-Workers-0 | INFO  | PersistBlockTask | Imported empty block #1,383 / 0 tx / 0 om / 0 (0.0%) gas / (0x1b9cb1a9b9ddb47e4abbb47c16839b261da3c17d63fea77db719dcd980ea96d9) in 0.002s. Peers: 7
2026-04-20 09:33:02.014-0500 | EthScheduler-Workers-0 | INFO  | PersistBlockTask | Imported empty block #1,384 / 0 tx / 0 om / 0 (0.0%) gas / (0x2e2d4530d867fa7c1b501b5b95db80c6f65cd93881d553c190e56609249ee708) in 0.002s. Peers: 7
2026-04-20 09:33:07.016-0500 | EthScheduler-Workers-0 | INFO  | PersistBlockTask | Imported empty block #1,385 / 0 tx / 0 om / 0 (0.0%) gas / (0x3ae482cb9a8b31d3d4bfd8c49b71b9408205e06b9935ec4a173d517efa4864f6) in 0.003s. Peers: 7
2026-04-20 09:33:12.020-0500 | EthScheduler-Workers-0 | INFO  | PersistBlockTask | Imported empty block #1,386 / 0 tx / 0 om / 0 (0.0%) gas / (0x82ad934436bf415d6e02c922236c771dede7b948ad782e7c4b47323d703facd8) in 0.004s. Peers: 7
2026-04-20 09:33:17.028-0500 | EthScheduler-Workers-0 | INFO  | PersistBlockTask | Imported empty block #1,387 / 0 tx / 0 om / 0 (0.0%) gas / (0x216f9a763df425df4d5bb8b3638215e131751aa367d9799eef1adffda2d0cc23) in 0.003s. Peers: 7
2026-04-20 09:33:22.012-0500 | EthScheduler-Workers-0 | INFO  | PersistBlockTask | Imported empty block #1,388 / 0 tx / 0 om / 0 (0.0%) gas / (0x7442e2a275ef9fe31e8661befc340e7e96b1437cf8adfd11d53f2781ac91281f) in 0.003s. Peers: 7
2026-04-20 09:33:27.010-0500 | EthScheduler-Workers-0 | INFO  | PersistBlockTask | Imported empty block #1,389 / 0 tx / 0 om / 0 (0.0%) gas / (0x749b113cf0d1c5129f1b2519f53a81c6549f825697b30d894a4f10392c743678) in 0.002s. Peers: 7
2026-04-20 09:33:32.010-0500 | EthScheduler-Workers-0 | INFO  | PersistBlockTask | Imported empty block #1,390 / 0 tx / 0 om / 0 (0.0%) gas / (0xe8459fd5d71f779c4c408153a1d68fda63c778a83e70bed19fe74e74d2654bb8) in 0.002s. Peers: 7
2026-04-20 09:33:37.013-0500 | EthScheduler-Workers-0 | INFO  | PersistBlockTask | Imported empty block #1,391 / 0 tx / 0 om / 0 (0.0%) gas / (0x1165fa6079b8717dbd07fda5f87f2527955b7f00b07057c05e03f5235cebb457) in 0.003s. Peers: 7
2026-04-20 09:33:42.020-0500 | EthScheduler-Workers-0 | INFO  | PersistBlockTask | Imported empty block #1,392 / 0 tx / 0 om / 0 (0.0%) gas / (0xaa4f11267eab306f264d2cfe8b2c6b9b95412f77ea0e85b74115c396785cf843) in 0.003s. Peers: 7
2026-04-20 09:33:47.019-0500 | EthScheduler-Workers-0 | INFO  | PersistBlockTask | Imported empty block #1,393 / 0 tx / 0 om / 0 (0.0%) gas / (0x99849f5708e20c014efc9fdbac559ac1ca8008721b4e4e4f204845aa93ef3402) in 0.003s. Peers: 7
2026-04-20 09:33:52.010-0500 | EthScheduler-Workers-0 | INFO  | PersistBlockTask | Imported empty block #1,394 / 0 tx / 0 om / 0 (0.0%) gas / (0x56f5eac65184028751a71f7f34481804627774836c0a5be98a1e89b0d393a1d4) in 0.001s. Peers: 7
2026-04-20 09:33:57.022-0500 | EthScheduler-Workers-0 | INFO  | PersistBlockTask | Imported empty block #1,395 / 0 tx / 0 om / 0 (0.0%) gas / (0x8359194113bf4cf458f4ac4acee807a0b61a0e755c3394de43b8dc5a0cd76561) in 0.002s. Peers: 7
2026-04-20 09:34:02.018-0500 | EthScheduler-Workers-0 | INFO  | PersistBlockTask | Imported empty block #1,396 / 0 tx / 0 om / 0 (0.0%) gas / (0x97460a7ea8444a5f55e4962e10ef396f6ef392a3da6f3b6d05a1c136ce54c45c) in 0.003s. Peers: 7
2026-04-20 09:34:07.013-0500 | EthScheduler-Workers-0 | INFO  | PersistBlockTask | Imported empty block #1,397 / 0 tx / 0 om / 0 (0.0%) gas / (0x86a000d85ebe92be0ef5354139f59dfb5681ab29d24ecca3c0602574077a8c5e) in 0.001s. Peers: 7
2026-04-20 09:34:12.017-0500 | EthScheduler-Workers-0 | INFO  | PersistBlockTask | Imported empty block #1,398 / 0 tx / 0 om / 0 (0.0%) gas / (0xd04668116044f71f037e98c6c31112e753ccb521a73cb99e63724e3d9f27d48c) in 0.002s. Peers: 7
2026-04-20 09:34:17.015-0500 | EthScheduler-Workers-0 | INFO  | PersistBlockTask | Imported empty block #1,399 / 0 tx / 0 om / 0 (0.0%) gas / (0xb0cdcb51db930a5466cf7f9cfce3c2ccdae0c31bb8ce69fe3a15064252d129ce) in 0.002s. Peers: 7
2026-04-20 09:34:22.017-0500 | EthScheduler-Workers-0 | INFO  | PersistBlockTask | Imported empty block #1,400 / 0 tx / 0 om / 0 (0.0%) gas / (0x14f0fefb8dc8509f7a7274648f38fde80e2825d3f0e6d22fa28513a91f9827df) in 0.002s. Peers: 7
2026-04-20 09:34:27.015-0500 | EthScheduler-Workers-0 | INFO  | PersistBlockTask | Imported empty block #1,401 / 0 tx / 0 om / 0 (0.0%) gas / (0x16ed246df4d4a376be2a2ae533964ed838133648bea9fd892a79f3dab4907ff5) in 0.001s. Peers: 7
2026-04-20 09:34:32.020-0500 | EthScheduler-Workers-0 | INFO  | PersistBlockTask | Imported empty block #1,402 / 0 tx / 0 om / 0 (0.0%) gas / (0xf230a6a141c13ea96f433eeee698c5c63994963ab1050b6a31f0d9716ed8e901) in 0.002s. Peers: 7
2026-04-20 09:34:37.016-0500 | EthScheduler-Workers-0 | INFO  | PersistBlockTask | Imported empty block #1,403 / 0 tx / 0 om / 0 (0.0%) gas / (0xe922b48daf426ba6410dcbb5596b64253d4a107b45eb4043e2d699acd18b5c5d) in 0.002s. Peers: 7
2026-04-20 09:34:42.010-0500 | EthScheduler-Workers-0 | INFO  | PersistBlockTask | Imported empty block #1,404 / 0 tx / 0 om / 0 (0.0%) gas / (0xf86077ad1b0bf20b23a673e424b1cd61ce98e0b7589d1ba14eb9b37fe02a39ae) in 0.002s. Peers: 7
2026-04-20 09:34:47.013-0500 | EthScheduler-Workers-0 | INFO  | PersistBlockTask | Imported empty block #1,405 / 0 tx / 0 om / 0 (0.0%) gas / (0xde95e83334738b0afa6008e239f748dae3bd2a2cfd8788d819690c00471ef55c) in 0.001s. Peers: 7
2026-04-20 09:34:52.019-0500 | EthScheduler-Workers-0 | INFO  | PersistBlockTask | Imported empty block #1,406 / 0 tx / 0 om / 0 (0.0%) gas / (0x77eb05e66ee1b0ce565261980f0efbabe4d336790a29bdb09e31035c36532d13) in 0.003s. Peers: 7
2026-04-20 09:34:57.017-0500 | EthScheduler-Workers-0 | INFO  | PersistBlockTask | Imported empty block #1,407 / 0 tx / 0 om / 0 (0.0%) gas / (0xf0639366a00aca8d33f84e6aaa17e14fb3bf1db96d7b14238fe5b6ce7d562cab) in 0.002s. Peers: 7
2026-04-20 09:35:02.016-0500 | EthScheduler-Workers-0 | INFO  | PersistBlockTask | Imported empty block #1,408 / 0 tx / 0 om / 0 (0.0%) gas / (0x7d2ad580cdb95756a3ba0998c438b393c114122d3e7f0e14e8a12c32ec6a9fb9) in 0.001s. Peers: 7
2026-04-20 09:35:07.018-0500 | EthScheduler-Workers-0 | INFO  | PersistBlockTask | Imported empty block #1,409 / 0 tx / 0 om / 0 (0.0%) gas / (0x32094f3f58eb5e46d832d61434775900309076df16e5c55e2fd32cd8e9062009) in 0.002s. Peers: 7
2026-04-20 09:35:12.012-0500 | EthScheduler-Workers-0 | INFO  | PersistBlockTask | Imported empty block #1,410 / 0 tx / 0 om / 0 (0.0%) gas / (0xdda2fe5c31b665225327a5534338fa8fec0f1fa9dd19b761a2a1bbf3e8035f5d) in 0.002s. Peers: 7
2026-04-20 09:35:17.013-0500 | EthScheduler-Workers-0 | INFO  | PersistBlockTask | Imported empty block #1,411 / 0 tx / 0 om / 0 (0.0%) gas / (0xe7d564842d75733e8458853da6c6322fbbb0537dfaa3ae21154ca00148603281) in 0.002s. Peers: 7
2026-04-20 09:35:22.011-0500 | EthScheduler-Workers-0 | INFO  | PersistBlockTask | Imported empty block #1,412 / 0 tx / 0 om / 0 (0.0%) gas / (0xc218deb03799ea47bc56638c2ef2e13adaebd93697e59ad2f653f97c5b0dc7ea) in 0.001s. Peers: 7
2026-04-20 09:35:27.012-0500 | EthScheduler-Workers-0 | INFO  | PersistBlockTask | Imported empty block #1,413 / 0 tx / 0 om / 0 (0.0%) gas / (0x8e92a6a0686959ced7bdfae117cf7fd06861e7253c00bc0a41ec8ebcd3a901bb) in 0.002s. Peers: 7
2026-04-20 09:35:32.012-0500 | EthScheduler-Workers-0 | INFO  | PersistBlockTask | Imported empty block #1,414 / 0 tx / 0 om / 0 (0.0%) gas / (0x32901f5f333d5d48b72fc258110204216edbacb052323095f7f973b6adf79471) in 0.001s. Peers: 7
2026-04-20 09:35:37.012-0500 | EthScheduler-Workers-0 | INFO  | PersistBlockTask | Imported empty block #1,415 / 0 tx / 0 om / 0 (0.0%) gas / (0x5c2632ccbf766dcacd1aac54f3a1392ea0da4f6dca3fab7a101ca6913988fdb1) in 0.001s. Peers: 7
2026-04-20 09:35:42.010-0500 | EthScheduler-Workers-0 | INFO  | PersistBlockTask | Imported empty block #1,416 / 0 tx / 0 om / 0 (0.0%) gas / (0x22505cefe20cbc9b4f414465f51592a5d08944b4f6dff8a991e0e40588ad545d) in 0.002s. Peers: 7
2026-04-20 09:35:47.019-0500 | EthScheduler-Workers-0 | INFO  | PersistBlockTask | Imported empty block #1,417 / 0 tx / 0 om / 0 (0.0%) gas / (0xf2a4304ee7a25f56f08b7477833a2ad22b5da50632624469a4a29dca4610dae8) in 0.003s. Peers: 7
2026-04-20 09:35:52.011-0500 | EthScheduler-Workers-0 | INFO  | PersistBlockTask | Imported empty block #1,418 / 0 tx / 0 om / 0 (0.0%) gas / (0x37b165220ade5fec98104f6673b4d97a7b9862afcb9f24cdeee804a7e7787565) in 0.002s. Peers: 7
2026-04-20 09:35:57.016-0500 | EthScheduler-Workers-0 | INFO  | PersistBlockTask | Imported empty block #1,419 / 0 tx / 0 om / 0 (0.0%) gas / (0xd1d74e7b8becbe23afc91540b7ff66bb7aacb492df13139060bb397cadc908cc) in 0.003s. Peers: 7
2026-04-20 09:36:02.020-0500 | EthScheduler-Workers-0 | INFO  | PersistBlockTask | Imported empty block #1,420 / 0 tx / 0 om / 0 (0.0%) gas / (0x493310b0b3e255a37b0420451c0edf37933b18e29d5813c4a74d312fd261b014) in 0.003s. Peers: 7
2026-04-20 09:36:07.010-0500 | EthScheduler-Workers-0 | INFO  | PersistBlockTask | Imported empty block #1,421 / 0 tx / 0 om / 0 (0.0%) gas / (0xd39a1d8e53841ce5f6d9426cd0de53371c4b9299eaead71afe95ef8255299988) in 0.002s. Peers: 7
2026-04-20 09:36:12.019-0500 | EthScheduler-Workers-0 | INFO  | PersistBlockTask | Imported empty block #1,422 / 0 tx / 0 om / 0 (0.0%) gas / (0x04a70d8be4d66704bcfe4d0c528a42d96780aa01c3ad3c24cbb5390f9721f736) in 0.003s. Peers: 7
2026-04-20 09:36:17.024-0500 | EthScheduler-Workers-0 | INFO  | PersistBlockTask | Imported empty block #1,423 / 0 tx / 0 om / 0 (0.0%) gas / (0x07fd7bebc11c821f6e273bedb90ca512c4c7e50eb2614462fdac3359dccf1c23) in 0.003s. Peers: 7
2026-04-20 09:36:22.018-0500 | EthScheduler-Workers-0 | INFO  | PersistBlockTask | Imported empty block #1,424 / 0 tx / 0 om / 0 (0.0%) gas / (0xeb7879bb61d0026eb23ba212718f66d79be8bc430d3075faa90e6c1384cb853b) in 0.003s. Peers: 7
2026-04-20 09:36:27.011-0500 | EthScheduler-Workers-0 | INFO  | PersistBlockTask | Imported empty block #1,425 / 0 tx / 0 om / 0 (0.0%) gas / (0x55d2a7d7365437b5b3a3aeb710e32ef3b11a638154cf3819d1f4229d6295e587) in 0.002s. Peers: 7
2026-04-20 09:36:32.013-0500 | EthScheduler-Workers-0 | INFO  | PersistBlockTask | Imported empty block #1,426 / 0 tx / 0 om / 0 (0.0%) gas / (0x701358c8664f46c3f0ceb7893b6d714b833ec3acb388d6d1351483c50e917fa4) in 0.002s. Peers: 7
2026-04-20 09:36:37.015-0500 | EthScheduler-Workers-0 | INFO  | PersistBlockTask | Imported empty block #1,427 / 0 tx / 0 om / 0 (0.0%) gas / (0x62f019308e084ced9500844be94323a4d9d1e627f448dda2135887de8db7addd) in 0.002s. Peers: 7
2026-04-20 09:36:42.011-0500 | EthScheduler-Workers-0 | INFO  | PersistBlockTask | Imported empty block #1,428 / 0 tx / 0 om / 0 (0.0%) gas / (0x13791159db75fdc7b21ae23343788d6e04269f0dc71b705101cc369c0e1a83e4) in 0.002s. Peers: 7
2026-04-20 09:36:47.012-0500 | EthScheduler-Workers-0 | INFO  | PersistBlockTask | Imported empty block #1,429 / 0 tx / 0 om / 0 (0.0%) gas / (0x53f2eb3333fe064437ed0c251ab37c82738c9172c187571e7f5fa088091233ef) in 0.002s. Peers: 7
2026-04-20 09:36:52.011-0500 | EthScheduler-Workers-0 | INFO  | PersistBlockTask | Imported empty block #1,430 / 0 tx / 0 om / 0 (0.0%) gas / (0xdf919bdb0c090111e3c4d2229674c2c304c2a10bb001c7ba4985613f8409d93a) in 0.002s. Peers: 7
2026-04-20 09:36:57.014-0500 | EthScheduler-Workers-0 | INFO  | PersistBlockTask | Imported empty block #1,431 / 0 tx / 0 om / 0 (0.0%) gas / (0xbefb10a9130e44f019b851b05807b3297b49bf00322d072376ee5b0dc1c32b37) in 0.002s. Peers: 7
2026-04-20 09:37:02.021-0500 | EthScheduler-Workers-0 | INFO  | PersistBlockTask | Imported empty block #1,432 / 0 tx / 0 om / 0 (0.0%) gas / (0x4f7fcf35578367fccd33f46b8d6fae13a02e788bc5a27c60f2d5815876d33704) in 0.004s. Peers: 7
2026-04-20 09:37:07.016-0500 | EthScheduler-Workers-0 | INFO  | PersistBlockTask | Imported empty block #1,433 / 0 tx / 0 om / 0 (0.0%) gas / (0x5b585e261056b714f9738eda683de5c3aa8e3233457e4702cd6190e591ff8d16) in 0.002s. Peers: 7
2026-04-20 09:37:12.019-0500 | EthScheduler-Workers-0 | INFO  | PersistBlockTask | Imported empty block #1,434 / 0 tx / 0 om / 0 (0.0%) gas / (0x6bca954ee7ef56ce95ad92bdd46cbe5ef098e94cdd5722b73b035eaf7d19d5e9) in 0.002s. Peers: 7
2026-04-20 09:37:17.015-0500 | EthScheduler-Workers-0 | INFO  | PersistBlockTask | Imported empty block #1,435 / 0 tx / 0 om / 0 (0.0%) gas / (0x63e1057234b580eacc701c46eb6135ab6405b26f6dfd615c5b065e2c89462820) in 0.003s. Peers: 7
2026-04-20 09:37:22.014-0500 | EthScheduler-Workers-0 | INFO  | PersistBlockTask | Imported empty block #1,436 / 0 tx / 0 om / 0 (0.0%) gas / (0x29297a2fade675db37d175b9bf78bcd3c09f40d0e04dc3c322d4664afe01bd03) in 0.002s. Peers: 7
2026-04-20 09:37:27.025-0500 | EthScheduler-Workers-0 | INFO  | PersistBlockTask | Imported empty block #1,437 / 0 tx / 0 om / 0 (0.0%) gas / (0x78a314e877404de09a7cc05e6c6d973dd33886a5c222fd909b9626c4050ddb5e) in 0.003s. Peers: 7
2026-04-20 09:37:32.032-0500 | EthScheduler-Workers-0 | INFO  | PersistBlockTask | Imported empty block #1,438 / 0 tx / 0 om / 0 (0.0%) gas / (0x87182992ff68fced3805a63daf858677ea33e4d2a4dcfae71087c03d8308295e) in 0.004s. Peers: 7
2026-04-20 09:37:37.011-0500 | EthScheduler-Workers-0 | INFO  | PersistBlockTask | Imported empty block #1,439 / 0 tx / 0 om / 0 (0.0%) gas / (0x6cf2c783b4481b93fc2f459a6b924c6c675ca47c0c0ffc247fbb6e29f92d3373) in 0.002s. Peers: 7
2026-04-20 09:37:42.010-0500 | EthScheduler-Workers-0 | INFO  | PersistBlockTask | Imported empty block #1,440 / 0 tx / 0 om / 0 (0.0%) gas / (0xe5bdc9e17b4d51c9fcef6f98295b411226527fb190b171aaaf5a49fa1cdab968) in 0.001s. Peers: 7
2026-04-20 09:37:47.011-0500 | EthScheduler-Workers-0 | INFO  | PersistBlockTask | Imported empty block #1,441 / 0 tx / 0 om / 0 (0.0%) gas / (0x9519e2c6ed2ee18e32e176258091818045cfbc270ab85b21c829582fe100cd32) in 0.002s. Peers: 7
2026-04-20 09:37:52.017-0500 | EthScheduler-Workers-0 | INFO  | PersistBlockTask | Imported empty block #1,442 / 0 tx / 0 om / 0 (0.0%) gas / (0xc29663bd7515fe30604d50045cbe6bf67414b1494289eb9756654efd3021e828) in 0.002s. Peers: 7
2026-04-20 09:37:57.014-0500 | EthScheduler-Workers-0 | INFO  | PersistBlockTask | Imported empty block #1,443 / 0 tx / 0 om / 0 (0.0%) gas / (0x533d65f8ead5914450e028c13e95d40d8f22d63e0b8a201daf2e4c0006238cc2) in 0.002s. Peers: 7
2026-04-20 09:38:02.010-0500 | EthScheduler-Workers-0 | INFO  | PersistBlockTask | Imported empty block #1,444 / 0 tx / 0 om / 0 (0.0%) gas / (0x05194ae3a98d236c0347346c06b06918b656d474dbd1aaac0daa1964d6f94af0) in 0.002s. Peers: 7
2026-04-20 09:38:07.023-0500 | EthScheduler-Workers-0 | INFO  | PersistBlockTask | Imported empty block #1,445 / 0 tx / 0 om / 0 (0.0%) gas / (0xc50c807326f83cb978794e35a0c611ccb626457f33864288e25ad190de1f398d) in 0.002s. Peers: 7
2026-04-20 09:38:12.014-0500 | EthScheduler-Workers-0 | INFO  | PersistBlockTask | Imported empty block #1,446 / 0 tx / 0 om / 0 (0.0%) gas / (0x6b680da84cde1765c1ee2e3e5b3c312acfae0d6d72eef0cda8aaec8dff298a29) in 0.002s. Peers: 7
2026-04-20 09:38:17.015-0500 | EthScheduler-Workers-0 | INFO  | PersistBlockTask | Imported empty block #1,447 / 0 tx / 0 om / 0 (0.0%) gas / (0xa4d4fbcf80631bbf280201ea32f7d7c0363fd43cf6d9666fb30655cbac4fba98) in 0.002s. Peers: 7
2026-04-20 09:38:22.028-0500 | EthScheduler-Workers-0 | INFO  | PersistBlockTask | Imported empty block #1,448 / 0 tx / 0 om / 0 (0.0%) gas / (0x076647ee2dfed6b352b4766f2b8e6736dc10c1c7b61bb08d852aedb58427d84d) in 0.003s. Peers: 7
2026-04-20 09:38:27.024-0500 | EthScheduler-Workers-0 | INFO  | PersistBlockTask | Imported empty block #1,449 / 0 tx / 0 om / 0 (0.0%) gas / (0xb0884e8c7df066d9617b517931333a7fa3e27ab8944d098bb2ac9d960bc54115) in 0.005s. Peers: 7
2026-04-20 09:38:32.011-0500 | EthScheduler-Workers-0 | INFO  | PersistBlockTask | Imported empty block #1,450 / 0 tx / 0 om / 0 (0.0%) gas / (0x43be8ee2af1cdf974b8f678868de124de9277b0ae3fb80b03d602ee7bfb73295) in 0.002s. Peers: 7
2026-04-20 09:38:37.013-0500 | EthScheduler-Workers-0 | INFO  | PersistBlockTask | Imported empty block #1,451 / 0 tx / 0 om / 0 (0.0%) gas / (0x54b0e387a841d34864d121780f1ccca40e6392085ec9f00d8b1a86f013b1eff4) in 0.001s. Peers: 7
2026-04-20 09:38:42.018-0500 | EthScheduler-Workers-0 | INFO  | PersistBlockTask | Imported empty block #1,452 / 0 tx / 0 om / 0 (0.0%) gas / (0x7de50c64f047d3730c2a1fe45ec6a8f8f2300d164ccde74e94ec03a0f7048312) in 0.002s. Peers: 7
2026-04-20 09:38:47.012-0500 | EthScheduler-Workers-0 | INFO  | PersistBlockTask | Imported empty block #1,453 / 0 tx / 0 om / 0 (0.0%) gas / (0x71c0073aac1040b69fc20f3613e84e960530e2e6f3ff493886ad4a45ac20b47b) in 0.002s. Peers: 7
2026-04-20 09:38:52.009-0500 | EthScheduler-Workers-0 | INFO  | PersistBlockTask | Imported empty block #1,454 / 0 tx / 0 om / 0 (0.0%) gas / (0xd145bb09454c57d1b17f824fd854dc8213c627668f4c3e3551c8295c09a52b05) in 0.001s. Peers: 7
2026-04-20 09:38:57.010-0500 | EthScheduler-Workers-0 | INFO  | PersistBlockTask | Imported empty block #1,455 / 0 tx / 0 om / 0 (0.0%) gas / (0xc577af5d449ecee60303ee0312de5b85b3a5c0b40791e5ef6e61a9fb033e8351) in 0.001s. Peers: 7
2026-04-20 09:39:02.014-0500 | EthScheduler-Workers-0 | INFO  | PersistBlockTask | Imported empty block #1,456 / 0 tx / 0 om / 0 (0.0%) gas / (0x1f438b8a72b0d9232ade7dd853600fe352a54a8ddbb89219c965796ad6af96ff) in 0.003s. Peers: 7
2026-04-20 09:39:07.011-0500 | EthScheduler-Workers-0 | INFO  | PersistBlockTask | Imported empty block #1,457 / 0 tx / 0 om / 0 (0.0%) gas / (0x5229a65c06f60121ef320b3b88bb1b02b98fcbf37cca4b656d9dd7dbd6ac625a) in 0.002s. Peers: 7
2026-04-20 09:39:12.020-0500 | EthScheduler-Workers-0 | INFO  | PersistBlockTask | Imported empty block #1,458 / 0 tx / 0 om / 0 (0.0%) gas / (0xa1a30fa2ddf74853b87df56e7bc484f27f06306b7dcf6d8346b936926c71f42a) in 0.004s. Peers: 7
2026-04-20 09:39:17.013-0500 | EthScheduler-Workers-0 | INFO  | PersistBlockTask | Imported empty block #1,459 / 0 tx / 0 om / 0 (0.0%) gas / (0xd0e53330558a5302658db39d60690bf74cd3a4a53b90df4b1ecd894da4dc454f) in 0.002s. Peers: 7
2026-04-20 09:39:22.010-0500 | EthScheduler-Workers-0 | INFO  | PersistBlockTask | Imported empty block #1,460 / 0 tx / 0 om / 0 (0.0%) gas / (0xc1630403212c1754b2898414657d52cf59fe01423e2acd58ebe57f564dd80560) in 0.002s. Peers: 7
2026-04-20 09:39:27.010-0500 | EthScheduler-Workers-0 | INFO  | PersistBlockTask | Imported empty block #1,461 / 0 tx / 0 om / 0 (0.0%) gas / (0x61b5ca3194abbbd55b0c59fa91d0bbf34dea0f050f4fee0a3b2668f73cdd42a7) in 0.002s. Peers: 7
2026-04-20 09:39:32.014-0500 | EthScheduler-Workers-0 | INFO  | PersistBlockTask | Imported empty block #1,462 / 0 tx / 0 om / 0 (0.0%) gas / (0x021f7d1fe9ca620481b84717ba9193c41b084a72daf929e1a3231878c3f5d0e5) in 0.002s. Peers: 7
2026-04-20 09:39:37.011-0500 | EthScheduler-Workers-0 | INFO  | PersistBlockTask | Imported empty block #1,463 / 0 tx / 0 om / 0 (0.0%) gas / (0x8c0af44905d0b699cc5413e782088ca2dd04d7779e93657d36a143c22437846c) in 0.002s. Peers: 7
2026-04-20 09:39:42.012-0500 | EthScheduler-Workers-0 | INFO  | PersistBlockTask | Imported empty block #1,464 / 0 tx / 0 om / 0 (0.0%) gas / (0xe2a8802461fc6197eaf065f36d7e0d2dab3f58932d9cf9cbc7da64ede9f3d4fa) in 0.002s. Peers: 7
2026-04-20 09:39:47.015-0500 | EthScheduler-Workers-0 | INFO  | PersistBlockTask | Imported empty block #1,465 / 0 tx / 0 om / 0 (0.0%) gas / (0x7d1fa580b305f6d22fe38d656651f1a6d40e94b051c83f1a4b4deeb76814c890) in 0.002s. Peers: 7
2026-04-20 09:39:52.017-0500 | EthScheduler-Workers-0 | INFO  | PersistBlockTask | Imported empty block #1,466 / 0 tx / 0 om / 0 (0.0%) gas / (0x2c92b5a3898f5e3f6ac776655c5e8390ee6d30368005ab835a400849f461b628) in 0.002s. Peers: 7
2026-04-20 09:39:57.016-0500 | EthScheduler-Workers-0 | INFO  | PersistBlockTask | Imported empty block #1,467 / 0 tx / 0 om / 0 (0.0%) gas / (0x894b7ef320eedfa3d12fd437092dc3730846b7b12dc934440006065c85cd6e97) in 0.002s. Peers: 7
2026-04-20 09:40:02.010-0500 | EthScheduler-Workers-0 | INFO  | PersistBlockTask | Imported empty block #1,468 / 0 tx / 0 om / 0 (0.0%) gas / (0x63a70cb1bfbe3a32ef6fb99ffecdeae3a37cd6ee2bda3f29691089ed42023da5) in 0.002s. Peers: 7
2026-04-20 09:40:07.013-0500 | EthScheduler-Workers-0 | INFO  | PersistBlockTask | Imported empty block #1,469 / 0 tx / 0 om / 0 (0.0%) gas / (0x546f48061f2ce67204f9cc2e34f46f283b6c67136048bb6d284837b739109487) in 0.004s. Peers: 7
2026-04-20 09:40:12.010-0500 | EthScheduler-Workers-0 | INFO  | PersistBlockTask | Imported empty block #1,470 / 0 tx / 0 om / 0 (0.0%) gas / (0x65144e02ef99c0ff250db360e133015bd7d5c83e713bcd53a22df10813e52bd1) in 0.003s. Peers: 7
2026-04-20 09:40:17.012-0500 | EthScheduler-Workers-0 | INFO  | PersistBlockTask | Imported empty block #1,471 / 0 tx / 0 om / 0 (0.0%) gas / (0xb21bbd6f86d1e0047c5443748cd01e5a8e2ad8c5a7c4dbf5e15eb30aef96b06a) in 0.002s. Peers: 7
2026-04-20 09:40:22.010-0500 | EthScheduler-Workers-0 | INFO  | PersistBlockTask | Imported empty block #1,472 / 0 tx / 0 om / 0 (0.0%) gas / (0xc7eee4ed36f71104e320517aa783533d50bc629eec35f79ca0fd142462470598) in 0.002s. Peers: 7
2026-04-20 09:40:27.010-0500 | EthScheduler-Workers-0 | INFO  | PersistBlockTask | Imported empty block #1,473 / 0 tx / 0 om / 0 (0.0%) gas / (0x77e15dbdf335fef0b91c0a43df7d0280d269729fc92a1d32a94f106659f02bc8) in 0.002s. Peers: 7
2026-04-20 09:40:32.011-0500 | EthScheduler-Workers-0 | INFO  | PersistBlockTask | Imported empty block #1,474 / 0 tx / 0 om / 0 (0.0%) gas / (0x46f2b6a014607e006d7c6e1883a9dfa7592e534137cf2d26d676d83ac8058a54) in 0.002s. Peers: 7
2026-04-20 09:40:37.010-0500 | EthScheduler-Workers-0 | INFO  | PersistBlockTask | Imported empty block #1,475 / 0 tx / 0 om / 0 (0.0%) gas / (0x52e7718a1cc9e07fc9d979dccb5934229a329be3356949ddd8df5c7d5f677c33) in 0.002s. Peers: 7
2026-04-20 09:40:42.018-0500 | EthScheduler-Workers-0 | INFO  | PersistBlockTask | Imported empty block #1,476 / 0 tx / 0 om / 0 (0.0%) gas / (0xfa4f75a216c2f16ce02ff476306f1e55654ae36a59ec9a4eb18f793ff740ca2d) in 0.004s. Peers: 7
2026-04-20 09:40:47.011-0500 | EthScheduler-Workers-0 | INFO  | PersistBlockTask | Imported empty block #1,477 / 0 tx / 0 om / 0 (0.0%) gas / (0x5a84a382a4b7ffc312a58f7efabf211a45a02c16d1efec4fccf0ca987bf46deb) in 0.002s. Peers: 7
2026-04-20 09:40:52.009-0500 | EthScheduler-Workers-0 | INFO  | PersistBlockTask | Imported empty block #1,478 / 0 tx / 0 om / 0 (0.0%) gas / (0x69f8d485da3d1d17202c4a09e4a051da32cb0f29e428510e7c473a4022d809ec) in 0.002s. Peers: 7
2026-04-20 09:40:57.008-0500 | EthScheduler-Workers-0 | INFO  | PersistBlockTask | Imported empty block #1,479 / 0 tx / 0 om / 0 (0.0%) gas / (0x93bb1f00cebfbbde851079dbbe3c6cecb117faef7158ab0bdf9fb6f886a0e80e) in 0.001s. Peers: 7
2026-04-20 09:41:02.012-0500 | EthScheduler-Workers-0 | INFO  | PersistBlockTask | Imported empty block #1,480 / 0 tx / 0 om / 0 (0.0%) gas / (0x2a75734ebb628eddd2e842827f9f6b9a3d11c2caebecdb8614897d99cbda52dd) in 0.003s. Peers: 7
2026-04-20 09:41:07.009-0500 | EthScheduler-Workers-0 | INFO  | PersistBlockTask | Imported empty block #1,481 / 0 tx / 0 om / 0 (0.0%) gas / (0x2c8963f05abeef517a37c4e471ab1812bcbf4cfbce48c0cd96a383e64db292b0) in 0.002s. Peers: 7
2026-04-20 09:41:12.010-0500 | EthScheduler-Workers-0 | INFO  | PersistBlockTask | Imported empty block #1,482 / 0 tx / 0 om / 0 (0.0%) gas / (0x78dccaf6920b583514901c91cf5326033bec8bacfcfc9ca6311e759c08073552) in 0.002s. Peers: 7
2026-04-20 09:41:17.015-0500 | EthScheduler-Workers-0 | INFO  | PersistBlockTask | Imported empty block #1,483 / 0 tx / 0 om / 0 (0.0%) gas / (0x691265b999051a70f54114aff7536d27e009f33b4c1dac7efad51c5523920088) in 0.006s. Peers: 7
2026-04-20 09:41:22.014-0500 | EthScheduler-Workers-0 | INFO  | PersistBlockTask | Imported empty block #1,484 / 0 tx / 0 om / 0 (0.0%) gas / (0x2110157885acdced680c3659473f93bcfd468337bc1253d2ab97d17e200492e2) in 0.002s. Peers: 7
2026-04-20 09:41:27.012-0500 | EthScheduler-Workers-0 | INFO  | PersistBlockTask | Imported empty block #1,485 / 0 tx / 0 om / 0 (0.0%) gas / (0x319fe0ff677bc6ca91472cc44327ac240f42e2ecd3329d0815260e25777bc0c5) in 0.002s. Peers: 7
2026-04-20 09:41:32.013-0500 | EthScheduler-Workers-0 | INFO  | PersistBlockTask | Imported empty block #1,486 / 0 tx / 0 om / 0 (0.0%) gas / (0x1d1a8329e075297f0e715c154b76ffc4ddba34dccf9187f748c8707931183a32) in 0.002s. Peers: 7
2026-04-20 09:41:37.012-0500 | EthScheduler-Workers-0 | INFO  | PersistBlockTask | Imported empty block #1,487 / 0 tx / 0 om / 0 (0.0%) gas / (0x5862c20d44cf26b9ba834de9f06e1d5596256d0a630f604bd49f46f97c06cc2e) in 0.002s. Peers: 7
2026-04-20 09:41:42.016-0500 | EthScheduler-Workers-0 | INFO  | PersistBlockTask | Imported empty block #1,488 / 0 tx / 0 om / 0 (0.0%) gas / (0x033e5eb5cd3d355bfd6245225d6dc9f1ccfd971ce953f8595a900c8d7de4ae5a) in 0.002s. Peers: 7
2026-04-20 09:41:47.011-0500 | EthScheduler-Workers-0 | INFO  | PersistBlockTask | Imported empty block #1,489 / 0 tx / 0 om / 0 (0.0%) gas / (0xae6f5b95820f171c3fcb31f3324ed83120bd5933bd141dc6b3e3a76446cfac1c) in 0.002s. Peers: 7
2026-04-20 09:41:52.016-0500 | EthScheduler-Workers-0 | INFO  | PersistBlockTask | Imported empty block #1,490 / 0 tx / 0 om / 0 (0.0%) gas / (0x04644c7dd262bea1bbcc2ac9a7fc9be0fa38787430752915e9817226deaff37b) in 0.003s. Peers: 7
2026-04-20 09:41:57.015-0500 | EthScheduler-Workers-0 | INFO  | PersistBlockTask | Imported empty block #1,491 / 0 tx / 0 om / 0 (0.0%) gas / (0x90e4802c44b21269359753299fe85dfa491241767c1a4f3c9e48ac4159cf72f5) in 0.004s. Peers: 7
2026-04-20 09:42:02.009-0500 | EthScheduler-Workers-0 | INFO  | PersistBlockTask | Imported empty block #1,492 / 0 tx / 0 om / 0 (0.0%) gas / (0x6b06b729924872645a81c65e7978ae591c6a46f33aee74bf77b19962a4c707cd) in 0.002s. Peers: 7
2026-04-20 09:42:07.011-0500 | EthScheduler-Workers-0 | INFO  | PersistBlockTask | Imported empty block #1,493 / 0 tx / 0 om / 0 (0.0%) gas / (0x5bc6711648ca68eaf2367c02790acc48711657c3e52c24f1e4ea9ad77f48dfc6) in 0.002s. Peers: 7
2026-04-20 09:42:12.010-0500 | EthScheduler-Workers-0 | INFO  | PersistBlockTask | Imported empty block #1,494 / 0 tx / 0 om / 0 (0.0%) gas / (0xa030821207fcac09b78d074b9252d76c07fd97bbfa9463eb326cb529741423f0) in 0.002s. Peers: 7
2026-04-20 09:42:17.015-0500 | EthScheduler-Workers-0 | INFO  | PersistBlockTask | Imported empty block #1,495 / 0 tx / 0 om / 0 (0.0%) gas / (0x1f32c1d324932b230fa1f265281f397c94c6e8c3d568ecd79df391eee7c101a0) in 0.003s. Peers: 7
2026-04-20 09:42:22.014-0500 | EthScheduler-Workers-0 | INFO  | PersistBlockTask | Imported empty block #1,496 / 0 tx / 0 om / 0 (0.0%) gas / (0x1dfb1230bc209232402ace37f21e930bb0ab1a7b627d8b924d8543550be7cf3f) in 0.002s. Peers: 7
2026-04-20 09:42:27.015-0500 | EthScheduler-Workers-0 | INFO  | PersistBlockTask | Imported empty block #1,497 / 0 tx / 0 om / 0 (0.0%) gas / (0x346cf1e7ab1e233fed67667df42a29d9af387e9229af2809fe96c56b793610c7) in 0.002s. Peers: 7
2026-04-20 09:42:32.011-0500 | EthScheduler-Workers-0 | INFO  | PersistBlockTask | Imported empty block #1,498 / 0 tx / 0 om / 0 (0.0%) gas / (0xffe5c2e43d767a3bb8056bcb29e8314b74a4c12df7b7ab8c7e28135d0180e029) in 0.002s. Peers: 7
2026-04-20 09:42:37.017-0500 | EthScheduler-Workers-0 | INFO  | PersistBlockTask | Imported empty block #1,499 / 0 tx / 0 om / 0 (0.0%) gas / (0x266f5f38589dcff4c8eae6b495972eee596a440e448856422e3e17d901e0faf3) in 0.003s. Peers: 7
2026-04-20 09:42:42.040-0500 | EthScheduler-Workers-0 | INFO  | PersistBlockTask | Imported empty block #1,500 / 0 tx / 0 om / 0 (0.0%) gas / (0x81a4dcf2aecef2a8136a0e360d3eb014fff2716035ad2f391e5d0dbff3669970) in 0.004s. Peers: 7
2026-04-20 09:42:47.014-0500 | EthScheduler-Workers-0 | INFO  | PersistBlockTask | Imported empty block #1,501 / 0 tx / 0 om / 0 (0.0%) gas / (0xf981eae7a1ba152b2047d14fb6f35adabb8fd41602c60d1fa81e2f4237ce05e7) in 0.003s. Peers: 7
2026-04-20 09:42:52.011-0500 | EthScheduler-Workers-0 | INFO  | PersistBlockTask | Imported empty block #1,502 / 0 tx / 0 om / 0 (0.0%) gas / (0x9788bdfe0aa01b6aa6655bc3c3038ae49f48fbbabdc93a7ccbcba359a2917f3a) in 0.002s. Peers: 7
2026-04-20 09:42:57.015-0500 | EthScheduler-Workers-0 | INFO  | PersistBlockTask | Imported empty block #1,503 / 0 tx / 0 om / 0 (0.0%) gas / (0x1ce83fdfe4ddd4d9eeffc9400f49f5ac43ab65295779a947bf63920fc29fc90b) in 0.003s. Peers: 7
2026-04-20 09:43:02.019-0500 | EthScheduler-Workers-0 | INFO  | PersistBlockTask | Imported empty block #1,504 / 0 tx / 0 om / 0 (0.0%) gas / (0x1b901328904005ed82625b03e8c1e6108313420d310b245598884f7e449a2421) in 0.008s. Peers: 7
2026-04-20 09:43:07.028-0500 | EthScheduler-Workers-0 | INFO  | PersistBlockTask | Imported empty block #1,505 / 0 tx / 0 om / 0 (0.0%) gas / (0x416a1dd68c9196cd32bffc645062e2240f39e33a3ed5620ca33e8f44f2e437b6) in 0.008s. Peers: 7
2026-04-20 09:43:12.017-0500 | EthScheduler-Workers-0 | INFO  | PersistBlockTask | Imported empty block #1,506 / 0 tx / 0 om / 0 (0.0%) gas / (0xa867d95d359f6d8d450bd24e4750a3c6d90a7364bf8c5c8e79f457bb0e8801a1) in 0.005s. Peers: 7
2026-04-20 09:43:17.012-0500 | EthScheduler-Workers-0 | INFO  | PersistBlockTask | Imported empty block #1,507 / 0 tx / 0 om / 0 (0.0%) gas / (0x430e5ffcf510389643575ee4081c07c1ab77a8bfc680fbbed54ca244d1a58f3f) in 0.003s. Peers: 7
2026-04-20 09:43:22.012-0500 | EthScheduler-Workers-0 | INFO  | PersistBlockTask | Imported empty block #1,508 / 0 tx / 0 om / 0 (0.0%) gas / (0x0fc9a0bd19f9b819a87e5d395e5bc8fc554a585e08c2f84868bedf0567723322) in 0.002s. Peers: 7
2026-04-20 09:43:27.012-0500 | EthScheduler-Workers-0 | INFO  | PersistBlockTask | Imported empty block #1,509 / 0 tx / 0 om / 0 (0.0%) gas / (0xea65fcf455593ad7acc54d1e8d092bc478bc3e0bc214f06eb5596e27e2f4df69) in 0.002s. Peers: 7
2026-04-20 09:43:32.012-0500 | EthScheduler-Workers-0 | INFO  | PersistBlockTask | Imported empty block #1,510 / 0 tx / 0 om / 0 (0.0%) gas / (0x10761303d9e70617fc9ba4f033ea15577606a50864f569137a353b988630fb6d) in 0.002s. Peers: 7
2026-04-20 09:43:37.016-0500 | EthScheduler-Workers-0 | INFO  | PersistBlockTask | Imported empty block #1,511 / 0 tx / 0 om / 0 (0.0%) gas / (0x7a2c81f1153fde4b80546afd2af483ff480826a2b237534351f8f7706143b079) in 0.004s. Peers: 7
2026-04-20 09:43:42.010-0500 | EthScheduler-Workers-0 | INFO  | PersistBlockTask | Imported empty block #1,512 / 0 tx / 0 om / 0 (0.0%) gas / (0x85893abd9bae13b0202da1ce746a3610aa814c048edf724cbc2316b3f2438ddd) in 0.002s. Peers: 7
2026-04-20 09:43:47.012-0500 | EthScheduler-Workers-0 | INFO  | PersistBlockTask | Imported empty block #1,513 / 0 tx / 0 om / 0 (0.0%) gas / (0x3db987faa4675c46aaf1e12e035536fae9bc41285764f19192505c276c51d0cc) in 0.002s. Peers: 7
2026-04-20 09:43:52.011-0500 | EthScheduler-Workers-0 | INFO  | PersistBlockTask | Imported empty block #1,514 / 0 tx / 0 om / 0 (0.0%) gas / (0x47ce7dd259e8df6df628863867e7322c34983d432b5a401a9b27e6cf7a915766) in 0.002s. Peers: 7
2026-04-20 09:43:57.013-0500 | EthScheduler-Workers-0 | INFO  | PersistBlockTask | Imported empty block #1,515 / 0 tx / 0 om / 0 (0.0%) gas / (0x4b55bcac856aa820c166b03018dbde50c034b66894f78a8a87d634aefa9f2070) in 0.003s. Peers: 7
2026-04-20 09:44:02.013-0500 | EthScheduler-Workers-0 | INFO  | PersistBlockTask | Imported empty block #1,516 / 0 tx / 0 om / 0 (0.0%) gas / (0x3050cd04f37b940d3fa8f2a989159f460ab22412ead3305062daf237594a0daf) in 0.002s. Peers: 7
2026-04-20 09:44:07.010-0500 | EthScheduler-Workers-0 | INFO  | PersistBlockTask | Imported empty block #1,517 / 0 tx / 0 om / 0 (0.0%) gas / (0x74f47a63e0b9a0f2faeee17410554d4c7a351b4cd7fec19ff30f312bdd2b2bb2) in 0.002s. Peers: 7
2026-04-20 09:44:12.015-0500 | EthScheduler-Workers-0 | INFO  | PersistBlockTask | Imported empty block #1,518 / 0 tx / 0 om / 0 (0.0%) gas / (0xffd3e95d1f97e01c9ae98ca5996f8db41ebcd9bd14acd1ba405234963a3ef4b8) in 0.004s. Peers: 7
2026-04-20 09:44:17.020-0500 | EthScheduler-Workers-0 | INFO  | PersistBlockTask | Imported empty block #1,519 / 0 tx / 0 om / 0 (0.0%) gas / (0x28097ae809f4e7c812056261af41ebb36d7ed9d4b378f8830b8e65d92b643f73) in 0.005s. Peers: 7
2026-04-20 09:44:22.015-0500 | EthScheduler-Workers-0 | INFO  | PersistBlockTask | Imported empty block #1,520 / 0 tx / 0 om / 0 (0.0%) gas / (0xc586a169c9a8a75b5c759ce033205ebbc6f4d4572344c595e0b8ceca80f43551) in 0.003s. Peers: 7
2026-04-20 09:44:27.013-0500 | EthScheduler-Workers-0 | INFO  | PersistBlockTask | Imported empty block #1,521 / 0 tx / 0 om / 0 (0.0%) gas / (0x173c4c84869f52af85d5e504ffef300d5c3e568d89363b93882389f0df4b093a) in 0.002s. Peers: 7
2026-04-20 09:44:32.013-0500 | EthScheduler-Workers-0 | INFO  | PersistBlockTask | Imported empty block #1,522 / 0 tx / 0 om / 0 (0.0%) gas / (0x50ad67fa45e19bc4b2662a8150cfa1c9926505456f30aa16632cf4fdec9369b5) in 0.002s. Peers: 7
2026-04-20 09:44:37.010-0500 | EthScheduler-Workers-0 | INFO  | PersistBlockTask | Imported empty block #1,523 / 0 tx / 0 om / 0 (0.0%) gas / (0x463c6ce09c76144a46afeb406be4cc60f191ef7157ae5ab5c8d1f261fe394fe3) in 0.002s. Peers: 7
2026-04-20 09:44:42.012-0500 | EthScheduler-Workers-0 | INFO  | PersistBlockTask | Imported empty block #1,524 / 0 tx / 0 om / 0 (0.0%) gas / (0xa3896e4884177d90aec17e914a447b91ed154cee4d7532fb5e663af48c5604ee) in 0.002s. Peers: 7
2026-04-20 09:44:47.012-0500 | EthScheduler-Workers-0 | INFO  | PersistBlockTask | Imported empty block #1,525 / 0 tx / 0 om / 0 (0.0%) gas / (0xebd803606e30942907bd2e77b267cca1516563202697505c99329622ccfccf70) in 0.003s. Peers: 7
2026-04-20 09:44:52.011-0500 | EthScheduler-Workers-0 | INFO  | PersistBlockTask | Imported empty block #1,526 / 0 tx / 0 om / 0 (0.0%) gas / (0xc4f1d9ac6dac7d2fb2df7a12301528dabcaf3195b5922b6aabee701c07146228) in 0.002s. Peers: 7
2026-04-20 09:44:57.015-0500 | EthScheduler-Workers-0 | INFO  | PersistBlockTask | Imported empty block #1,527 / 0 tx / 0 om / 0 (0.0%) gas / (0xf9975d7ae7c03a18b9e4125b23cacdcb58402d5dae19d7bbda5594fde95fb0fb) in 0.003s. Peers: 7
2026-04-20 09:45:02.013-0500 | EthScheduler-Workers-0 | INFO  | PersistBlockTask | Imported empty block #1,528 / 0 tx / 0 om / 0 (0.0%) gas / (0xadde6539dc0e836802ad5504d18920316b5d63c5a00451f1e5389f921bdff7f8) in 0.003s. Peers: 7
2026-04-20 09:45:07.012-0500 | EthScheduler-Workers-0 | INFO  | PersistBlockTask | Imported empty block #1,529 / 0 tx / 0 om / 0 (0.0%) gas / (0x8a44b082e5bca39697c1ff5e57ac71de3efc0332158d20b12fbd2e1900cb508a) in 0.002s. Peers: 7
2026-04-20 09:45:12.013-0500 | EthScheduler-Workers-0 | INFO  | PersistBlockTask | Imported empty block #1,530 / 0 tx / 0 om / 0 (0.0%) gas / (0x4e0815e8b2efbc4d619f92a78a6bfc76b91ff4f825efb7de4cc3612f4e685093) in 0.002s. Peers: 7
2026-04-20 09:45:17.017-0500 | EthScheduler-Workers-0 | INFO  | PersistBlockTask | Imported empty block #1,531 / 0 tx / 0 om / 0 (0.0%) gas / (0xb82635c3dbcf900c270879558ea7a53200d7be78d1302f0f9754e4b99d50978a) in 0.004s. Peers: 7
2026-04-20 09:45:22.018-0500 | EthScheduler-Workers-0 | INFO  | PersistBlockTask | Imported empty block #1,532 / 0 tx / 0 om / 0 (0.0%) gas / (0xeb16a331baeab31a10013efc18d334ce665e8bde3c5ee98232e4d82cb7e87c98) in 0.005s. Peers: 7
2026-04-20 09:45:27.011-0500 | EthScheduler-Workers-0 | INFO  | PersistBlockTask | Imported empty block #1,533 / 0 tx / 0 om / 0 (0.0%) gas / (0x6e0813003f7d326384e5509fab2a6f2306c0f45b787bb52634107c713a538135) in 0.002s. Peers: 7
2026-04-20 09:45:32.010-0500 | EthScheduler-Workers-0 | INFO  | PersistBlockTask | Imported empty block #1,534 / 0 tx / 0 om / 0 (0.0%) gas / (0xb0d0a66066c978c6639fbb5f47069b73dc408645ca3b27d9217c29ad3a64a9d7) in 0.002s. Peers: 7
2026-04-20 09:45:37.012-0500 | EthScheduler-Workers-0 | INFO  | PersistBlockTask | Imported empty block #1,535 / 0 tx / 0 om / 0 (0.0%) gas / (0x8cf15353b590e11e3c6cb040148137b54eb706260f67975a2ef5ba07738f0bbc) in 0.003s. Peers: 7
2026-04-20 09:45:42.012-0500 | EthScheduler-Workers-0 | INFO  | PersistBlockTask | Imported empty block #1,536 / 0 tx / 0 om / 0 (0.0%) gas / (0x2f9542397b3ae337054902f9137ac4dc2889c4125cfc7f8dcd3c5065876899aa) in 0.002s. Peers: 7
2026-04-20 09:45:47.012-0500 | EthScheduler-Workers-0 | INFO  | PersistBlockTask | Imported empty block #1,537 / 0 tx / 0 om / 0 (0.0%) gas / (0x3bb4c4f3875c71e29cc9f28b5a6c690617d95755856940b2c52665ca22ddc3db) in 0.002s. Peers: 7
2026-04-20 09:45:52.012-0500 | EthScheduler-Workers-0 | INFO  | PersistBlockTask | Imported empty block #1,538 / 0 tx / 0 om / 0 (0.0%) gas / (0x07852bb303f0fd724e718b9382b524fcd8f7cd938efeef33c2a778e4f1fbd7fd) in 0.002s. Peers: 7
2026-04-20 09:45:57.014-0500 | EthScheduler-Workers-0 | INFO  | PersistBlockTask | Imported empty block #1,539 / 0 tx / 0 om / 0 (0.0%) gas / (0xc58e9747fa92852d2c559576119991dda3ca9be416d980d671cdfe2091fc00a0) in 0.002s. Peers: 7
2026-04-20 09:46:02.014-0500 | EthScheduler-Workers-0 | INFO  | PersistBlockTask | Imported empty block #1,540 / 0 tx / 0 om / 0 (0.0%) gas / (0x10b036ac2d0f2a509e5c8176594c8db9ca2b5e99f607ae9faafd311c435e4c85) in 0.002s. Peers: 7
2026-04-20 09:46:07.011-0500 | EthScheduler-Workers-0 | INFO  | PersistBlockTask | Imported empty block #1,541 / 0 tx / 0 om / 0 (0.0%) gas / (0x1c09e08df3ba7364a522c138454c0fc6d546ec33d49832250d1b7f2a8eccb457) in 0.002s. Peers: 7
2026-04-20 09:46:12.010-0500 | EthScheduler-Workers-0 | INFO  | PersistBlockTask | Imported empty block #1,542 / 0 tx / 0 om / 0 (0.0%) gas / (0xfedbdbcf137580907dc1a8b377a1c1f6f78d993739766c3b96c4d9a9179748d1) in 0.002s. Peers: 7
2026-04-20 09:46:17.011-0500 | EthScheduler-Workers-0 | INFO  | PersistBlockTask | Imported empty block #1,543 / 0 tx / 0 om / 0 (0.0%) gas / (0x4a1bfe0cdf15dc179d17e4fcc361f39dbc0fd9a69d7a16d06f4dafaf3c3f9c02) in 0.002s. Peers: 7
2026-04-20 09:46:22.011-0500 | EthScheduler-Workers-0 | INFO  | PersistBlockTask | Imported empty block #1,544 / 0 tx / 0 om / 0 (0.0%) gas / (0x3dd7cd5f66f054f4fd6b077ff22ee2a1f7d6b9f8fcea974886268236189d0356) in 0.002s. Peers: 7
2026-04-20 09:46:27.012-0500 | EthScheduler-Workers-0 | INFO  | PersistBlockTask | Imported empty block #1,545 / 0 tx / 0 om / 0 (0.0%) gas / (0x0acc2a4629d862269f93ab1a6363f8bcdf4ec4ffb630166ea06955e9d9079a29) in 0.002s. Peers: 7
2026-04-20 09:46:32.016-0500 | EthScheduler-Workers-0 | INFO  | PersistBlockTask | Imported empty block #1,546 / 0 tx / 0 om / 0 (0.0%) gas / (0x2d2e9bc8213a6c824961c0ed3412b50f598080575bb83deb045bd47c7abdb74b) in 0.003s. Peers: 7
2026-04-20 09:46:37.015-0500 | EthScheduler-Workers-0 | INFO  | PersistBlockTask | Imported empty block #1,547 / 0 tx / 0 om / 0 (0.0%) gas / (0x75628386d6af8e01b938d402656037cab2ca80a84c80ab333c8f17d27fffb673) in 0.003s. Peers: 7
2026-04-20 09:46:42.014-0500 | EthScheduler-Workers-0 | INFO  | PersistBlockTask | Imported empty block #1,548 / 0 tx / 0 om / 0 (0.0%) gas / (0x4951ad45406f5c7804636cc7a3b83b934715419250e202c8ccd29a72f6676e0b) in 0.003s. Peers: 7
2026-04-20 09:46:47.011-0500 | EthScheduler-Workers-0 | INFO  | PersistBlockTask | Imported empty block #1,549 / 0 tx / 0 om / 0 (0.0%) gas / (0xda97cb194488a65a35690c1228f73f364337163d5e73da5f81d1cbc83ca760c8) in 0.002s. Peers: 7
2026-04-20 09:46:52.011-0500 | EthScheduler-Workers-0 | INFO  | PersistBlockTask | Imported empty block #1,550 / 0 tx / 0 om / 0 (0.0%) gas / (0x7fbac445554bfa74af8907d3e99738cd53219f4682dc24930366595bede8a886) in 0.002s. Peers: 7
2026-04-20 09:46:57.011-0500 | EthScheduler-Workers-0 | INFO  | PersistBlockTask | Imported empty block #1,551 / 0 tx / 0 om / 0 (0.0%) gas / (0x5ffc508453749c87dfa3cd266ceb7ba2f3aaf028556c97c2a101f81626cf1bfe) in 0.002s. Peers: 7
2026-04-20 09:47:02.010-0500 | EthScheduler-Workers-0 | INFO  | PersistBlockTask | Imported empty block #1,552 / 0 tx / 0 om / 0 (0.0%) gas / (0x40cf870a0128f0cc0a964243be237d797f22b84a8ea478dd3cf4a872fd9f1234) in 0.002s. Peers: 7
2026-04-20 09:47:07.011-0500 | EthScheduler-Workers-0 | INFO  | PersistBlockTask | Imported empty block #1,553 / 0 tx / 0 om / 0 (0.0%) gas / (0x6d0153874bbef0de27ced322ee49cda5d898509680635c8f5f390e8a536977eb) in 0.002s. Peers: 7
2026-04-20 09:47:12.010-0500 | EthScheduler-Workers-0 | INFO  | PersistBlockTask | Imported empty block #1,554 / 0 tx / 0 om / 0 (0.0%) gas / (0x3b5750f6338ba2dfeb86846ea64c45d56ddaeb28209f2a4c94b42b43ca0a541f) in 0.002s. Peers: 7
2026-04-20 09:47:17.018-0500 | EthScheduler-Workers-0 | INFO  | PersistBlockTask | Imported empty block #1,555 / 0 tx / 0 om / 0 (0.0%) gas / (0x1709d33b146bfa0b76b8a30f44fc6062c399400fe45d3e42c204443cf901897e) in 0.004s. Peers: 7
2026-04-20 09:47:22.013-0500 | EthScheduler-Workers-0 | INFO  | PersistBlockTask | Imported empty block #1,556 / 0 tx / 0 om / 0 (0.0%) gas / (0x6f527abd59debbaca215a48de38111e530c0e806116b4de42455f7d4b573cb98) in 0.002s. Peers: 7
2026-04-20 09:47:27.012-0500 | EthScheduler-Workers-0 | INFO  | PersistBlockTask | Imported empty block #1,557 / 0 tx / 0 om / 0 (0.0%) gas / (0xa23cbaa8e594b62079a1bab87d76742b36d5cda3f543db4fc4a69ee6274bd253) in 0.002s. Peers: 7
2026-04-20 09:47:32.010-0500 | EthScheduler-Workers-0 | INFO  | PersistBlockTask | Imported empty block #1,558 / 0 tx / 0 om / 0 (0.0%) gas / (0x62054ece4f96d98ef1ea4a3942c5d35b488981a96993a3637bc1e9579f08c599) in 0.002s. Peers: 7
2026-04-20 09:47:37.009-0500 | EthScheduler-Workers-0 | INFO  | PersistBlockTask | Imported empty block #1,559 / 0 tx / 0 om / 0 (0.0%) gas / (0x54eb10953cca2b6030154468018751d2e48132897b86b82599ac5ea13d9ac9c6) in 0.002s. Peers: 7
2026-04-20 09:47:42.010-0500 | EthScheduler-Workers-0 | INFO  | PersistBlockTask | Imported empty block #1,560 / 0 tx / 0 om / 0 (0.0%) gas / (0x5bc2d099c9cc2d67c9e3f3bed05ba556415a5218d5d76324d946bd7eae6484cc) in 0.002s. Peers: 7
2026-04-20 09:47:47.013-0500 | EthScheduler-Workers-0 | INFO  | PersistBlockTask | Imported empty block #1,561 / 0 tx / 0 om / 0 (0.0%) gas / (0x4aea85acde5eceff7c5e07fb899c35807f349d3772402b1d1794d7958409795a) in 0.003s. Peers: 7
2026-04-20 09:47:52.011-0500 | EthScheduler-Workers-0 | INFO  | PersistBlockTask | Imported empty block #1,562 / 0 tx / 0 om / 0 (0.0%) gas / (0xe67ae7ac9456bde89c45d993153a2acde9065943a32290430e22f64273c0bf2c) in 0.002s. Peers: 7
2026-04-20 09:47:57.010-0500 | EthScheduler-Workers-0 | INFO  | PersistBlockTask | Imported empty block #1,563 / 0 tx / 0 om / 0 (0.0%) gas / (0xd955fe38d6d968d33c7f75b4d7218dfe0b323188b79b1e6c9711369d766c25ea) in 0.002s. Peers: 7
2026-04-20 09:48:02.013-0500 | EthScheduler-Workers-0 | INFO  | PersistBlockTask | Imported empty block #1,564 / 0 tx / 0 om / 0 (0.0%) gas / (0x3bd6bedd9caf3d9fe84d5eb35055f4a5d8237c4f264f1e4758a75ad0780c60f3) in 0.002s. Peers: 7
2026-04-20 09:48:07.011-0500 | EthScheduler-Workers-0 | INFO  | PersistBlockTask | Imported empty block #1,565 / 0 tx / 0 om / 0 (0.0%) gas / (0x747a7f86b78867be2850615bbb8910a97506897e4108232a3d5310bb4b5a891f) in 0.001s. Peers: 7
2026-04-20 09:48:12.010-0500 | EthScheduler-Workers-0 | INFO  | PersistBlockTask | Imported empty block #1,566 / 0 tx / 0 om / 0 (0.0%) gas / (0xc9a956fc560faaf1d0b6c17b1cf09c3fcb1af1216fadd8de5e4bfa216ecb36ed) in 0.003s. Peers: 7
2026-04-20 09:48:17.019-0500 | EthScheduler-Workers-0 | INFO  | PersistBlockTask | Imported empty block #1,567 / 0 tx / 0 om / 0 (0.0%) gas / (0x0e51c7bbb59242c173ba0b951f0a78b08d600a912bccd923d85bc606c04e8d4e) in 0.003s. Peers: 7
2026-04-20 09:48:22.016-0500 | EthScheduler-Workers-0 | INFO  | PersistBlockTask | Imported empty block #1,568 / 0 tx / 0 om / 0 (0.0%) gas / (0xe32943e647196c7c701985d759ace1c0ff7664f2d4f33cbf657ddc55784d68fa) in 0.004s. Peers: 7
2026-04-20 09:48:27.015-0500 | EthScheduler-Workers-0 | INFO  | PersistBlockTask | Imported empty block #1,569 / 0 tx / 0 om / 0 (0.0%) gas / (0x014e12793489d7883254768f47bf43d982b49c9874041a54b3c099db496cbf3c) in 0.003s. Peers: 7
2026-04-20 09:48:32.020-0500 | EthScheduler-Workers-0 | INFO  | PersistBlockTask | Imported empty block #1,570 / 0 tx / 0 om / 0 (0.0%) gas / (0x41e90d276c32f75307e8cb8e04353f43bacdc5569e90ce1cfe2583bcb646d9fb) in 0.002s. Peers: 7
2026-04-20 09:48:37.010-0500 | EthScheduler-Workers-0 | INFO  | PersistBlockTask | Imported empty block #1,571 / 0 tx / 0 om / 0 (0.0%) gas / (0x964f109e2323797dc6f586c2898a7ca8137dc9b5d782ad67b9c74f4ed2e5b44a) in 0.002s. Peers: 7
2026-04-20 09:48:42.010-0500 | EthScheduler-Workers-0 | INFO  | PersistBlockTask | Imported empty block #1,572 / 0 tx / 0 om / 0 (0.0%) gas / (0x6a6033955bd75d706fb422618fcf9d79840b6e85509f7880725b535e2f7b6c4f) in 0.002s. Peers: 7
2026-04-20 09:48:47.011-0500 | EthScheduler-Workers-0 | INFO  | PersistBlockTask | Imported empty block #1,573 / 0 tx / 0 om / 0 (0.0%) gas / (0x5a3361c640f504161b7a2eb2edbd5a8913d1ef2379db7c52a9d1190903f4c3e4) in 0.002s. Peers: 7
2026-04-20 09:48:52.012-0500 | EthScheduler-Workers-0 | INFO  | PersistBlockTask | Imported empty block #1,574 / 0 tx / 0 om / 0 (0.0%) gas / (0x4dcc4a008bba635cc3e6c3fe9d5662d8bc09579d33d8972e0fc3740f2cadebd9) in 0.001s. Peers: 7
2026-04-20 09:48:57.011-0500 | EthScheduler-Workers-0 | INFO  | PersistBlockTask | Imported empty block #1,575 / 0 tx / 0 om / 0 (0.0%) gas / (0x206a5979a620f24bb73e3a6c4e7965f239667355f1c21dba3c80d1124d1a6fe4) in 0.003s. Peers: 7
2026-04-20 09:49:02.016-0500 | EthScheduler-Workers-0 | INFO  | PersistBlockTask | Imported empty block #1,576 / 0 tx / 0 om / 0 (0.0%) gas / (0x3a9833223117ae32b6b1429883be27a7a91df894a885cb25eeae8fccf932ebe1) in 0.004s. Peers: 7
2026-04-20 09:49:07.012-0500 | EthScheduler-Workers-0 | INFO  | PersistBlockTask | Imported empty block #1,577 / 0 tx / 0 om / 0 (0.0%) gas / (0x2ccf79810d2c5335b5f35559140927bdf514dae4e72eadbb2085acb09eeeff41) in 0.003s. Peers: 7
2026-04-20 09:49:12.011-0500 | EthScheduler-Workers-0 | INFO  | PersistBlockTask | Imported empty block #1,578 / 0 tx / 0 om / 0 (0.0%) gas / (0x947835ee997245a0080f5535e7bf08c587ad1a35dfb2ca430ae0f749484600be) in 0.002s. Peers: 7
2026-04-20 09:49:17.012-0500 | EthScheduler-Workers-0 | INFO  | PersistBlockTask | Imported empty block #1,579 / 0 tx / 0 om / 0 (0.0%) gas / (0xa2f4d04eeb1a4f952151b038f6487e9a3cfac2f2cae644da3bec5a52f4775ead) in 0.002s. Peers: 7
2026-04-20 09:49:22.011-0500 | EthScheduler-Workers-0 | INFO  | PersistBlockTask | Imported empty block #1,580 / 0 tx / 0 om / 0 (0.0%) gas / (0x8ffb22a99d21a49981f1f4c52cd45eaa5eadf2ed340fea01cc88699dfc1ac532) in 0.002s. Peers: 7
2026-04-20 09:49:27.016-0500 | EthScheduler-Workers-0 | INFO  | PersistBlockTask | Imported empty block #1,581 / 0 tx / 0 om / 0 (0.0%) gas / (0xd66b882489d536d568dcc238cabbca01a16f9fd3870c08dc4330684ee5272b54) in 0.004s. Peers: 7
2026-04-20 09:49:32.010-0500 | EthScheduler-Workers-0 | INFO  | PersistBlockTask | Imported empty block #1,582 / 0 tx / 0 om / 0 (0.0%) gas / (0xacdc5d374348833a7dbabcca3ed64a73ca1283373f188fd1e1cede8a2f115ecb) in 0.002s. Peers: 7
2026-04-20 09:49:37.011-0500 | EthScheduler-Workers-0 | INFO  | PersistBlockTask | Imported empty block #1,583 / 0 tx / 0 om / 0 (0.0%) gas / (0xe2bfd86c76ea5395dd09fbe5477df32163d7c24c105c365fd99e4f7ac8cc5960) in 0.003s. Peers: 7
2026-04-20 09:49:42.012-0500 | EthScheduler-Workers-0 | INFO  | PersistBlockTask | Imported empty block #1,584 / 0 tx / 0 om / 0 (0.0%) gas / (0xc321c70e44624c987c0971f014f51222002df955af2497378f211180fd4b00b6) in 0.003s. Peers: 7
2026-04-20 09:49:47.012-0500 | EthScheduler-Workers-0 | INFO  | PersistBlockTask | Imported empty block #1,585 / 0 tx / 0 om / 0 (0.0%) gas / (0xffdf34c3bb0af474041a48e83184f6f51e9393a39c532afc4956f5e4e6b6ae67) in 0.002s. Peers: 7
2026-04-20 09:49:52.012-0500 | EthScheduler-Workers-0 | INFO  | PersistBlockTask | Imported empty block #1,586 / 0 tx / 0 om / 0 (0.0%) gas / (0xd693aec537c7c12dae73496741724f939d5bd69662a185f5fb3a0b25811ea2a5) in 0.002s. Peers: 7
2026-04-20 09:49:57.011-0500 | EthScheduler-Workers-0 | INFO  | PersistBlockTask | Imported empty block #1,587 / 0 tx / 0 om / 0 (0.0%) gas / (0xbb993571a8b56d061d02244d42f0526212cabcfd74897c0d59cb7a7df10bb982) in 0.002s. Peers: 7
2026-04-20 09:50:02.010-0500 | EthScheduler-Workers-0 | INFO  | PersistBlockTask | Imported empty block #1,588 / 0 tx / 0 om / 0 (0.0%) gas / (0xe02627669375ec3f7da8a32eb10392b9a3878dc7dcbfffba47138196adf87be0) in 0.002s. Peers: 7
2026-04-20 09:50:07.014-0500 | EthScheduler-Workers-0 | INFO  | PersistBlockTask | Imported empty block #1,589 / 0 tx / 0 om / 0 (0.0%) gas / (0xe0d5eb8322b1fb56f747075f785ebc1b32513918ca0ad014692eb362b070edd1) in 0.003s. Peers: 7
2026-04-20 09:50:12.012-0500 | EthScheduler-Workers-0 | INFO  | PersistBlockTask | Imported empty block #1,590 / 0 tx / 0 om / 0 (0.0%) gas / (0xe69bf5989d76e1512bd5d564b0b200b60dc68e60bdf7e784b9695886f71d624d) in 0.002s. Peers: 7
2026-04-20 09:50:17.010-0500 | EthScheduler-Workers-0 | INFO  | PersistBlockTask | Imported empty block #1,591 / 0 tx / 0 om / 0 (0.0%) gas / (0xa41a953fb9ab611e5160048121fde63cac5ba65e39a75712eeb4d911409ca101) in 0.002s. Peers: 7
2026-04-20 09:50:22.021-0500 | EthScheduler-Workers-0 | INFO  | PersistBlockTask | Imported empty block #1,592 / 0 tx / 0 om / 0 (0.0%) gas / (0xc1507ddf3cb619eb688d2a324a867f403d7b9d867a583d0e9ef0a8911eceb1af) in 0.003s. Peers: 7
2026-04-20 09:50:27.013-0500 | EthScheduler-Workers-0 | INFO  | PersistBlockTask | Imported empty block #1,593 / 0 tx / 0 om / 0 (0.0%) gas / (0x08690649b15ef9fe0516bb905868e0841e9c8bb2c35bf956bf15bd05faa9022e) in 0.002s. Peers: 7
2026-04-20 09:50:32.011-0500 | EthScheduler-Workers-0 | INFO  | PersistBlockTask | Imported empty block #1,594 / 0 tx / 0 om / 0 (0.0%) gas / (0xf4ada899c3fd20bb38cee134149ed799c1f6d6189398bc08625803ba592b9943) in 0.002s. Peers: 7
2026-04-20 09:50:37.015-0500 | EthScheduler-Workers-0 | INFO  | PersistBlockTask | Imported empty block #1,595 / 0 tx / 0 om / 0 (0.0%) gas / (0x86d1a6bcad40c19fa921f06de4919a37cf0b69490f3d88665bacb892ce823466) in 0.002s. Peers: 7
2026-04-20 09:50:42.010-0500 | EthScheduler-Workers-0 | INFO  | PersistBlockTask | Imported empty block #1,596 / 0 tx / 0 om / 0 (0.0%) gas / (0x8feb300c9889a68b9d89984b29a3ea819e693e26fa3816e4e505ab78b0a17452) in 0.002s. Peers: 7
2026-04-20 09:50:47.011-0500 | EthScheduler-Workers-0 | INFO  | PersistBlockTask | Imported empty block #1,597 / 0 tx / 0 om / 0 (0.0%) gas / (0x9a6aa883466745ea5f45ebcb12890855e59c089afd4eeca952f2d1b38b9ed70f) in 0.002s. Peers: 7
2026-04-20 09:50:52.012-0500 | EthScheduler-Workers-0 | INFO  | PersistBlockTask | Imported empty block #1,598 / 0 tx / 0 om / 0 (0.0%) gas / (0x2d1ae94ff608fa632805d54cd499314dc339a79248c7d97c7f5ecee877cf9fd5) in 0.003s. Peers: 7
2026-04-20 09:50:57.011-0500 | EthScheduler-Workers-0 | INFO  | PersistBlockTask | Imported empty block #1,599 / 0 tx / 0 om / 0 (0.0%) gas / (0xc5bd7cd8325ba021fa2ce7233e44df705c675e3f5f53b021f1845666bdcb02bd) in 0.002s. Peers: 7
2026-04-20 09:51:02.011-0500 | EthScheduler-Workers-0 | INFO  | PersistBlockTask | Imported empty block #1,600 / 0 tx / 0 om / 0 (0.0%) gas / (0x151dd720751b7f300a824ca33bd94646f91ed14dee0073da93018d5c5cd4de1a) in 0.002s. Peers: 7
2026-04-20 09:51:07.012-0500 | EthScheduler-Workers-0 | INFO  | PersistBlockTask | Imported empty block #1,601 / 0 tx / 0 om / 0 (0.0%) gas / (0x5e306596410f6e14eea6e3ab8c34796a46f34e12b4978ca28b4f3cee772b31f5) in 0.003s. Peers: 7
2026-04-20 09:51:12.012-0500 | EthScheduler-Workers-0 | INFO  | PersistBlockTask | Imported empty block #1,602 / 0 tx / 0 om / 0 (0.0%) gas / (0x07a6591ba050f139923153108b1979c19e3c79e92153597f257118ad692c22c7) in 0.003s. Peers: 7
2026-04-20 09:51:17.012-0500 | EthScheduler-Workers-0 | INFO  | PersistBlockTask | Imported empty block #1,603 / 0 tx / 0 om / 0 (0.0%) gas / (0xd8b265adef7ef9c5fb6c8df6ea19b590c6d9f1516f34f05a44fcb3af826ad7f4) in 0.002s. Peers: 7
2026-04-20 09:51:22.020-0500 | EthScheduler-Workers-0 | INFO  | PersistBlockTask | Imported empty block #1,604 / 0 tx / 0 om / 0 (0.0%) gas / (0x87ce5fb7a42c7f2247fa9d4c3c30319f797fee57fc5f4178d7afee4619681d21) in 0.002s. Peers: 7
2026-04-20 09:51:27.010-0500 | EthScheduler-Workers-0 | INFO  | PersistBlockTask | Imported empty block #1,605 / 0 tx / 0 om / 0 (0.0%) gas / (0x6be0554f0ab770a5f29d7ed74f9e27d5e2fb580e9b090abd9bd9c1de155b4325) in 0.002s. Peers: 7
2026-04-20 09:51:32.010-0500 | EthScheduler-Workers-0 | INFO  | PersistBlockTask | Imported empty block #1,606 / 0 tx / 0 om / 0 (0.0%) gas / (0xe77e32a9159b3021d4535a32804edabc8c8c2076c262d2413bdbb189f35a45d4) in 0.002s. Peers: 7
2026-04-20 09:51:37.017-0500 | EthScheduler-Workers-0 | INFO  | PersistBlockTask | Imported empty block #1,607 / 0 tx / 0 om / 0 (0.0%) gas / (0xf2f74e5c834595af90d48866fa5be09080f8805b7c26211b6fadc86d77676883) in 0.002s. Peers: 7
2026-04-20 09:51:42.017-0500 | EthScheduler-Workers-0 | INFO  | PersistBlockTask | Imported empty block #1,608 / 0 tx / 0 om / 0 (0.0%) gas / (0xcf413bd13c4b17e91f66e20303c17f87e5f2518b9bf10b70dcf54e175088ab09) in 0.004s. Peers: 7
2026-04-20 09:51:47.013-0500 | EthScheduler-Workers-0 | INFO  | PersistBlockTask | Imported empty block #1,609 / 0 tx / 0 om / 0 (0.0%) gas / (0x55a3c7f89bf8550f19698fac19704b495b4ec4224ed8928ac80f6a46e7ff0524) in 0.003s. Peers: 7
2026-04-20 09:51:52.247-0500 | EthScheduler-Workers-0 | INFO  | PersistBlockTask | Imported block #1,610 / 1 tx / 0 om / 294,264 (1.0%) gas / (0x4d1e8853b62e0acab5e460854c78e275687381aee1965309d0e35303d5690591) in 0.115s. Peers: 7
2026-04-20 09:51:57.014-0500 | EthScheduler-Workers-0 | INFO  | PersistBlockTask | Imported empty block #1,611 / 0 tx / 0 om / 0 (0.0%) gas / (0x1c454720269cf5654f06144c609bed43312a15359d61549e78b4d4ee678722ef) in 0.003s. Peers: 7
2026-04-20 09:52:02.013-0500 | EthScheduler-Workers-0 | INFO  | PersistBlockTask | Imported empty block #1,612 / 0 tx / 0 om / 0 (0.0%) gas / (0x85894e0f64e71c74d66e4b89f0b849543527becac7ee03e910a7521c8d341589) in 0.002s. Peers: 7
2026-04-20 09:52:07.014-0500 | EthScheduler-Workers-0 | INFO  | PersistBlockTask | Imported empty block #1,613 / 0 tx / 0 om / 0 (0.0%) gas / (0x35515c8ef7d9139ee5c249b9bb985d56a1a1aa34f20aef7a7812f7fa507312e5) in 0.004s. Peers: 7
2026-04-20 09:52:12.015-0500 | EthScheduler-Workers-0 | INFO  | PersistBlockTask | Imported empty block #1,614 / 0 tx / 0 om / 0 (0.0%) gas / (0x77e623915eaa692df5ff201e1701dcfb3766cc017d0e7423e373512cb6faeb9d) in 0.004s. Peers: 7
2026-04-20 09:52:17.011-0500 | EthScheduler-Workers-0 | INFO  | PersistBlockTask | Imported empty block #1,615 / 0 tx / 0 om / 0 (0.0%) gas / (0x474b11bf0d3f9752ca968c96e0239acc3f30452784f9deca89e3644860ef5b55) in 0.002s. Peers: 7
2026-04-20 09:52:22.015-0500 | EthScheduler-Workers-0 | INFO  | PersistBlockTask | Imported empty block #1,616 / 0 tx / 0 om / 0 (0.0%) gas / (0x160f78eb9c33de39e696e148a5f35f80b912ef9821ca88f63f02d82991447529) in 0.003s. Peers: 7
2026-04-20 09:52:27.013-0500 | EthScheduler-Workers-0 | INFO  | PersistBlockTask | Imported empty block #1,617 / 0 tx / 0 om / 0 (0.0%) gas / (0xceb4d84c7ea597deef0eecd487f0e8d6af1e652742eecc617654a587be98258b) in 0.002s. Peers: 7
2026-04-20 09:52:32.011-0500 | EthScheduler-Workers-0 | INFO  | PersistBlockTask | Imported empty block #1,618 / 0 tx / 0 om / 0 (0.0%) gas / (0xdc1db5ea84f21c5489af79a315f930aad3b9274b1ad48651b65be9849c935a08) in 0.002s. Peers: 7
2026-04-20 09:52:37.014-0500 | EthScheduler-Workers-0 | INFO  | PersistBlockTask | Imported empty block #1,619 / 0 tx / 0 om / 0 (0.0%) gas / (0x9ffefc6d3eb3a2eecabfe2cebb11850428f320b4b02d94a61ec26cb9f04d9820) in 0.003s. Peers: 7
2026-04-20 09:52:42.010-0500 | EthScheduler-Workers-0 | INFO  | PersistBlockTask | Imported empty block #1,620 / 0 tx / 0 om / 0 (0.0%) gas / (0x2f6dd920b6e44ceba0cf59db1d2a87d1ba4fa8a6cfb41d2b8b465151023e4e87) in 0.002s. Peers: 7
2026-04-20 09:52:47.011-0500 | EthScheduler-Workers-0 | INFO  | PersistBlockTask | Imported empty block #1,621 / 0 tx / 0 om / 0 (0.0%) gas / (0xb5b04906e3305e5e41de9c34c861b98a903e330f543e342dfdc13e24e443589d) in 0.003s. Peers: 7
2026-04-20 09:52:52.012-0500 | EthScheduler-Workers-0 | INFO  | PersistBlockTask | Imported empty block #1,622 / 0 tx / 0 om / 0 (0.0%) gas / (0x404c7f9163d93e730667bdf552aaf16113ace55682eb4dcd1eabf5e45bacebef) in 0.002s. Peers: 7
2026-04-20 09:52:57.013-0500 | EthScheduler-Workers-0 | INFO  | PersistBlockTask | Imported empty block #1,623 / 0 tx / 0 om / 0 (0.0%) gas / (0x5ad8b14ce2b08dc1404b8b24c83623e61197a33d83eecc9d5db6eb015fe883a1) in 0.002s. Peers: 7
2026-04-20 09:53:02.012-0500 | EthScheduler-Workers-0 | INFO  | PersistBlockTask | Imported empty block #1,624 / 0 tx / 0 om / 0 (0.0%) gas / (0x9f45abbd3fea5a23d298f9cbb79c53ac798f3d986d65227e2ad2c6168837cd86) in 0.002s. Peers: 7
2026-04-20 09:53:07.011-0500 | EthScheduler-Workers-0 | INFO  | PersistBlockTask | Imported empty block #1,625 / 0 tx / 0 om / 0 (0.0%) gas / (0x9ae11343a2940f6b57223b78bc2bb081100c567eda4a81f843167c7a6777941a) in 0.003s. Peers: 7
2026-04-20 09:53:12.011-0500 | EthScheduler-Workers-0 | INFO  | PersistBlockTask | Imported empty block #1,626 / 0 tx / 0 om / 0 (0.0%) gas / (0xc3f8c7ef3e83e56d57e332c2f95a2e8925eca931482796bb72841a11770fd1a7) in 0.003s. Peers: 7
2026-04-20 09:53:17.010-0500 | EthScheduler-Workers-0 | INFO  | PersistBlockTask | Imported empty block #1,627 / 0 tx / 0 om / 0 (0.0%) gas / (0x19f83923c767bba9e779b25fd28f2ece24a0d55205b7d8b3de58d9c25adb1eef) in 0.002s. Peers: 7
2026-04-20 09:53:22.010-0500 | EthScheduler-Workers-0 | INFO  | PersistBlockTask | Imported empty block #1,628 / 0 tx / 0 om / 0 (0.0%) gas / (0xfac9b3c2bb27017e08a6f0a35f041b9838c999af0d159553b55c1db9ebccd18f) in 0.002s. Peers: 7
2026-04-20 09:53:27.014-0500 | EthScheduler-Workers-0 | INFO  | PersistBlockTask | Imported empty block #1,629 / 0 tx / 0 om / 0 (0.0%) gas / (0x922e67fba86f1cff1908dad2745a85afdaf0b99433ed62d77c0e62ac15b340d3) in 0.004s. Peers: 7
2026-04-20 09:53:32.017-0500 | EthScheduler-Workers-0 | INFO  | PersistBlockTask | Imported empty block #1,630 / 0 tx / 0 om / 0 (0.0%) gas / (0x6319038e1ef1ead4ee2802a0c1cd48c394b669769c645cfad6275ddf0b66e824) in 0.004s. Peers: 7
2026-04-20 09:53:37.012-0500 | EthScheduler-Workers-0 | INFO  | PersistBlockTask | Imported empty block #1,631 / 0 tx / 0 om / 0 (0.0%) gas / (0xef045f8b2b58c78bd4629a93bd05ba706396406ba2e1edc239f3a91c16dc6060) in 0.002s. Peers: 7
2026-04-20 09:53:42.015-0500 | EthScheduler-Workers-0 | INFO  | PersistBlockTask | Imported empty block #1,632 / 0 tx / 0 om / 0 (0.0%) gas / (0x635cb67ca5fb40a06a0ba5b094b87aad759dbe67d3abb29a0d3a09303d163a6b) in 0.004s. Peers: 7
2026-04-20 09:53:47.031-0500 | EthScheduler-Workers-0 | INFO  | PersistBlockTask | Imported empty block #1,633 / 0 tx / 0 om / 0 (0.0%) gas / (0xe7422740ecb59db42b97790ec0c2569120c9dae998bd493aaa3d6cc50e48de95) in 0.019s. Peers: 7
2026-04-20 09:53:52.023-0500 | EthScheduler-Workers-0 | INFO  | PersistBlockTask | Imported empty block #1,634 / 0 tx / 0 om / 0 (0.0%) gas / (0x7b8c185a3b4c2508bc8518258e799fba0db4b6c18311c2638fc7a6f2ab5d65e8) in 0.010s. Peers: 7
2026-04-20 09:53:57.010-0500 | EthScheduler-Workers-0 | INFO  | PersistBlockTask | Imported empty block #1,635 / 0 tx / 0 om / 0 (0.0%) gas / (0x1133344306f94788f7269f8abf24b2b2aeb490b86c465e3842619a6787f448ff) in 0.002s. Peers: 7
2026-04-20 09:54:02.033-0500 | EthScheduler-Workers-0 | INFO  | PersistBlockTask | Imported empty block #1,636 / 0 tx / 0 om / 0 (0.0%) gas / (0x8b0317803519c4b9ad7254ab081ce943e48b6d1fae0a26e6e03b3ca3afe4a70c) in 0.012s. Peers: 7
2026-04-20 09:54:07.012-0500 | EthScheduler-Workers-0 | INFO  | PersistBlockTask | Imported empty block #1,637 / 0 tx / 0 om / 0 (0.0%) gas / (0x209419743bed9b8f6b11139f530998dba770beace78b30daaf6f482a8749e05e) in 0.002s. Peers: 7
2026-04-20 09:54:12.017-0500 | EthScheduler-Workers-0 | INFO  | PersistBlockTask | Imported empty block #1,638 / 0 tx / 0 om / 0 (0.0%) gas / (0x1f57074c6d6635d34f36328cc2767b4ebf5da41a6a5fc02aa3855ff0a5d6a60f) in 0.004s. Peers: 7
2026-04-20 09:54:17.012-0500 | EthScheduler-Workers-0 | INFO  | PersistBlockTask | Imported empty block #1,639 / 0 tx / 0 om / 0 (0.0%) gas / (0xf7dc981810efbab6e154f2a9936d9e5e7664f5f1a60b70291268fd8d73076fae) in 0.002s. Peers: 7
2026-04-20 09:54:22.015-0500 | EthScheduler-Workers-0 | INFO  | PersistBlockTask | Imported empty block #1,640 / 0 tx / 0 om / 0 (0.0%) gas / (0xd2d2f6ccd5e153f8fcde3bb21bcc728fce572f01bda60aa7c048def4687ee01a) in 0.003s. Peers: 7
2026-04-20 09:54:27.014-0500 | EthScheduler-Workers-0 | INFO  | PersistBlockTask | Imported empty block #1,641 / 0 tx / 0 om / 0 (0.0%) gas / (0x77c3cc33ed52f813e98645730dc5c10fb61f339dd0e7fbff069c8b8909580954) in 0.002s. Peers: 7
2026-04-20 09:54:32.018-0500 | EthScheduler-Workers-0 | INFO  | PersistBlockTask | Imported empty block #1,642 / 0 tx / 0 om / 0 (0.0%) gas / (0xfe9676973dd8f93d7f97ed5c9f7c46353ef906d096a791b09f44baefa9b99525) in 0.002s. Peers: 7
2026-04-20 09:54:37.011-0500 | EthScheduler-Workers-0 | INFO  | PersistBlockTask | Imported empty block #1,643 / 0 tx / 0 om / 0 (0.0%) gas / (0xb9b435ae2576c29e0c32ba071e00a4fd4c9afbf037c40c940a62ae9a4b8663c4) in 0.002s. Peers: 7
2026-04-20 09:54:42.011-0500 | EthScheduler-Workers-0 | INFO  | PersistBlockTask | Imported empty block #1,644 / 0 tx / 0 om / 0 (0.0%) gas / (0x4fc66944e247197f9602d7fb1db43df9b7cc3308a26e388e1b8fc3e1d5b0c2b3) in 0.002s. Peers: 7
2026-04-20 09:54:47.012-0500 | EthScheduler-Workers-0 | INFO  | PersistBlockTask | Imported empty block #1,645 / 0 tx / 0 om / 0 (0.0%) gas / (0x9f6019f0c0fe30ab2a526a1ce445e50bafc3a12c85fe0630432b635e4ea7a299) in 0.002s. Peers: 7
2026-04-20 09:54:52.012-0500 | EthScheduler-Workers-0 | INFO  | PersistBlockTask | Imported empty block #1,646 / 0 tx / 0 om / 0 (0.0%) gas / (0x6d7569f832849634c795fb808e6e797b66ecfa05caac540ca7b1457bcc562828) in 0.002s. Peers: 7
2026-04-20 09:54:57.012-0500 | EthScheduler-Workers-0 | INFO  | PersistBlockTask | Imported empty block #1,647 / 0 tx / 0 om / 0 (0.0%) gas / (0x73d5f857590522eea5a3170b73819f39e7095b1b39e53fd55d941a072092d3d1) in 0.002s. Peers: 7
2026-04-20 09:55:02.010-0500 | EthScheduler-Workers-0 | INFO  | PersistBlockTask | Imported empty block #1,648 / 0 tx / 0 om / 0 (0.0%) gas / (0x8cd86af932c40ece45b4793a5626e0a1001e7e8b9d2a731d3cd0111b4120a77f) in 0.002s. Peers: 7
2026-04-20 09:55:07.011-0500 | EthScheduler-Workers-0 | INFO  | PersistBlockTask | Imported empty block #1,649 / 0 tx / 0 om / 0 (0.0%) gas / (0x1d6a59a0ce7543f7871abfc52a74b819b8979d7597c76786376f863347cf3da7) in 0.002s. Peers: 7
2026-04-20 09:55:12.014-0500 | EthScheduler-Workers-0 | INFO  | PersistBlockTask | Imported empty block #1,650 / 0 tx / 0 om / 0 (0.0%) gas / (0xc93f03cc41c505a1cbaec8b6550d7ebc8ea585be1c7dbacb6a158a7ffcd49ba8) in 0.003s. Peers: 7
2026-04-20 09:55:17.010-0500 | EthScheduler-Workers-0 | INFO  | PersistBlockTask | Imported empty block #1,651 / 0 tx / 0 om / 0 (0.0%) gas / (0x9b6b0dc4b88e819af26a7f1bb75438c04ab11bb6a73bc52a901ce82a747a04b4) in 0.002s. Peers: 7
2026-04-20 09:55:22.009-0500 | EthScheduler-Workers-0 | INFO  | PersistBlockTask | Imported empty block #1,652 / 0 tx / 0 om / 0 (0.0%) gas / (0xf098ec04c4749c14962d13fd72c46937619a6b8c80d130e4becf27e2cf85dd6a) in 0.002s. Peers: 7
2026-04-20 09:55:27.011-0500 | EthScheduler-Workers-0 | INFO  | PersistBlockTask | Imported empty block #1,653 / 0 tx / 0 om / 0 (0.0%) gas / (0x22e34c3304adc75a5faef66b16788bb95bd75950920c398e5120c9a5a21b6a10) in 0.003s. Peers: 7
2026-04-20 09:55:32.010-0500 | EthScheduler-Workers-0 | INFO  | PersistBlockTask | Imported empty block #1,654 / 0 tx / 0 om / 0 (0.0%) gas / (0x522fe1db0f41059fb13672d45ad5c24872d8227109a5ad9bc64475ede9dd0342) in 0.002s. Peers: 7
2026-04-20 09:55:37.013-0500 | EthScheduler-Workers-0 | INFO  | PersistBlockTask | Imported empty block #1,655 / 0 tx / 0 om / 0 (0.0%) gas / (0xe363db394e91d6d96301be3f0083b1d3cefd1d693bf4311d4e2ba043b1697ea1) in 0.002s. Peers: 7
2026-04-20 09:55:42.012-0500 | EthScheduler-Workers-0 | INFO  | PersistBlockTask | Imported empty block #1,656 / 0 tx / 0 om / 0 (0.0%) gas / (0x446e0abe9fc02edc3797bdeb8b296b81135eccfdb55e78a54bd248c49e640a9d) in 0.003s. Peers: 7
2026-04-20 09:55:47.013-0500 | EthScheduler-Workers-0 | INFO  | PersistBlockTask | Imported empty block #1,657 / 0 tx / 0 om / 0 (0.0%) gas / (0x41abee458d635fd5618b5dcef69abbf171cda7162cf29c0c9179871a3cc69631) in 0.003s. Peers: 7
2026-04-20 09:55:52.013-0500 | EthScheduler-Workers-0 | INFO  | PersistBlockTask | Imported empty block #1,658 / 0 tx / 0 om / 0 (0.0%) gas / (0xbde044b21c91ba7b79018e983a9c9f7ff8df1e3c0589a5b3a217131713bea26d) in 0.003s. Peers: 7
2026-04-20 09:55:57.010-0500 | EthScheduler-Workers-0 | INFO  | PersistBlockTask | Imported empty block #1,659 / 0 tx / 0 om / 0 (0.0%) gas / (0x6062fa3d3452d74c90acec3e64dcb3524410a00882dec2ffd627e01447d9a094) in 0.002s. Peers: 7
2026-04-20 09:56:02.011-0500 | EthScheduler-Workers-0 | INFO  | PersistBlockTask | Imported empty block #1,660 / 0 tx / 0 om / 0 (0.0%) gas / (0xea371da7ffb30b216b11efc107e58d8e6ee9ed3b32cf8e6d558b679858f325c9) in 0.003s. Peers: 7
2026-04-20 09:56:07.011-0500 | EthScheduler-Workers-0 | INFO  | PersistBlockTask | Imported empty block #1,661 / 0 tx / 0 om / 0 (0.0%) gas / (0xe6a41b6fc16c4914a596fd4407941b449ccefe4a3fc8a3887b5e8ce81dba1e23) in 0.002s. Peers: 7
2026-04-20 09:56:12.013-0500 | EthScheduler-Workers-0 | INFO  | PersistBlockTask | Imported empty block #1,662 / 0 tx / 0 om / 0 (0.0%) gas / (0x6b1d4bdafbd2e24f7872c0f5bf9ecb7572f46035a44324ec36cd97e1ffe2707e) in 0.002s. Peers: 7
2026-04-20 09:56:17.012-0500 | EthScheduler-Workers-0 | INFO  | PersistBlockTask | Imported empty block #1,663 / 0 tx / 0 om / 0 (0.0%) gas / (0xcb60b634b605804d50cc06bdb7cd6ad9fb0701ec527c2b49460e063ff3480143) in 0.003s. Peers: 7
2026-04-20 09:56:22.011-0500 | EthScheduler-Workers-0 | INFO  | PersistBlockTask | Imported empty block #1,664 / 0 tx / 0 om / 0 (0.0%) gas / (0xe57adf912d8a23ebfdc8774d8a83a9f32e23a89a89108615916f3f08cbe9845c) in 0.002s. Peers: 7
2026-04-20 09:56:27.009-0500 | EthScheduler-Workers-0 | INFO  | PersistBlockTask | Imported empty block #1,665 / 0 tx / 0 om / 0 (0.0%) gas / (0x3c844ce69a0da1cd971199411bed7744a67d206c04310f1eace0445e120aea64) in 0.002s. Peers: 7
2026-04-20 09:56:32.013-0500 | EthScheduler-Workers-0 | INFO  | PersistBlockTask | Imported empty block #1,666 / 0 tx / 0 om / 0 (0.0%) gas / (0x759b45241a2f8b1a48071b359cb85df545c590683c30562d8a222e81544d5245) in 0.003s. Peers: 7
2026-04-20 09:56:37.010-0500 | EthScheduler-Workers-0 | INFO  | PersistBlockTask | Imported empty block #1,667 / 0 tx / 0 om / 0 (0.0%) gas / (0x841ad38133a83ef98eb32968d1a88e9eaf173e03df5bf5cd4689ac87e95d0789) in 0.002s. Peers: 7
2026-04-20 09:56:42.011-0500 | EthScheduler-Workers-0 | INFO  | PersistBlockTask | Imported empty block #1,668 / 0 tx / 0 om / 0 (0.0%) gas / (0x5e5965c1ce8b623b0c800f8fffe98fa4e9f56316554068c093e67a6fc0fd5ddd) in 0.003s. Peers: 7
2026-04-20 09:56:47.013-0500 | EthScheduler-Workers-0 | INFO  | PersistBlockTask | Imported empty block #1,669 / 0 tx / 0 om / 0 (0.0%) gas / (0x082990f99929e59c0cf81924c94838ef58e2121f96edd0bdd3efc277bf93543d) in 0.002s. Peers: 7
2026-04-20 09:56:52.014-0500 | EthScheduler-Workers-0 | INFO  | PersistBlockTask | Imported empty block #1,670 / 0 tx / 0 om / 0 (0.0%) gas / (0x66e93665029779a6e2f7c4dbf2d24b66afe00e83f8ad4fca8036ec2793d8dd29) in 0.004s. Peers: 7
2026-04-20 09:56:57.012-0500 | EthScheduler-Workers-0 | INFO  | PersistBlockTask | Imported empty block #1,671 / 0 tx / 0 om / 0 (0.0%) gas / (0xe0f68f65d50cf47db89f2a0dc63cba8ca4943c203124eeae97c4ad263451c2b8) in 0.002s. Peers: 7
2026-04-20 09:57:02.011-0500 | EthScheduler-Workers-0 | INFO  | PersistBlockTask | Imported empty block #1,672 / 0 tx / 0 om / 0 (0.0%) gas / (0x392d93f9e21ceda88a24a292e779ff2086ce87fd55c2f33e52fe26858d1971d4) in 0.003s. Peers: 7
2026-04-20 09:57:07.014-0500 | EthScheduler-Workers-0 | INFO  | PersistBlockTask | Imported empty block #1,673 / 0 tx / 0 om / 0 (0.0%) gas / (0x6067661a7b84c4e811c50a5fb12ad7d4638b9c2c6779c8a66dfeccfb5f9a89f2) in 0.003s. Peers: 7
2026-04-20 09:57:12.012-0500 | EthScheduler-Workers-0 | INFO  | PersistBlockTask | Imported empty block #1,674 / 0 tx / 0 om / 0 (0.0%) gas / (0xeb3195f67037c9e6e299437e30d062a6fabc13ffd756de619cfb42447a78eca3) in 0.002s. Peers: 7
2026-04-20 09:57:17.011-0500 | EthScheduler-Workers-0 | INFO  | PersistBlockTask | Imported empty block #1,675 / 0 tx / 0 om / 0 (0.0%) gas / (0x19d2dddee15e773b9332e1056a4a68160d0f60647bc5184bcbe4512ed766b728) in 0.001s. Peers: 7
2026-04-20 09:57:22.017-0500 | EthScheduler-Workers-0 | INFO  | PersistBlockTask | Imported empty block #1,676 / 0 tx / 0 om / 0 (0.0%) gas / (0x320899b2308602b85087e82601802961f9720b1bf2da28e644d66f4e0efd2525) in 0.005s. Peers: 7
2026-04-20 09:57:27.013-0500 | EthScheduler-Workers-0 | INFO  | PersistBlockTask | Imported empty block #1,677 / 0 tx / 0 om / 0 (0.0%) gas / (0xe49127e9348498b0058915b19b6dee811c299e369dc69eb5581c851ead8beb2c) in 0.003s. Peers: 7
2026-04-20 09:57:32.013-0500 | EthScheduler-Workers-0 | INFO  | PersistBlockTask | Imported empty block #1,678 / 0 tx / 0 om / 0 (0.0%) gas / (0x89424ea259669e4c0eb3258f38c533000131b58890b1fc813b6cf986d6addf58) in 0.003s. Peers: 7
2026-04-20 09:57:37.019-0500 | EthScheduler-Workers-0 | INFO  | PersistBlockTask | Imported empty block #1,679 / 0 tx / 0 om / 0 (0.0%) gas / (0x9a721342870f9137c88c88dc9c9dde6f5d547afea20023e8d52e9f2c87f10447) in 0.005s. Peers: 7
2026-04-20 09:57:42.011-0500 | EthScheduler-Workers-0 | INFO  | PersistBlockTask | Imported empty block #1,680 / 0 tx / 0 om / 0 (0.0%) gas / (0xa0c048c8a1b7836a9bd943241987e7abea8a8c81409de8a2187ec0e9a2d617ee) in 0.003s. Peers: 7
2026-04-20 09:57:47.012-0500 | EthScheduler-Workers-0 | INFO  | PersistBlockTask | Imported empty block #1,681 / 0 tx / 0 om / 0 (0.0%) gas / (0xc72d44b55d043b6fd7671df2a9025bda7072cd9d358a3e3d321ccabdcb0ec63c) in 0.002s. Peers: 7
2026-04-20 09:57:52.013-0500 | EthScheduler-Workers-0 | INFO  | PersistBlockTask | Imported empty block #1,682 / 0 tx / 0 om / 0 (0.0%) gas / (0xd3d5cf283125804fc97376eef6f760f3803683f31a1b76d2921b199442ed9811) in 0.002s. Peers: 7
2026-04-20 09:57:57.017-0500 | EthScheduler-Workers-0 | INFO  | PersistBlockTask | Imported empty block #1,683 / 0 tx / 0 om / 0 (0.0%) gas / (0xa40d88e98bb5cc1ac1f09ba7c787e1cd8b543441e20dcb4d532584d62d31c4f5) in 0.005s. Peers: 7
2026-04-20 09:58:02.011-0500 | EthScheduler-Workers-0 | INFO  | PersistBlockTask | Imported empty block #1,684 / 0 tx / 0 om / 0 (0.0%) gas / (0x428dff769ff3ac90bdb5246ffb9dcbbdc9456a4459f853abe225cc68b1a7226f) in 0.003s. Peers: 7
2026-04-20 09:58:07.013-0500 | EthScheduler-Workers-0 | INFO  | PersistBlockTask | Imported empty block #1,685 / 0 tx / 0 om / 0 (0.0%) gas / (0xab909db4a8251651dcae9a0831dc6607c6a80d878d9824d9440a6ca1a897fd3b) in 0.003s. Peers: 7
2026-04-20 09:58:12.012-0500 | EthScheduler-Workers-0 | INFO  | PersistBlockTask | Imported empty block #1,686 / 0 tx / 0 om / 0 (0.0%) gas / (0x055633af0efbb6127caec403481a50a90969215d64f300fbdce4a5facae8a857) in 0.002s. Peers: 7
2026-04-20 09:58:17.012-0500 | EthScheduler-Workers-0 | INFO  | PersistBlockTask | Imported empty block #1,687 / 0 tx / 0 om / 0 (0.0%) gas / (0x722027a1d5075efdfc96fd70fab910fe39683243c9ed0ddef3181dd9e5710e97) in 0.002s. Peers: 7
2026-04-20 09:58:22.011-0500 | EthScheduler-Workers-0 | INFO  | PersistBlockTask | Imported empty block #1,688 / 0 tx / 0 om / 0 (0.0%) gas / (0x139f7ef5396a7cae21681b502530eda14a4e8740116f2c60c206d888e5dc85d5) in 0.002s. Peers: 7
2026-04-20 09:58:27.013-0500 | EthScheduler-Workers-0 | INFO  | PersistBlockTask | Imported empty block #1,689 / 0 tx / 0 om / 0 (0.0%) gas / (0x903941fca4d7e79c8eca741ed44201c6b848ed731c3cab9a5b4b730126a34e66) in 0.003s. Peers: 7
2026-04-20 09:58:32.011-0500 | EthScheduler-Workers-0 | INFO  | PersistBlockTask | Imported empty block #1,690 / 0 tx / 0 om / 0 (0.0%) gas / (0xffc81e65ae7b42aa5884b73e18acf526192688601c109dd8183a3a45ebc26f70) in 0.003s. Peers: 7
2026-04-20 09:58:37.011-0500 | EthScheduler-Workers-0 | INFO  | PersistBlockTask | Imported empty block #1,691 / 0 tx / 0 om / 0 (0.0%) gas / (0xd4074f6bacfdedf7fa54b11987e8355a415d682b5512ae9c8e1329cf240a4b5b) in 0.002s. Peers: 7
2026-04-20 09:58:42.010-0500 | EthScheduler-Workers-0 | INFO  | PersistBlockTask | Imported empty block #1,692 / 0 tx / 0 om / 0 (0.0%) gas / (0x86ef551ef22e82c66299fde89d4800e4f10ffea65e126a1a7d51cc971ed3d361) in 0.002s. Peers: 7
2026-04-20 09:58:47.012-0500 | EthScheduler-Workers-0 | INFO  | PersistBlockTask | Imported empty block #1,693 / 0 tx / 0 om / 0 (0.0%) gas / (0x6fbc6a3e7ee52c57a2ccab4a25e62deff4ba3e9177166a6c9b70adb9d04bab54) in 0.002s. Peers: 7
2026-04-20 09:58:52.013-0500 | EthScheduler-Workers-0 | INFO  | PersistBlockTask | Imported empty block #1,694 / 0 tx / 0 om / 0 (0.0%) gas / (0x7348128e177c7460ec8e2ee04f302c802c5cf40da1f453a00f3ece35501fc939) in 0.002s. Peers: 7
2026-04-20 09:58:57.014-0500 | EthScheduler-Workers-0 | INFO  | PersistBlockTask | Imported empty block #1,695 / 0 tx / 0 om / 0 (0.0%) gas / (0x8e87a897222c12b39ba173ec218d6fd9a013b0247d73a1e7a4b538507bc25d35) in 0.002s. Peers: 7
2026-04-20 09:59:02.012-0500 | EthScheduler-Workers-0 | INFO  | PersistBlockTask | Imported empty block #1,696 / 0 tx / 0 om / 0 (0.0%) gas / (0xbdb501a8794ede7fb833caa47e43b81aee6248beb2cee178bdcacc5d33003cc9) in 0.003s. Peers: 7
2026-04-20 09:59:07.011-0500 | EthScheduler-Workers-0 | INFO  | PersistBlockTask | Imported empty block #1,697 / 0 tx / 0 om / 0 (0.0%) gas / (0xd0c878cf8917e8155cc1d80c90c45e9b245e19c520e8cb084130e5d100ba9b80) in 0.002s. Peers: 7
2026-04-20 09:59:12.012-0500 | EthScheduler-Workers-0 | INFO  | PersistBlockTask | Imported empty block #1,698 / 0 tx / 0 om / 0 (0.0%) gas / (0xae5bd5c9a2c43a1abb0643919d6040925e5881f26b6295e12328f150dd2fd5fa) in 0.002s. Peers: 7
2026-04-20 09:59:17.012-0500 | EthScheduler-Workers-0 | INFO  | PersistBlockTask | Imported empty block #1,699 / 0 tx / 0 om / 0 (0.0%) gas / (0x35d1f59e6eb1febf0215d049cd6eabebb4ccdde4e7d9c603df3be1ed2f7043fd) in 0.001s. Peers: 7
2026-04-20 09:59:22.020-0500 | EthScheduler-Workers-0 | INFO  | PersistBlockTask | Imported empty block #1,700 / 0 tx / 0 om / 0 (0.0%) gas / (0xc88639dfb126387651e28d08e0d8365d42d5b6717d62df0feb82aec3ddcf64f4) in 0.003s. Peers: 7
2026-04-20 09:59:27.009-0500 | EthScheduler-Workers-0 | INFO  | PersistBlockTask | Imported empty block #1,701 / 0 tx / 0 om / 0 (0.0%) gas / (0xd4c27a8b4c5e3367e433259a70c77ddbc84d0eb704dd86d3b54e15045b860107) in 0.002s. Peers: 7
2026-04-20 09:59:32.010-0500 | EthScheduler-Workers-0 | INFO  | PersistBlockTask | Imported empty block #1,702 / 0 tx / 0 om / 0 (0.0%) gas / (0x0d0e7ef5ad34edcbf0aa760bb231da5d6eea99a8d82a3c4318095527bc77d075) in 0.002s. Peers: 7
2026-04-20 09:59:37.018-0500 | EthScheduler-Workers-0 | INFO  | PersistBlockTask | Imported empty block #1,703 / 0 tx / 0 om / 0 (0.0%) gas / (0x48088fe4e2e1407278fa955c6a9a62573acef71971f02f425e56ec3bf94fcb81) in 0.001s. Peers: 7
2026-04-20 09:59:42.008-0500 | EthScheduler-Workers-0 | INFO  | PersistBlockTask | Imported empty block #1,704 / 0 tx / 0 om / 0 (0.0%) gas / (0x1a3e0d88bda112007711e7d36035e9669a2ce5f880db0ff478bae605296e3558) in 0.002s. Peers: 7
2026-04-20 09:59:47.009-0500 | EthScheduler-Workers-0 | INFO  | PersistBlockTask | Imported empty block #1,705 / 0 tx / 0 om / 0 (0.0%) gas / (0x78ba8d791f147cd2b8d02f8e8bd085d554ec597ba2f14ca2729e1139860b9a63) in 0.002s. Peers: 7
2026-04-20 09:59:52.014-0500 | EthScheduler-Workers-0 | INFO  | PersistBlockTask | Imported empty block #1,706 / 0 tx / 0 om / 0 (0.0%) gas / (0x05d6eb703c788b202d0e2747b527fd064bf14b72a7c529bfb05f40549f639110) in 0.002s. Peers: 7
2026-04-20 09:59:57.009-0500 | EthScheduler-Workers-0 | INFO  | PersistBlockTask | Imported empty block #1,707 / 0 tx / 0 om / 0 (0.0%) gas / (0xb62fca7fc44af5bc71d6088bd76d9754ab648cfd6bf7343181981c4397cae0e1) in 0.002s. Peers: 7
2026-04-20 10:00:02.013-0500 | EthScheduler-Workers-0 | INFO  | PersistBlockTask | Imported empty block #1,708 / 0 tx / 0 om / 0 (0.0%) gas / (0x7689ab98f3e7886752145284416cb5ee46c6590e9986bf1d523086040da8eb0e) in 0.002s. Peers: 7
2026-04-20 10:00:07.022-0500 | EthScheduler-Workers-0 | INFO  | PersistBlockTask | Imported empty block #1,709 / 0 tx / 0 om / 0 (0.0%) gas / (0x7c44d0ef331aeb2b0bad21bef3929f31b779e607b69902bbce5e39d3f426a166) in 0.006s. Peers: 7
2026-04-20 10:00:12.017-0500 | EthScheduler-Workers-0 | INFO  | PersistBlockTask | Imported empty block #1,710 / 0 tx / 0 om / 0 (0.0%) gas / (0xc9a2bb5b8cada975f637f198e0059b9d679dd25975dd0c8cfed56006ca79797a) in 0.002s. Peers: 7
2026-04-20 10:00:17.029-0500 | EthScheduler-Workers-0 | INFO  | PersistBlockTask | Imported empty block #1,711 / 0 tx / 0 om / 0 (0.0%) gas / (0x318536740babb43b451c2d152f200e3ba6922692dbd3caf716f15b17649155f0) in 0.002s. Peers: 7
2026-04-20 10:00:22.018-0500 | EthScheduler-Workers-0 | INFO  | PersistBlockTask | Imported empty block #1,712 / 0 tx / 0 om / 0 (0.0%) gas / (0x63f4397914cf46108c07fa4628b2a9c75223038db94f55a8db461375f3851da5) in 0.002s. Peers: 7
2026-04-20 10:00:27.012-0500 | EthScheduler-Workers-0 | INFO  | PersistBlockTask | Imported empty block #1,713 / 0 tx / 0 om / 0 (0.0%) gas / (0xd059b2718d25394590d1f4a8b0fdbf73cc4d44399bbd6a0f83b50a5ada9a6cb0) in 0.002s. Peers: 7
2026-04-20 10:00:32.014-0500 | EthScheduler-Workers-0 | INFO  | PersistBlockTask | Imported empty block #1,714 / 0 tx / 0 om / 0 (0.0%) gas / (0xcd13707ad85e6a97509a2fdcc0cab87764313c403ddd3ff2dfa56b077024b35d) in 0.002s. Peers: 7
2026-04-20 10:00:37.018-0500 | EthScheduler-Workers-0 | INFO  | PersistBlockTask | Imported empty block #1,715 / 0 tx / 0 om / 0 (0.0%) gas / (0xb074e138fc263f33351766d751708bbaf8520264d2833e5e489dca664961664d) in 0.002s. Peers: 7
2026-04-20 10:00:42.019-0500 | EthScheduler-Workers-0 | INFO  | PersistBlockTask | Imported empty block #1,716 / 0 tx / 0 om / 0 (0.0%) gas / (0xa88aeadd9596c87829887b4cc22080cfb30ae25f139e8d56bd1b33cbf8d437dc) in 0.002s. Peers: 7
2026-04-20 10:00:47.009-0500 | EthScheduler-Workers-0 | INFO  | PersistBlockTask | Imported empty block #1,717 / 0 tx / 0 om / 0 (0.0%) gas / (0xacbaa433608ad6a90dfbcb33f5292c39d428ed5eb24fd20bd5d9d4babd1c71be) in 0.002s. Peers: 7
2026-04-20 10:00:52.016-0500 | EthScheduler-Workers-0 | INFO  | PersistBlockTask | Imported empty block #1,718 / 0 tx / 0 om / 0 (0.0%) gas / (0xe2947529b5f5f3a5f35b4b5c988e8da68af511af3131b49473898d0e2f697c81) in 0.003s. Peers: 7
2026-04-20 10:00:57.026-0500 | EthScheduler-Workers-0 | INFO  | PersistBlockTask | Imported empty block #1,719 / 0 tx / 0 om / 0 (0.0%) gas / (0xc5f3238b178d65ed77803da2db755a590e875a9f9e8231e71275b46ade287c5c) in 0.004s. Peers: 7
2026-04-20 10:01:02.024-0500 | EthScheduler-Workers-0 | INFO  | PersistBlockTask | Imported empty block #1,720 / 0 tx / 0 om / 0 (0.0%) gas / (0x2596ebadb3e77d7f14ecc87b9508f31db0094653431630c3d01102444d56cd32) in 0.002s. Peers: 7
2026-04-20 10:01:07.018-0500 | EthScheduler-Workers-0 | INFO  | PersistBlockTask | Imported empty block #1,721 / 0 tx / 0 om / 0 (0.0%) gas / (0xb37b0ab4a7f36cf61c65a52faa3633b6772ab1b99bab85d9dac3d1910752de3b) in 0.002s. Peers: 7
2026-04-20 10:01:12.017-0500 | EthScheduler-Workers-0 | INFO  | PersistBlockTask | Imported empty block #1,722 / 0 tx / 0 om / 0 (0.0%) gas / (0x4d7f0d94b27b9b26c3a2455b38b506d7c5410a55e89a3a070ccafa6dde8220bb) in 0.002s. Peers: 7
2026-04-20 10:01:17.019-0500 | EthScheduler-Workers-0 | INFO  | PersistBlockTask | Imported empty block #1,723 / 0 tx / 0 om / 0 (0.0%) gas / (0x8e86308ab1c79911dd1c84e062b25481264092d4c0af43bfeaa3a2b876a5f123) in 0.003s. Peers: 7
2026-04-20 10:01:22.022-0500 | EthScheduler-Workers-0 | INFO  | PersistBlockTask | Imported empty block #1,724 / 0 tx / 0 om / 0 (0.0%) gas / (0xf214d6473fabe47763499198c6943994c31964df06941ed701bb28251476aac4) in 0.003s. Peers: 7
2026-04-20 10:01:27.024-0500 | EthScheduler-Workers-0 | INFO  | PersistBlockTask | Imported empty block #1,725 / 0 tx / 0 om / 0 (0.0%) gas / (0xd720c709b63ff61c2a599a3015aaebf4ae7ca6ded8326b3e4cbb546fe08bdfa2) in 0.003s. Peers: 7
2026-04-20 10:01:32.020-0500 | EthScheduler-Workers-0 | INFO  | PersistBlockTask | Imported empty block #1,726 / 0 tx / 0 om / 0 (0.0%) gas / (0x188d1dbe8339daf13c14c54e08ea7d16c858455f441c0b2259ebe07f246a727f) in 0.002s. Peers: 7
2026-04-20 10:01:37.019-0500 | EthScheduler-Workers-0 | INFO  | PersistBlockTask | Imported empty block #1,727 / 0 tx / 0 om / 0 (0.0%) gas / (0xed1e1c7492fdeb72c75660893c3bc4f217a548e6451561f9ee207b56fbe16a70) in 0.002s. Peers: 7
2026-04-20 10:01:42.010-0500 | EthScheduler-Workers-0 | INFO  | PersistBlockTask | Imported empty block #1,728 / 0 tx / 0 om / 0 (0.0%) gas / (0xa4c6ac2bc61a271214089284eb3f620863e5245b03ec4fcda393219f28f185b8) in 0.002s. Peers: 7
2026-04-20 10:01:47.020-0500 | EthScheduler-Workers-0 | INFO  | PersistBlockTask | Imported empty block #1,729 / 0 tx / 0 om / 0 (0.0%) gas / (0xe6b9e68e41b8c20a0552a944bc4560e4958d8c36e351a846842b7a53fc48aaee) in 0.002s. Peers: 7
2026-04-20 10:01:52.016-0500 | EthScheduler-Workers-0 | INFO  | PersistBlockTask | Imported empty block #1,730 / 0 tx / 0 om / 0 (0.0%) gas / (0x94cebe1fe7e8a8e5688e154fc296f09ef8a5879ad870bb0caa576416077d7006) in 0.002s. Peers: 7
2026-04-20 10:01:57.025-0500 | EthScheduler-Workers-0 | INFO  | PersistBlockTask | Imported empty block #1,731 / 0 tx / 0 om / 0 (0.0%) gas / (0x096d757283649fa6727727d94d7682f43c8b915f88bd3b4695e362a087e3aaf2) in 0.003s. Peers: 7
2026-04-20 10:02:02.016-0500 | EthScheduler-Workers-0 | INFO  | PersistBlockTask | Imported empty block #1,732 / 0 tx / 0 om / 0 (0.0%) gas / (0x141191b331d22564dde10892642476d502c74e1a6bdd2d04c40ba029b6a744be) in 0.001s. Peers: 7
2026-04-20 10:02:07.018-0500 | EthScheduler-Workers-0 | INFO  | PersistBlockTask | Imported empty block #1,733 / 0 tx / 0 om / 0 (0.0%) gas / (0xc2142be7810e0aba19ab4ccac45f251dbba701f912b98b5ce11996d9f04d1c05) in 0.002s. Peers: 7
2026-04-20 10:02:12.010-0500 | EthScheduler-Workers-0 | INFO  | PersistBlockTask | Imported empty block #1,734 / 0 tx / 0 om / 0 (0.0%) gas / (0xa2130b3a8d012098b7bbe9a466377204772609bf0ff4ab58630c09c7b713177d) in 0.001s. Peers: 7
2026-04-20 10:02:17.015-0500 | EthScheduler-Workers-0 | INFO  | PersistBlockTask | Imported empty block #1,735 / 0 tx / 0 om / 0 (0.0%) gas / (0xb2d59a6a2ed70cde03389749c3dad427624b698d5536f282c8037503148c0c0f) in 0.001s. Peers: 7
2026-04-20 10:02:22.020-0500 | EthScheduler-Workers-0 | INFO  | PersistBlockTask | Imported empty block #1,736 / 0 tx / 0 om / 0 (0.0%) gas / (0xccdc305cad267deea47491e91dc9f62e2ecb33918b6fb39161f6b7f90d0b725d) in 0.003s. Peers: 7
2026-04-20 10:02:27.018-0500 | EthScheduler-Workers-0 | INFO  | PersistBlockTask | Imported empty block #1,737 / 0 tx / 0 om / 0 (0.0%) gas / (0x6daf58516ec446d8541debce0f765e36fafec31180d05d609bfc97a6f08190e0) in 0.003s. Peers: 7
2026-04-20 10:02:32.015-0500 | EthScheduler-Workers-0 | INFO  | PersistBlockTask | Imported empty block #1,738 / 0 tx / 0 om / 0 (0.0%) gas / (0xc8d83327ef7768539405a2e4328ae36bcf67bb532055a9c940afd1cfd3475b54) in 0.001s. Peers: 7
2026-04-20 10:02:37.008-0500 | EthScheduler-Workers-0 | INFO  | PersistBlockTask | Imported empty block #1,739 / 0 tx / 0 om / 0 (0.0%) gas / (0xcef303cb261200ab68d42d45d4ecb00a4508d298fb65d2bae6cd69ef396e1e37) in 0.001s. Peers: 7
2026-04-20 10:02:42.014-0500 | EthScheduler-Workers-0 | INFO  | PersistBlockTask | Imported empty block #1,740 / 0 tx / 0 om / 0 (0.0%) gas / (0x654b8500c1c8ca41c1984feb368cb88e2a67ab0df87818fcb5296b492779f755) in 0.002s. Peers: 7
2026-04-20 10:02:47.016-0500 | EthScheduler-Workers-0 | INFO  | PersistBlockTask | Imported empty block #1,741 / 0 tx / 0 om / 0 (0.0%) gas / (0x2569ab3d4c72ccb415bf81cdcfa945df090b1bebdf0f0389e17e4856e5d01bf3) in 0.002s. Peers: 7
2026-04-20 10:02:52.017-0500 | EthScheduler-Workers-0 | INFO  | PersistBlockTask | Imported empty block #1,742 / 0 tx / 0 om / 0 (0.0%) gas / (0x1c82ffcc54bcfbac6c6dc39f6859af8fdc2ea7988baec3e691ec9622cae28e6e) in 0.003s. Peers: 7
2026-04-20 10:02:57.010-0500 | EthScheduler-Workers-0 | INFO  | PersistBlockTask | Imported empty block #1,743 / 0 tx / 0 om / 0 (0.0%) gas / (0x4fded56fc949a882a75db320cc83fb69c9232ee563f7fa26cc1c8970b17da5cb) in 0.002s. Peers: 7
2026-04-20 10:03:02.008-0500 | EthScheduler-Workers-0 | INFO  | PersistBlockTask | Imported empty block #1,744 / 0 tx / 0 om / 0 (0.0%) gas / (0x203f32c8e11656cc1ed42eb4889ea37d91cf2592e66f9cb7c9f77f153528d80e) in 0.002s. Peers: 7
2026-04-20 10:03:07.012-0500 | EthScheduler-Workers-0 | INFO  | PersistBlockTask | Imported empty block #1,745 / 0 tx / 0 om / 0 (0.0%) gas / (0xaef0d770b5e4c16827c846365537a21d81623268f54facaaa181a30c28996e59) in 0.003s. Peers: 7
2026-04-20 10:03:12.014-0500 | EthScheduler-Workers-0 | INFO  | PersistBlockTask | Imported empty block #1,746 / 0 tx / 0 om / 0 (0.0%) gas / (0x6fa8d300bbc2db6cada2464ad1f3171685e8a8afca02e529adff1c3720921187) in 0.003s. Peers: 7
2026-04-20 10:03:17.024-0500 | EthScheduler-Workers-0 | INFO  | PersistBlockTask | Imported empty block #1,747 / 0 tx / 0 om / 0 (0.0%) gas / (0xa0cc5b33b5beaa14385f564b82c232f7986189af340f684f34342e0cd0846791) in 0.003s. Peers: 7
2026-04-20 10:03:22.019-0500 | EthScheduler-Workers-0 | INFO  | PersistBlockTask | Imported empty block #1,748 / 0 tx / 0 om / 0 (0.0%) gas / (0x925e094fe16cb7af4ac8fc4f02bbaa8118d3d42f089b456fa87e559a2fabe590) in 0.001s. Peers: 7
2026-04-20 10:03:27.019-0500 | EthScheduler-Workers-0 | INFO  | PersistBlockTask | Imported empty block #1,749 / 0 tx / 0 om / 0 (0.0%) gas / (0x4a275b2277db1306591902e9b9cca5166d8d8b714c7d632e081d12530ef6d9b8) in 0.002s. Peers: 7
2026-04-20 10:03:32.019-0500 | EthScheduler-Workers-0 | INFO  | PersistBlockTask | Imported empty block #1,750 / 0 tx / 0 om / 0 (0.0%) gas / (0x0cf47af38c030eddd916368d835dcf904e3a5efce32abc2b79756eaea1afca42) in 0.004s. Peers: 7
2026-04-20 10:03:37.025-0500 | EthScheduler-Workers-0 | INFO  | PersistBlockTask | Imported empty block #1,751 / 0 tx / 0 om / 0 (0.0%) gas / (0x099db0275326f4a852cba0b5274ee63460aeaed394476baec66931498b1bf26a) in 0.005s. Peers: 7
2026-04-20 10:03:42.012-0500 | EthScheduler-Workers-0 | INFO  | PersistBlockTask | Imported empty block #1,752 / 0 tx / 0 om / 0 (0.0%) gas / (0xfbc5d73ddaae6eef554db547036aedce7144c05c1653af5f28b1070792cf55dc) in 0.001s. Peers: 7
2026-04-20 10:03:47.021-0500 | EthScheduler-Workers-0 | INFO  | PersistBlockTask | Imported empty block #1,753 / 0 tx / 0 om / 0 (0.0%) gas / (0x1fc29ee3a84035077490846acbd57e7c997e9b56cb7cfe82c3b9ae0a3daf6152) in 0.004s. Peers: 7
2026-04-20 10:03:52.015-0500 | EthScheduler-Workers-0 | INFO  | PersistBlockTask | Imported empty block #1,754 / 0 tx / 0 om / 0 (0.0%) gas / (0x8afe157718d4ff307e55148acf2be2ec84e023e751e6aca06e2166433153dd2e) in 0.002s. Peers: 7
2026-04-20 10:03:57.017-0500 | EthScheduler-Workers-0 | INFO  | PersistBlockTask | Imported empty block #1,755 / 0 tx / 0 om / 0 (0.0%) gas / (0x8cdb05632ad57cc7055de8b5bc23d7b7b4f8ba51f50e0c37c6b3a6e4278ce54d) in 0.002s. Peers: 7
2026-04-20 10:04:02.014-0500 | EthScheduler-Workers-0 | INFO  | PersistBlockTask | Imported empty block #1,756 / 0 tx / 0 om / 0 (0.0%) gas / (0xec63d937e2a227799cbd0887bef772a73aff1343241f6342b06c1075b5e37fca) in 0.001s. Peers: 7
2026-04-20 10:04:07.014-0500 | EthScheduler-Workers-0 | INFO  | PersistBlockTask | Imported empty block #1,757 / 0 tx / 0 om / 0 (0.0%) gas / (0x2aea959a98e4e22c06d493b0d2d93a15aa76abed727841d6bd34fc5624f20d10) in 0.002s. Peers: 7
2026-04-20 10:04:12.015-0500 | EthScheduler-Workers-0 | INFO  | PersistBlockTask | Imported empty block #1,758 / 0 tx / 0 om / 0 (0.0%) gas / (0x4d73d6534866cac7ceef4297c659b75ae11403042ba225b5cf1cf6362a4bd642) in 0.002s. Peers: 7
2026-04-20 10:04:17.013-0500 | EthScheduler-Workers-0 | INFO  | PersistBlockTask | Imported empty block #1,759 / 0 tx / 0 om / 0 (0.0%) gas / (0xd8d729742a9f8c23fab97180d5533845c243951f4e7e56b81ed2628fc033b280) in 0.003s. Peers: 7
2026-04-20 10:04:22.023-0500 | EthScheduler-Workers-0 | INFO  | PersistBlockTask | Imported empty block #1,760 / 0 tx / 0 om / 0 (0.0%) gas / (0x031ea517695f4a4e22a989f5de9469693551810be3bba586f83ac4d497a12b37) in 0.003s. Peers: 7
2026-04-20 10:04:27.021-0500 | EthScheduler-Workers-0 | INFO  | PersistBlockTask | Imported empty block #1,761 / 0 tx / 0 om / 0 (0.0%) gas / (0x661b2f1104805610956559b6a98861aac4228090f197e97679d08e1ced89320a) in 0.007s. Peers: 7
2026-04-20 10:04:32.010-0500 | EthScheduler-Workers-0 | INFO  | PersistBlockTask | Imported empty block #1,762 / 0 tx / 0 om / 0 (0.0%) gas / (0x656cb63a7d4b565aa122272eff028f2b27f9623f3a77b4f40930f891d04263a5) in 0.002s. Peers: 7
2026-04-20 10:04:37.012-0500 | EthScheduler-Workers-0 | INFO  | PersistBlockTask | Imported empty block #1,763 / 0 tx / 0 om / 0 (0.0%) gas / (0x89ab59d9fa106bed6442d32cc5e063bceaa071c88c7828eb0079d268981da54c) in 0.002s. Peers: 7
2026-04-20 10:04:42.012-0500 | EthScheduler-Workers-0 | INFO  | PersistBlockTask | Imported empty block #1,764 / 0 tx / 0 om / 0 (0.0%) gas / (0xf7f4579d6e6db0170824adc8a8cc627cc5a3f08879df7c5a68d186e43269f6b7) in 0.002s. Peers: 7
2026-04-20 10:04:47.009-0500 | EthScheduler-Workers-0 | INFO  | PersistBlockTask | Imported empty block #1,765 / 0 tx / 0 om / 0 (0.0%) gas / (0xd405b17dbe58fe0e51478553b76f7c563419eb51e6f8a82ac0672cf603848812) in 0.002s. Peers: 7
2026-04-20 10:04:52.015-0500 | EthScheduler-Workers-0 | INFO  | PersistBlockTask | Imported empty block #1,766 / 0 tx / 0 om / 0 (0.0%) gas / (0xa594ea0ec538124d9898933d08299ac7d9dd401b3151d05b7194d12581e7cede) in 0.003s. Peers: 7
2026-04-20 10:04:57.014-0500 | EthScheduler-Workers-0 | INFO  | PersistBlockTask | Imported empty block #1,767 / 0 tx / 0 om / 0 (0.0%) gas / (0x9f7e2d6c772971c2738102dec8e7df6d2b4a38618e09c518387353d66863d2d7) in 0.001s. Peers: 7
2026-04-20 10:05:02.016-0500 | EthScheduler-Workers-0 | INFO  | PersistBlockTask | Imported empty block #1,768 / 0 tx / 0 om / 0 (0.0%) gas / (0x46428e0f533b44f8a8fce0f84bbe6151895f0cd2efa4cb01180bd1bb5783a175) in 0.002s. Peers: 7
2026-04-20 10:05:07.012-0500 | EthScheduler-Workers-0 | INFO  | PersistBlockTask | Imported empty block #1,769 / 0 tx / 0 om / 0 (0.0%) gas / (0x489c8f603d2f55ae05b008ba5b536993433e0a674bb36a5bdf750b7a09c0d9a5) in 0.001s. Peers: 7
2026-04-20 10:05:12.013-0500 | EthScheduler-Workers-0 | INFO  | PersistBlockTask | Imported empty block #1,770 / 0 tx / 0 om / 0 (0.0%) gas / (0x85f6e2e26e7fe0ccdbd92fbc0f28bfe4332181c2b587f8b2a379c663aef9d29f) in 0.001s. Peers: 7
2026-04-20 10:05:17.012-0500 | EthScheduler-Workers-0 | INFO  | PersistBlockTask | Imported empty block #1,771 / 0 tx / 0 om / 0 (0.0%) gas / (0x39878744ca6a71d288240d234417199b7ff76016062c074ac4025e5cea8ad816) in 0.001s. Peers: 7
2026-04-20 10:05:22.018-0500 | EthScheduler-Workers-0 | INFO  | PersistBlockTask | Imported empty block #1,772 / 0 tx / 0 om / 0 (0.0%) gas / (0xa9d121c6a87123c58216c963640f5a8aabf4e593314726e31fa67c791a6839d1) in 0.003s. Peers: 7
2026-04-20 10:05:27.020-0500 | EthScheduler-Workers-0 | INFO  | PersistBlockTask | Imported empty block #1,773 / 0 tx / 0 om / 0 (0.0%) gas / (0xa7ff9c7abc98982f66653c504e090f6d25709ba3ef8c0473a267c16a7ecf4ae7) in 0.003s. Peers: 7
2026-04-20 10:05:32.009-0500 | EthScheduler-Workers-0 | INFO  | PersistBlockTask | Imported empty block #1,774 / 0 tx / 0 om / 0 (0.0%) gas / (0xa63579df1e72af590f1bdb45e650002ac440efac2de28cd0c607b9e9e951c69a) in 0.001s. Peers: 7
2026-04-20 10:05:37.010-0500 | EthScheduler-Workers-0 | INFO  | PersistBlockTask | Imported empty block #1,775 / 0 tx / 0 om / 0 (0.0%) gas / (0xa2715eeaa0562966e072d6a1724653ee5baa38d907205ee4f598f9d342802212) in 0.002s. Peers: 7
2026-04-20 10:05:42.008-0500 | EthScheduler-Workers-0 | INFO  | PersistBlockTask | Imported empty block #1,776 / 0 tx / 0 om / 0 (0.0%) gas / (0x1afcb96646b4310ba46cb2daf1767a374fb589ab513b2fc26dea82decb39346f) in 0.001s. Peers: 7
2026-04-20 10:05:47.010-0500 | EthScheduler-Workers-0 | INFO  | PersistBlockTask | Imported empty block #1,777 / 0 tx / 0 om / 0 (0.0%) gas / (0x55505170234c1b8a4e8ff1066a0947b843fcc866a3b1fa454810f6dcc00aeb07) in 0.002s. Peers: 7
2026-04-20 10:05:52.018-0500 | EthScheduler-Workers-0 | INFO  | PersistBlockTask | Imported empty block #1,778 / 0 tx / 0 om / 0 (0.0%) gas / (0x41f4713222103d8eb6f2853f5ca410100c5913541902bbbabcf627de278822ea) in 0.005s. Peers: 7
2026-04-20 10:05:57.018-0500 | EthScheduler-Workers-0 | INFO  | PersistBlockTask | Imported empty block #1,779 / 0 tx / 0 om / 0 (0.0%) gas / (0x0682f729369e01c8db76f1be6112e4f6753c205f7fb0eaa0729f875d211d338d) in 0.002s. Peers: 7
2026-04-20 10:06:02.013-0500 | EthScheduler-Workers-0 | INFO  | PersistBlockTask | Imported empty block #1,780 / 0 tx / 0 om / 0 (0.0%) gas / (0x39139b6e3761f1f2b3136946733a4f77fbb668726e7fbd1ce70215b451865dd5) in 0.002s. Peers: 7
2026-04-20 10:06:07.014-0500 | EthScheduler-Workers-0 | INFO  | PersistBlockTask | Imported empty block #1,781 / 0 tx / 0 om / 0 (0.0%) gas / (0xa6569c1abf7567845b02ce76cba5b32071c343e261e556f784f97948a41d8f20) in 0.002s. Peers: 7
2026-04-20 10:06:12.012-0500 | EthScheduler-Workers-0 | INFO  | PersistBlockTask | Imported empty block #1,782 / 0 tx / 0 om / 0 (0.0%) gas / (0x3b51d09e5ab1d1334c7aacc2074a3950569d0a3f1848fac50f487b00f8b47878) in 0.002s. Peers: 7
2026-04-20 10:06:17.010-0500 | EthScheduler-Workers-0 | INFO  | PersistBlockTask | Imported empty block #1,783 / 0 tx / 0 om / 0 (0.0%) gas / (0x19fdb83e601ae43f21870c6ded97396c0129c542e45a04168243ee195f59c025) in 0.002s. Peers: 7
2026-04-20 10:06:22.016-0500 | EthScheduler-Workers-0 | INFO  | PersistBlockTask | Imported empty block #1,784 / 0 tx / 0 om / 0 (0.0%) gas / (0x868e14260f71e0eb2fc41d9dbc1b07fa257432e2053e851a87a67643790dbb4e) in 0.002s. Peers: 7
2026-04-20 10:06:27.016-0500 | EthScheduler-Workers-0 | INFO  | PersistBlockTask | Imported empty block #1,785 / 0 tx / 0 om / 0 (0.0%) gas / (0xf706db74ac7674e4f8a61d7efda374d88ade4de6cfa1a42de7e8e163553bebf3) in 0.001s. Peers: 7
2026-04-20 10:06:32.018-0500 | EthScheduler-Workers-0 | INFO  | PersistBlockTask | Imported empty block #1,786 / 0 tx / 0 om / 0 (0.0%) gas / (0xb31991ab469769221e0457128a7eae221a04f49e8ddbdf61e80e698fef2460ab) in 0.003s. Peers: 7
2026-04-20 10:06:37.019-0500 | EthScheduler-Workers-0 | INFO  | PersistBlockTask | Imported empty block #1,787 / 0 tx / 0 om / 0 (0.0%) gas / (0x3cfaed106d4664e7210d6a3230d2ed956e74092635927732d6bc8d6a23463355) in 0.001s. Peers: 7
2026-04-20 10:06:42.016-0500 | EthScheduler-Workers-0 | INFO  | PersistBlockTask | Imported empty block #1,788 / 0 tx / 0 om / 0 (0.0%) gas / (0xe08656204f2082b6f2b87283216119f4635e1a50a486f53fe651faa7b5a29865) in 0.004s. Peers: 7
2026-04-20 10:06:47.015-0500 | EthScheduler-Workers-0 | INFO  | PersistBlockTask | Imported empty block #1,789 / 0 tx / 0 om / 0 (0.0%) gas / (0x7f930812df591ea70bd9865e8da61140a9f7b044fd223ebb87747affe728981c) in 0.003s. Peers: 7
2026-04-20 10:06:52.014-0500 | EthScheduler-Workers-0 | INFO  | PersistBlockTask | Imported empty block #1,790 / 0 tx / 0 om / 0 (0.0%) gas / (0xdf7f174653a527b2837947b1d7b554464c7f56071b4a7e6696a0bd5b4ec5ac46) in 0.001s. Peers: 7
2026-04-20 10:06:57.018-0500 | EthScheduler-Workers-0 | INFO  | PersistBlockTask | Imported empty block #1,791 / 0 tx / 0 om / 0 (0.0%) gas / (0xeb071ea68dffb5eaedbddad61cd56fe1c4200e31f8c53a227c49ff4d4e45f2f6) in 0.002s. Peers: 7
2026-04-20 10:07:02.016-0500 | EthScheduler-Workers-0 | INFO  | PersistBlockTask | Imported empty block #1,792 / 0 tx / 0 om / 0 (0.0%) gas / (0x1cbf2d262af64119351d383e7516d44b5cc4dea4ec49addf2f24facf99bd12d8) in 0.001s. Peers: 7
2026-04-20 10:07:07.017-0500 | EthScheduler-Workers-0 | INFO  | PersistBlockTask | Imported empty block #1,793 / 0 tx / 0 om / 0 (0.0%) gas / (0x381c07c697635a53c807ec9d1eaaa3539bac12c95d302d774ad99625c6529a36) in 0.003s. Peers: 7
2026-04-20 10:07:12.018-0500 | EthScheduler-Workers-0 | INFO  | PersistBlockTask | Imported empty block #1,794 / 0 tx / 0 om / 0 (0.0%) gas / (0x7a4b5c2bd5c8d995a8b3b6f1fdb2ca054396e4aea80f9e1ba7a03dd183d3dd29) in 0.003s. Peers: 7
2026-04-20 10:07:17.011-0500 | EthScheduler-Workers-0 | INFO  | PersistBlockTask | Imported empty block #1,795 / 0 tx / 0 om / 0 (0.0%) gas / (0x4bd8c184e1d8d6f8bdb5b3e8863c68cd463754a5700e3f23e2fe01f62e93f706) in 0.001s. Peers: 7
2026-04-20 10:07:22.020-0500 | EthScheduler-Workers-0 | INFO  | PersistBlockTask | Imported empty block #1,796 / 0 tx / 0 om / 0 (0.0%) gas / (0x34afe1b85ccb1214d047a5ae2b122ffe744a0eecfe9c49a56b46a6bc063b7aa2) in 0.003s. Peers: 7
2026-04-20 10:07:27.013-0500 | EthScheduler-Workers-0 | INFO  | PersistBlockTask | Imported empty block #1,797 / 0 tx / 0 om / 0 (0.0%) gas / (0xae69f48fda1190259c65c3650ddf80a62a8743426fe67810b1d26d62ffacf9c9) in 0.001s. Peers: 7
2026-04-20 10:07:32.019-0500 | EthScheduler-Workers-0 | INFO  | PersistBlockTask | Imported empty block #1,798 / 0 tx / 0 om / 0 (0.0%) gas / (0x4fcbf8f4cca40946dbdd2c94e976acaba00611d12297b8fa4f2fa7749a7f8eea) in 0.002s. Peers: 7
2026-04-20 10:07:37.016-0500 | EthScheduler-Workers-0 | INFO  | PersistBlockTask | Imported empty block #1,799 / 0 tx / 0 om / 0 (0.0%) gas / (0x176dadfaa68d7997c3d9c30df2770d2eee2f56766e6b93f9e80e92ee0cf2333c) in 0.001s. Peers: 7
2026-04-20 10:07:42.016-0500 | EthScheduler-Workers-0 | INFO  | PersistBlockTask | Imported empty block #1,800 / 0 tx / 0 om / 0 (0.0%) gas / (0xa31519639b2b6b5d51c4c23f49f8515dd8c8d0e7a801ba86a0d13d1c8a74a695) in 0.002s. Peers: 7
2026-04-20 10:07:47.013-0500 | EthScheduler-Workers-0 | INFO  | PersistBlockTask | Imported empty block #1,801 / 0 tx / 0 om / 0 (0.0%) gas / (0x8bfd13b5319192e1ff0c33250455dff27eba59c7de2f4e37a2ed9d1544f06b45) in 0.002s. Peers: 7
2026-04-20 10:07:52.009-0500 | EthScheduler-Workers-0 | INFO  | PersistBlockTask | Imported empty block #1,802 / 0 tx / 0 om / 0 (0.0%) gas / (0x6050be254eb4c0e7fdbfca8e9352255f37f8024a7047b88dfb9c635231038f3c) in 0.001s. Peers: 7
2026-04-20 10:07:57.012-0500 | EthScheduler-Workers-0 | INFO  | PersistBlockTask | Imported empty block #1,803 / 0 tx / 0 om / 0 (0.0%) gas / (0x0dc9b7040229799db8f57f338aaa698995d046d44ee421bc1dd86326de799650) in 0.002s. Peers: 7
2026-04-20 10:08:02.009-0500 | EthScheduler-Workers-0 | INFO  | PersistBlockTask | Imported empty block #1,804 / 0 tx / 0 om / 0 (0.0%) gas / (0xddb3084048f9007ab263a286e3b2133d97bf2bb8b0a20beb3ae44c18d3499e53) in 0.001s. Peers: 7
2026-04-20 10:08:07.020-0500 | EthScheduler-Workers-0 | INFO  | PersistBlockTask | Imported empty block #1,805 / 0 tx / 0 om / 0 (0.0%) gas / (0x7b83aeac544772ab0f8b9228316554b011127fb7d5c909c334f9faa9a7c3e47d) in 0.003s. Peers: 7
2026-04-20 10:08:12.026-0500 | EthScheduler-Workers-0 | INFO  | PersistBlockTask | Imported empty block #1,806 / 0 tx / 0 om / 0 (0.0%) gas / (0xb2b84f4baea01d1ed2199bcf03a9e5a3534863fd540c9e0d5d34d36abf303dea) in 0.004s. Peers: 7
2026-04-20 10:08:17.009-0500 | EthScheduler-Workers-0 | INFO  | PersistBlockTask | Imported empty block #1,807 / 0 tx / 0 om / 0 (0.0%) gas / (0x749432510323be885b93d58a4caf13110fa53d44e8522511af00cb3db2912a49) in 0.002s. Peers: 7
2026-04-20 10:08:22.016-0500 | EthScheduler-Workers-0 | INFO  | PersistBlockTask | Imported empty block #1,808 / 0 tx / 0 om / 0 (0.0%) gas / (0x5374387d88b351960f73fcdab1c6b0f63e000915af14ad09e21442b441fb94ae) in 0.002s. Peers: 7
2026-04-20 10:08:27.010-0500 | EthScheduler-Workers-0 | INFO  | PersistBlockTask | Imported empty block #1,809 / 0 tx / 0 om / 0 (0.0%) gas / (0xd4a2bc86045d91fff69460f8d92c27a9e3743669da0465727881f8e4c5b386ee) in 0.001s. Peers: 7
2026-04-20 10:08:32.017-0500 | EthScheduler-Workers-0 | INFO  | PersistBlockTask | Imported empty block #1,810 / 0 tx / 0 om / 0 (0.0%) gas / (0x40d6d594bd19af9eb2d6597f20ae11bdc26b5d5fa250dd1d6fbd4dae156e855b) in 0.002s. Peers: 7
2026-04-20 10:08:37.025-0500 | EthScheduler-Workers-0 | INFO  | PersistBlockTask | Imported empty block #1,811 / 0 tx / 0 om / 0 (0.0%) gas / (0x95d34af5891407de9915009ad34bc5a0b112bc479b0069ea10045375a950eb7c) in 0.002s. Peers: 7
2026-04-20 10:08:42.012-0500 | EthScheduler-Workers-0 | INFO  | PersistBlockTask | Imported empty block #1,812 / 0 tx / 0 om / 0 (0.0%) gas / (0x74d08f784193df4da46d17a3458b3e9b330179e2c7391e8947e66446b142fceb) in 0.004s. Peers: 7
2026-04-20 10:08:47.013-0500 | EthScheduler-Workers-0 | INFO  | PersistBlockTask | Imported empty block #1,813 / 0 tx / 0 om / 0 (0.0%) gas / (0x46a5c2786d781d95d85d05b73506c6945e16339907c8e0a892a3704637e5d01d) in 0.001s. Peers: 7
2026-04-20 10:08:52.009-0500 | EthScheduler-Workers-0 | INFO  | PersistBlockTask | Imported empty block #1,814 / 0 tx / 0 om / 0 (0.0%) gas / (0x5ee03847e2b7b009b5810965f2c37772e5679e59e4af545c3c1c8b6de3f925cb) in 0.001s. Peers: 7
2026-04-20 10:08:57.014-0500 | EthScheduler-Workers-0 | INFO  | PersistBlockTask | Imported empty block #1,815 / 0 tx / 0 om / 0 (0.0%) gas / (0x48d2e5973b172b6acad1130ddbcd77cc14d1914feee44eb5354cfea3d5470216) in 0.002s. Peers: 7
2026-04-20 10:09:02.010-0500 | EthScheduler-Workers-0 | INFO  | PersistBlockTask | Imported empty block #1,816 / 0 tx / 0 om / 0 (0.0%) gas / (0xbc62cc1a8eedbaac7a7da977e9d59991c4f11912f65d9454c45709ec2c5a792e) in 0.002s. Peers: 7
2026-04-20 10:09:07.009-0500 | EthScheduler-Workers-0 | INFO  | PersistBlockTask | Imported empty block #1,817 / 0 tx / 0 om / 0 (0.0%) gas / (0x03a1a28d9bffa58d739b106dc8d59d6b3ec5a1c096ddbca8d1fa108a3a443811) in 0.001s. Peers: 7
2026-04-20 10:09:12.009-0500 | EthScheduler-Workers-0 | INFO  | PersistBlockTask | Imported empty block #1,818 / 0 tx / 0 om / 0 (0.0%) gas / (0xc641862466210d82f2964a9c4b833f98f0dda26d820b4198b8afd9b015e968ef) in 0.002s. Peers: 7
2026-04-20 10:09:17.013-0500 | EthScheduler-Workers-0 | INFO  | PersistBlockTask | Imported empty block #1,819 / 0 tx / 0 om / 0 (0.0%) gas / (0xad3233767f1fc16d00f48eaea4a907221b5351a6d7af27373f64707d12f51751) in 0.004s. Peers: 7
2026-04-20 10:09:22.010-0500 | EthScheduler-Workers-0 | INFO  | PersistBlockTask | Imported empty block #1,820 / 0 tx / 0 om / 0 (0.0%) gas / (0xfef15f2055808278f28f5500b16988ce1cd80dd4af8e616031ba077b1e686152) in 0.002s. Peers: 7
2026-04-20 10:09:27.008-0500 | EthScheduler-Workers-0 | INFO  | PersistBlockTask | Imported empty block #1,821 / 0 tx / 0 om / 0 (0.0%) gas / (0x85d93b103bb0169ceae038a56e3c624cc6350690fc817e252a773c1ce8dfda9e) in 0.001s. Peers: 7
2026-04-20 10:09:32.010-0500 | EthScheduler-Workers-0 | INFO  | PersistBlockTask | Imported empty block #1,822 / 0 tx / 0 om / 0 (0.0%) gas / (0xef1f194db0830802b9156a577b1224f0619de35b2bd60164f27d4c305144d120) in 0.002s. Peers: 7
2026-04-20 10:09:37.009-0500 | EthScheduler-Workers-0 | INFO  | PersistBlockTask | Imported empty block #1,823 / 0 tx / 0 om / 0 (0.0%) gas / (0x251b671483e00f0b051c474d54676a5fc4853ae067eda0eb816927912ace3ea6) in 0.002s. Peers: 7
2026-04-20 10:09:42.009-0500 | EthScheduler-Workers-0 | INFO  | PersistBlockTask | Imported empty block #1,824 / 0 tx / 0 om / 0 (0.0%) gas / (0x0d05d893a89188d8da8637bec9176966916c3dbd8e40f8e0dab0e6f53055a81d) in 0.002s. Peers: 7
2026-04-20 10:09:47.015-0500 | EthScheduler-Workers-0 | INFO  | PersistBlockTask | Imported empty block #1,825 / 0 tx / 0 om / 0 (0.0%) gas / (0x3993ce7b7dc751f5baed444b0391afa074145c5c96333c3c84bb082028650d00) in 0.002s. Peers: 7
2026-04-20 10:09:52.011-0500 | EthScheduler-Workers-0 | INFO  | PersistBlockTask | Imported empty block #1,826 / 0 tx / 0 om / 0 (0.0%) gas / (0xfc7ddf9a59c1ff9e204e76092f277ea644de781537c571bd4712da737980bc8e) in 0.003s. Peers: 7
2026-04-20 10:09:57.010-0500 | EthScheduler-Workers-0 | INFO  | PersistBlockTask | Imported empty block #1,827 / 0 tx / 0 om / 0 (0.0%) gas / (0x70b4a2019cda98e57f6c35328348ac09fb53731154bdb2f7b1ed1aa35916dc73) in 0.002s. Peers: 7
2026-04-20 10:10:02.015-0500 | EthScheduler-Workers-0 | INFO  | PersistBlockTask | Imported empty block #1,828 / 0 tx / 0 om / 0 (0.0%) gas / (0x1efb240802b7e4fe4e32e93eee092601f077aba57eae667ab8786688a4786943) in 0.002s. Peers: 7
2026-04-20 10:10:07.011-0500 | EthScheduler-Workers-0 | INFO  | PersistBlockTask | Imported empty block #1,829 / 0 tx / 0 om / 0 (0.0%) gas / (0x54feab021b3f660f57eafc63b4ff6e4f2b61c93e9be1a651661fe2d7d306a9e1) in 0.002s. Peers: 7
2026-04-20 10:10:12.013-0500 | EthScheduler-Workers-0 | INFO  | PersistBlockTask | Imported empty block #1,830 / 0 tx / 0 om / 0 (0.0%) gas / (0xefc1de175f5d43b690216006ffed1cd9509a9cbbd14e7f6583588355d2aebf78) in 0.004s. Peers: 7
2026-04-20 10:10:17.011-0500 | EthScheduler-Workers-0 | INFO  | PersistBlockTask | Imported empty block #1,831 / 0 tx / 0 om / 0 (0.0%) gas / (0xb3d3d045647ac531a68ee92653a3f68adcd274c5de172f2b17d61fb574822c53) in 0.002s. Peers: 7
2026-04-20 10:10:22.012-0500 | EthScheduler-Workers-0 | INFO  | PersistBlockTask | Imported empty block #1,832 / 0 tx / 0 om / 0 (0.0%) gas / (0xf5d4b3645ef67cd8d281eaabf02317199728334c2665bf625f4c53ffd8d74593) in 0.003s. Peers: 7
2026-04-20 10:10:27.014-0500 | EthScheduler-Workers-0 | INFO  | PersistBlockTask | Imported empty block #1,833 / 0 tx / 0 om / 0 (0.0%) gas / (0x9c0b024be77117e1cf1245808614fe8e4330cd3ceb2a2d95cbd15e688994e0de) in 0.003s. Peers: 7
2026-04-20 10:10:32.011-0500 | EthScheduler-Workers-0 | INFO  | PersistBlockTask | Imported empty block #1,834 / 0 tx / 0 om / 0 (0.0%) gas / (0xe8f9c32e6f0a8634f39585c80bfe53d0f3ced1ed3c5ad4c52de02c0b80cf5149) in 0.002s. Peers: 7
2026-04-20 10:10:37.010-0500 | EthScheduler-Workers-0 | INFO  | PersistBlockTask | Imported empty block #1,835 / 0 tx / 0 om / 0 (0.0%) gas / (0x6cbfc3f69106357d908269a48c70b0fafbedfb9ddd752fb0155d858ba2bc1089) in 0.002s. Peers: 7
2026-04-20 10:10:42.013-0500 | EthScheduler-Workers-0 | INFO  | PersistBlockTask | Imported empty block #1,836 / 0 tx / 0 om / 0 (0.0%) gas / (0xdfdc10c2418c7d89f2dee454a5d3f55e1ec1a2b14afc9d6c95f05c834de81241) in 0.001s. Peers: 7
2026-04-20 10:10:47.010-0500 | EthScheduler-Workers-0 | INFO  | PersistBlockTask | Imported empty block #1,837 / 0 tx / 0 om / 0 (0.0%) gas / (0x2e782bbea2752a533329cb07e5a5a43c540483785f8af4a09815ef637d40371f) in 0.003s. Peers: 7
2026-04-20 10:10:52.009-0500 | EthScheduler-Workers-0 | INFO  | PersistBlockTask | Imported empty block #1,838 / 0 tx / 0 om / 0 (0.0%) gas / (0x036f0e90cfebc279fdccefd007b0a5348978d1269e234383b1cfed4aa7c72f5e) in 0.002s. Peers: 7
2026-04-20 10:10:57.012-0500 | EthScheduler-Workers-0 | INFO  | PersistBlockTask | Imported empty block #1,839 / 0 tx / 0 om / 0 (0.0%) gas / (0xcf996046ed213d9c9120b40ef958141bc6e6db9670378e3521fd980ece41dcd5) in 0.001s. Peers: 7
2026-04-20 10:11:02.010-0500 | EthScheduler-Workers-0 | INFO  | PersistBlockTask | Imported empty block #1,840 / 0 tx / 0 om / 0 (0.0%) gas / (0xc4b1c207277b781d068f2bbd4164942c7b3b6c86cf071b195bb4ab837e66bab5) in 0.002s. Peers: 7
2026-04-20 10:11:07.015-0500 | EthScheduler-Workers-0 | INFO  | PersistBlockTask | Imported empty block #1,841 / 0 tx / 0 om / 0 (0.0%) gas / (0xbaee6fc8df2571d44559edbbbc364f634581610b034f7daf7327c995182ab30c) in 0.004s. Peers: 7
2026-04-20 10:11:12.009-0500 | EthScheduler-Workers-0 | INFO  | PersistBlockTask | Imported empty block #1,842 / 0 tx / 0 om / 0 (0.0%) gas / (0x01dba9813916d33d3ab585f981c32ed6f7c05a2e44f1754af5e49b6d48bc6c98) in 0.002s. Peers: 7
2026-04-20 10:11:17.013-0500 | EthScheduler-Workers-0 | INFO  | PersistBlockTask | Imported empty block #1,843 / 0 tx / 0 om / 0 (0.0%) gas / (0x3b48dcac00e51299caa57562723dbe36843030256dc3b91d729836bd86fb3ff4) in 0.003s. Peers: 7
2026-04-20 10:11:22.012-0500 | EthScheduler-Workers-0 | INFO  | PersistBlockTask | Imported empty block #1,844 / 0 tx / 0 om / 0 (0.0%) gas / (0x41df9265e34aba9676bfcf8a21ec8515d23d9a114a30241f7495c58a97e7826a) in 0.001s. Peers: 7
2026-04-20 10:11:27.012-0500 | EthScheduler-Workers-0 | INFO  | PersistBlockTask | Imported empty block #1,845 / 0 tx / 0 om / 0 (0.0%) gas / (0x6926dd0d52489f7df114741a6e040e5f317cae6a4f2412fca61ff829f4705997) in 0.002s. Peers: 7
2026-04-20 10:11:32.009-0500 | EthScheduler-Workers-0 | INFO  | PersistBlockTask | Imported empty block #1,846 / 0 tx / 0 om / 0 (0.0%) gas / (0x10cefae9e2356735b96d04dde255ffc0cd88246163f94fd1cc90682115e2ebbe) in 0.002s. Peers: 7
2026-04-20 10:11:37.013-0500 | EthScheduler-Workers-0 | INFO  | PersistBlockTask | Imported empty block #1,847 / 0 tx / 0 om / 0 (0.0%) gas / (0xffd744b23b3abd82842bd28895f4406828014136abf1b0b8470d1871911d0bcd) in 0.002s. Peers: 7
2026-04-20 10:11:42.009-0500 | EthScheduler-Workers-0 | INFO  | PersistBlockTask | Imported empty block #1,848 / 0 tx / 0 om / 0 (0.0%) gas / (0xbd763502ef2cd43d15184311b79a000289f25fc7be18c53c1a04f19c02bc5ca9) in 0.002s. Peers: 7
2026-04-20 10:11:47.010-0500 | EthScheduler-Workers-0 | INFO  | PersistBlockTask | Imported empty block #1,849 / 0 tx / 0 om / 0 (0.0%) gas / (0x859031139620940dc1bc179a3fdd5cee0c1c28299f515b89a282b516dae01b97) in 0.002s. Peers: 7
2026-04-20 10:11:52.009-0500 | EthScheduler-Workers-0 | INFO  | PersistBlockTask | Imported empty block #1,850 / 0 tx / 0 om / 0 (0.0%) gas / (0xb465fcbf0085b368c809364ded182a76defbe597da1a70f885c5a3a9e12bb933) in 0.002s. Peers: 7
2026-04-20 10:11:57.011-0500 | EthScheduler-Workers-0 | INFO  | PersistBlockTask | Imported empty block #1,851 / 0 tx / 0 om / 0 (0.0%) gas / (0x061aa30ea6b1c23c43908636496c243a139941ae03531dacb6b18b32c1f2b54a) in 0.002s. Peers: 7
2026-04-20 10:12:02.010-0500 | EthScheduler-Workers-0 | INFO  | PersistBlockTask | Imported empty block #1,852 / 0 tx / 0 om / 0 (0.0%) gas / (0x53faff869c6712b1b6ca1bd2861b22ec4497b8336cdb5ffe71f126ca87e67e11) in 0.002s. Peers: 7
2026-04-20 10:12:07.009-0500 | EthScheduler-Workers-0 | INFO  | PersistBlockTask | Imported empty block #1,853 / 0 tx / 0 om / 0 (0.0%) gas / (0x45eed89a8214826141693ecfd70da97af3d8d4e5a7eb1c24d72cbf480ca5e78a) in 0.002s. Peers: 7
2026-04-20 10:12:12.009-0500 | EthScheduler-Workers-0 | INFO  | PersistBlockTask | Imported empty block #1,854 / 0 tx / 0 om / 0 (0.0%) gas / (0xa66bc2b3f0f21b4ba928e4e57916a54c7656a5ef7ae856434c98856fa9585209) in 0.002s. Peers: 7
2026-04-20 10:12:17.008-0500 | EthScheduler-Workers-0 | INFO  | PersistBlockTask | Imported empty block #1,855 / 0 tx / 0 om / 0 (0.0%) gas / (0xa718e428a9bd109ab3c07aef01228f72776701aa3a9a76855ac0710eb0b2d005) in 0.001s. Peers: 7
2026-04-20 10:12:22.010-0500 | EthScheduler-Workers-0 | INFO  | PersistBlockTask | Imported empty block #1,856 / 0 tx / 0 om / 0 (0.0%) gas / (0x5457157cf4f6e2c227f6027b0c0526ba835bb3acf144ab8a5ce33ded0fd4b3f4) in 0.002s. Peers: 7
2026-04-20 10:12:27.010-0500 | EthScheduler-Workers-0 | INFO  | PersistBlockTask | Imported empty block #1,857 / 0 tx / 0 om / 0 (0.0%) gas / (0x5b23f432f7780791aec9827e3a2a4b3b34f97ad3457eb5378660b5660def5989) in 0.002s. Peers: 7
2026-04-20 10:12:32.009-0500 | EthScheduler-Workers-0 | INFO  | PersistBlockTask | Imported empty block #1,858 / 0 tx / 0 om / 0 (0.0%) gas / (0x8596112fc5c824e6f2a5ada625a23ac3b4c2522049459ce0af525c57394f04ca) in 0.002s. Peers: 7
2026-04-20 10:12:37.012-0500 | EthScheduler-Workers-0 | INFO  | PersistBlockTask | Imported empty block #1,859 / 0 tx / 0 om / 0 (0.0%) gas / (0x991cf0d787c833a44499a2398342e9c423b3ac39d175ff3e797753d10242e418) in 0.003s. Peers: 7
2026-04-20 10:12:42.009-0500 | EthScheduler-Workers-0 | INFO  | PersistBlockTask | Imported empty block #1,860 / 0 tx / 0 om / 0 (0.0%) gas / (0x2870b0efae5aaffbd69be16d725e401150eef45bbc9b97d66d287a2cdc9e2bac) in 0.002s. Peers: 7
2026-04-20 10:12:47.009-0500 | EthScheduler-Workers-0 | INFO  | PersistBlockTask | Imported empty block #1,861 / 0 tx / 0 om / 0 (0.0%) gas / (0x3a1d2a024d037b711e8eb42a03ad8a1fcc19b9f3dba685dabdd4d335dfbcd0db) in 0.002s. Peers: 7
2026-04-20 10:12:52.009-0500 | EthScheduler-Workers-0 | INFO  | PersistBlockTask | Imported empty block #1,862 / 0 tx / 0 om / 0 (0.0%) gas / (0xeee9694ae98c27f40d10c4004bb0c58af585cd2aa7fbcfb8c4ef04a3f20c0e55) in 0.002s. Peers: 7
2026-04-20 10:12:57.010-0500 | EthScheduler-Workers-0 | INFO  | PersistBlockTask | Imported empty block #1,863 / 0 tx / 0 om / 0 (0.0%) gas / (0x716d1b734ff3b17a67f5e59adcffe0e036622b18fb1c53cb9fd7116f92f1e6a2) in 0.002s. Peers: 7
2026-04-20 10:13:02.015-0500 | EthScheduler-Workers-0 | INFO  | PersistBlockTask | Imported empty block #1,864 / 0 tx / 0 om / 0 (0.0%) gas / (0x7d88717d5bbe6f1476a59923cde8cd73b023fa9f364d952eb0f5699be5cfb0f3) in 0.003s. Peers: 7
2026-04-20 10:13:07.010-0500 | EthScheduler-Workers-0 | INFO  | PersistBlockTask | Imported empty block #1,865 / 0 tx / 0 om / 0 (0.0%) gas / (0x2f6b402c333f141178f5a0543bcdb176fcf3481b281766478777b3866b7d4878) in 0.002s. Peers: 7
2026-04-20 10:13:12.008-0500 | EthScheduler-Workers-0 | INFO  | PersistBlockTask | Imported empty block #1,866 / 0 tx / 0 om / 0 (0.0%) gas / (0xa43702076ec3b6a8dead2223340fbae0170f63331834d4de78100d5366dd1d37) in 0.002s. Peers: 7
2026-04-20 10:13:17.009-0500 | EthScheduler-Workers-0 | INFO  | PersistBlockTask | Imported empty block #1,867 / 0 tx / 0 om / 0 (0.0%) gas / (0xd8d11331f82c385937eae7c556a79c022b4e4955f86bf1c126e169c1ee2ae09a) in 0.002s. Peers: 7
2026-04-20 10:13:22.012-0500 | EthScheduler-Workers-0 | INFO  | PersistBlockTask | Imported empty block #1,868 / 0 tx / 0 om / 0 (0.0%) gas / (0x0996096ca62200b9299b63914e5bae3575d6329255c5c6d7282a5936238d55da) in 0.001s. Peers: 7
2026-04-20 10:13:27.012-0500 | EthScheduler-Workers-0 | INFO  | PersistBlockTask | Imported empty block #1,869 / 0 tx / 0 om / 0 (0.0%) gas / (0x03869cc54fb1f50a10dfc1bb5f4c9b2b83eee74df891e29dac2937e05d282e22) in 0.001s. Peers: 7
2026-04-20 10:13:32.010-0500 | EthScheduler-Workers-0 | INFO  | PersistBlockTask | Imported empty block #1,870 / 0 tx / 0 om / 0 (0.0%) gas / (0xd7c11a3a48b3223d98534ac7a6e886847fa87865bfe1c0f352cc8cca875edfdd) in 0.003s. Peers: 7
2026-04-20 10:13:37.009-0500 | EthScheduler-Workers-0 | INFO  | PersistBlockTask | Imported empty block #1,871 / 0 tx / 0 om / 0 (0.0%) gas / (0x92aeb0721f218cfbca2c04b5aba77e3666f5f8569c411fa3265e405c1719039b) in 0.002s. Peers: 7
2026-04-20 10:13:42.008-0500 | EthScheduler-Workers-0 | INFO  | PersistBlockTask | Imported empty block #1,872 / 0 tx / 0 om / 0 (0.0%) gas / (0x3a0b87f5fb3cdfda024821a8bdf08cfd84375116f02c770e0708e8741e057586) in 0.002s. Peers: 7
2026-04-20 10:13:47.009-0500 | EthScheduler-Workers-0 | INFO  | PersistBlockTask | Imported empty block #1,873 / 0 tx / 0 om / 0 (0.0%) gas / (0xb932f21271c817c765feaa51c714f179c9b45efab64fb0f27f52c0ba0a7dacc4) in 0.002s. Peers: 7
2026-04-20 10:13:52.010-0500 | EthScheduler-Workers-0 | INFO  | PersistBlockTask | Imported empty block #1,874 / 0 tx / 0 om / 0 (0.0%) gas / (0x9569912e76b27721349f2ca123e05f48046513016e30a2c96f737fafecb84c84) in 0.001s. Peers: 7
2026-04-20 10:13:57.012-0500 | EthScheduler-Workers-0 | INFO  | PersistBlockTask | Imported empty block #1,875 / 0 tx / 0 om / 0 (0.0%) gas / (0x727abdf8c2eccf4342428df0b4dc30b5916a012ddc8306b55d97563a7e867ee2) in 0.003s. Peers: 7
2026-04-20 10:14:02.011-0500 | EthScheduler-Workers-0 | INFO  | PersistBlockTask | Imported empty block #1,876 / 0 tx / 0 om / 0 (0.0%) gas / (0x78f038e6495c002a208f71f09e7f0487bba02cb993e905ea64eca2c202aefc1b) in 0.002s. Peers: 7
2026-04-20 10:14:07.010-0500 | EthScheduler-Workers-0 | INFO  | PersistBlockTask | Imported empty block #1,877 / 0 tx / 0 om / 0 (0.0%) gas / (0x3463733fd787ec876b78d93bdea1618ce62f88229e75fff7d816ed040ffb293e) in 0.002s. Peers: 7
2026-04-20 10:14:12.010-0500 | EthScheduler-Workers-0 | INFO  | PersistBlockTask | Imported empty block #1,878 / 0 tx / 0 om / 0 (0.0%) gas / (0xf916056b89dc6cd3c7ae417f22d45ffe309b4b5b15a7adc259f8c74e1df76105) in 0.003s. Peers: 7
2026-04-20 10:14:17.010-0500 | EthScheduler-Workers-0 | INFO  | PersistBlockTask | Imported empty block #1,879 / 0 tx / 0 om / 0 (0.0%) gas / (0xea836a49fc9fda6485c0b3854d7fb1215ab348595a06353d3daa4cb668cfc6f1) in 0.001s. Peers: 7
2026-04-20 10:14:22.009-0500 | EthScheduler-Workers-0 | INFO  | PersistBlockTask | Imported empty block #1,880 / 0 tx / 0 om / 0 (0.0%) gas / (0xf0a288f0354ba943dbd9906dd2bbb99007b0ddf09e92a759d3edd3ea6a2d9242) in 0.002s. Peers: 7
2026-04-20 10:14:27.010-0500 | EthScheduler-Workers-0 | INFO  | PersistBlockTask | Imported empty block #1,881 / 0 tx / 0 om / 0 (0.0%) gas / (0xb1cf03ea7252bd816047b866eea48b42a2ca1171a5bfd90cc534df94bed7ffd0) in 0.002s. Peers: 7
2026-04-20 10:14:32.009-0500 | EthScheduler-Workers-0 | INFO  | PersistBlockTask | Imported empty block #1,882 / 0 tx / 0 om / 0 (0.0%) gas / (0x9d0d4f46509d13f557184f302d53d9c3bafc82794bbadc35c8347c61d2aebe7a) in 0.002s. Peers: 7
2026-04-20 10:14:37.008-0500 | EthScheduler-Workers-0 | INFO  | PersistBlockTask | Imported empty block #1,883 / 0 tx / 0 om / 0 (0.0%) gas / (0x3860f5bacf1523b59bd37594da6c12b8ac366b0afc28805b88f13f841d7a3d4c) in 0.002s. Peers: 7
2026-04-20 10:14:42.009-0500 | EthScheduler-Workers-0 | INFO  | PersistBlockTask | Imported empty block #1,884 / 0 tx / 0 om / 0 (0.0%) gas / (0xb34b898ec9bd409406ab2fe76d39469f4d83cd7678db20d9d30cacc347d3b92c) in 0.002s. Peers: 7
2026-04-20 10:14:47.014-0500 | EthScheduler-Workers-0 | INFO  | PersistBlockTask | Imported empty block #1,885 / 0 tx / 0 om / 0 (0.0%) gas / (0xcb9375ed737341d63e499d64ce17f1ac74067c345e78c29adb36f4329155b7c7) in 0.002s. Peers: 7
2026-04-20 10:14:52.009-0500 | EthScheduler-Workers-0 | INFO  | PersistBlockTask | Imported empty block #1,886 / 0 tx / 0 om / 0 (0.0%) gas / (0x17c1d162744c931e8b2bfed6cfd4435a8f6c9221cbce779dda3d5a5306ecdbb2) in 0.001s. Peers: 7
2026-04-20 10:14:57.010-0500 | EthScheduler-Workers-0 | INFO  | PersistBlockTask | Imported empty block #1,887 / 0 tx / 0 om / 0 (0.0%) gas / (0xe27c785c23e1cdef2de1f1f3fb44f84013f01e8b4d68b05acaaae9ab18d1f71e) in 0.002s. Peers: 7
2026-04-20 10:15:02.010-0500 | EthScheduler-Workers-0 | INFO  | PersistBlockTask | Imported empty block #1,888 / 0 tx / 0 om / 0 (0.0%) gas / (0xec1f4221a3f8cbd619e4d9bd9c4d6858c54f53a9a4008b0e6c25f85af1f9f13c) in 0.002s. Peers: 7
2026-04-20 10:15:07.013-0500 | EthScheduler-Workers-0 | INFO  | PersistBlockTask | Imported empty block #1,889 / 0 tx / 0 om / 0 (0.0%) gas / (0xfa00858530f9ffd3d4fb966cfa02a2967484de97ade0b3a98037387001d59771) in 0.004s. Peers: 7
2026-04-20 10:15:12.012-0500 | EthScheduler-Workers-0 | INFO  | PersistBlockTask | Imported empty block #1,890 / 0 tx / 0 om / 0 (0.0%) gas / (0xbb7211e81ebd915644d936abe3f5e3edcfa2561d1c289b685e63de7623cfc490) in 0.003s. Peers: 7
2026-04-20 10:15:17.009-0500 | EthScheduler-Workers-0 | INFO  | PersistBlockTask | Imported empty block #1,891 / 0 tx / 0 om / 0 (0.0%) gas / (0xdbb0f62d370398a0650f572c89794cc3ea1895ea1a394e96d322015c32edec8b) in 0.002s. Peers: 7
2026-04-20 10:15:22.010-0500 | EthScheduler-Workers-0 | INFO  | PersistBlockTask | Imported empty block #1,892 / 0 tx / 0 om / 0 (0.0%) gas / (0xb58b23f433a98ec9634da6b7ad8ab83bec438dcc6311973a48b1a674f9869e0d) in 0.002s. Peers: 7
2026-04-20 10:15:27.009-0500 | EthScheduler-Workers-0 | INFO  | PersistBlockTask | Imported empty block #1,893 / 0 tx / 0 om / 0 (0.0%) gas / (0x5fd5d87bd4cd1c9f120d3f81a7b17440820ca187db9af4b60153a37231e49025) in 0.002s. Peers: 7
2026-04-20 10:15:32.010-0500 | EthScheduler-Workers-0 | INFO  | PersistBlockTask | Imported empty block #1,894 / 0 tx / 0 om / 0 (0.0%) gas / (0xfe736bf46d458ce55747ad2d3c0e6fe726065a9a399e450d86af6b959d0be884) in 0.001s. Peers: 7
2026-04-20 10:15:37.008-0500 | EthScheduler-Workers-0 | INFO  | PersistBlockTask | Imported empty block #1,895 / 0 tx / 0 om / 0 (0.0%) gas / (0xa9dffb6e300cafc9d6842616b2c7bbdae8f7ecac60497490365a174e8947934b) in 0.001s. Peers: 7
2026-04-20 10:15:42.010-0500 | EthScheduler-Workers-0 | INFO  | PersistBlockTask | Imported empty block #1,896 / 0 tx / 0 om / 0 (0.0%) gas / (0x0053a4e0ab8c4d9ba858aad767677f0225b4523c9bfc6b7a07588a704a4a1db6) in 0.002s. Peers: 7
2026-04-20 10:15:47.008-0500 | EthScheduler-Workers-0 | INFO  | PersistBlockTask | Imported empty block #1,897 / 0 tx / 0 om / 0 (0.0%) gas / (0xea89e6d80d67aab6ef60cd344983b028df21b6f468c89c2db1b72b42f6e20d31) in 0.001s. Peers: 7
2026-04-20 10:15:52.011-0500 | EthScheduler-Workers-0 | INFO  | PersistBlockTask | Imported empty block #1,898 / 0 tx / 0 om / 0 (0.0%) gas / (0x121b37e0bff1ea96f8409b4843bb494866d2467a33278e5b95971fd4ebabd203) in 0.002s. Peers: 7
2026-04-20 10:15:57.011-0500 | EthScheduler-Workers-0 | INFO  | PersistBlockTask | Imported empty block #1,899 / 0 tx / 0 om / 0 (0.0%) gas / (0x5bffdd15cfc6ca9badbc100e504735cc7f7291d173886b22ff07e80886936a19) in 0.002s. Peers: 7
2026-04-20 10:16:02.010-0500 | EthScheduler-Workers-0 | INFO  | PersistBlockTask | Imported empty block #1,900 / 0 tx / 0 om / 0 (0.0%) gas / (0x6be9286c901c953edec87d8dc0e3ff3160d4cad4a103ff154bc517e786f06486) in 0.002s. Peers: 7
2026-04-20 10:16:07.010-0500 | EthScheduler-Workers-0 | INFO  | PersistBlockTask | Imported empty block #1,901 / 0 tx / 0 om / 0 (0.0%) gas / (0x6e45cffc9a3c352593b0d98d31765d4e484e7b3ae884cbaf66e3dcdf7d11a803) in 0.003s. Peers: 7
2026-04-20 10:16:12.008-0500 | EthScheduler-Workers-0 | INFO  | PersistBlockTask | Imported empty block #1,902 / 0 tx / 0 om / 0 (0.0%) gas / (0x2fea6b76ee36eb7975a38d811d5e1a8a2984d4b6d00a76f28b92e0d04c832078) in 0.001s. Peers: 7
2026-04-20 10:16:17.009-0500 | EthScheduler-Workers-0 | INFO  | PersistBlockTask | Imported empty block #1,903 / 0 tx / 0 om / 0 (0.0%) gas / (0x286fa5a545fbb58e5fb6e431aead827a4d6314c886045bf770c57c5f58a318a9) in 0.001s. Peers: 7
2026-04-20 10:16:22.010-0500 | EthScheduler-Workers-0 | INFO  | PersistBlockTask | Imported empty block #1,904 / 0 tx / 0 om / 0 (0.0%) gas / (0x2303ba07036830266cf61710a12ca41a712d7f33c9b2a91424c1afa500ed5170) in 0.002s. Peers: 7
2026-04-20 10:16:27.009-0500 | EthScheduler-Workers-0 | INFO  | PersistBlockTask | Imported empty block #1,905 / 0 tx / 0 om / 0 (0.0%) gas / (0xe83faadfa67361543891cea9d9533e95ad26c4ccdc875d8d802d810e6c0170e0) in 0.002s. Peers: 7
2026-04-20 10:16:32.009-0500 | EthScheduler-Workers-0 | INFO  | PersistBlockTask | Imported empty block #1,906 / 0 tx / 0 om / 0 (0.0%) gas / (0x5722e10dbebcb1543efc07ca69b25ec31cc33f26cec5a6ccf359d281e80ec242) in 0.001s. Peers: 7
2026-04-20 10:16:37.010-0500 | EthScheduler-Workers-0 | INFO  | PersistBlockTask | Imported empty block #1,907 / 0 tx / 0 om / 0 (0.0%) gas / (0x4f7d1a18059412ced7e836dc58e42d27e56d6d31252f3575500de113bd038f2e) in 0.002s. Peers: 7
2026-04-20 10:16:42.009-0500 | EthScheduler-Workers-0 | INFO  | PersistBlockTask | Imported empty block #1,908 / 0 tx / 0 om / 0 (0.0%) gas / (0xb70933b78c97188f0321294f516765dae141dbee4efb05bed83b257863aa38e4) in 0.002s. Peers: 7
2026-04-20 10:16:47.009-0500 | EthScheduler-Workers-0 | INFO  | PersistBlockTask | Imported empty block #1,909 / 0 tx / 0 om / 0 (0.0%) gas / (0x0b0f90f66f39ece0b2849d54187f03ea5575725b75f0244408d3a6edc5198ae0) in 0.002s. Peers: 7
2026-04-20 10:16:52.010-0500 | EthScheduler-Workers-0 | INFO  | PersistBlockTask | Imported empty block #1,910 / 0 tx / 0 om / 0 (0.0%) gas / (0x3e05f83d82f9d3d9d5ea69753e8879389453b55e839a1d5bbdb88835ab9502e3) in 0.002s. Peers: 7
2026-04-20 10:16:57.012-0500 | EthScheduler-Workers-0 | INFO  | PersistBlockTask | Imported empty block #1,911 / 0 tx / 0 om / 0 (0.0%) gas / (0x7d42721c55d0395e4b18b58bff9b0fd4a469bebc587654d09b6dcd28f6dbedca) in 0.002s. Peers: 7
2026-04-20 10:17:02.010-0500 | EthScheduler-Workers-0 | INFO  | PersistBlockTask | Imported empty block #1,912 / 0 tx / 0 om / 0 (0.0%) gas / (0x47b4892009b7bbfea35fa53b4b836fffcd32fd0d3f25785f33ae171f071e94f9) in 0.002s. Peers: 7
2026-04-20 10:17:07.014-0500 | EthScheduler-Workers-0 | INFO  | PersistBlockTask | Imported empty block #1,913 / 0 tx / 0 om / 0 (0.0%) gas / (0x86d9a5478ce118f42828fd0a0c34b2e7ded9c399b7e9cd441d24334b90230e3d) in 0.002s. Peers: 7
2026-04-20 10:17:12.011-0500 | EthScheduler-Workers-0 | INFO  | PersistBlockTask | Imported empty block #1,914 / 0 tx / 0 om / 0 (0.0%) gas / (0x91d2b912973ae192ae43501bef9ef863bf3c6eaa8014dc60aad90a272792c4ae) in 0.002s. Peers: 7
2026-04-20 10:17:17.012-0500 | EthScheduler-Workers-0 | INFO  | PersistBlockTask | Imported empty block #1,915 / 0 tx / 0 om / 0 (0.0%) gas / (0x6658a82596c8a7f7e3ddc32bc9083872d147305bb987c4a5e1d5b598b4f51d0c) in 0.002s. Peers: 7
2026-04-20 10:17:22.009-0500 | EthScheduler-Workers-0 | INFO  | PersistBlockTask | Imported empty block #1,916 / 0 tx / 0 om / 0 (0.0%) gas / (0xc2c8755401f9ebaaf90b76ee0bcbd0fd6df223e9563cca8ce91dfc5ff6f23941) in 0.002s. Peers: 7
2026-04-20 10:17:27.011-0500 | EthScheduler-Workers-0 | INFO  | PersistBlockTask | Imported empty block #1,917 / 0 tx / 0 om / 0 (0.0%) gas / (0x0e19fcbaa729ed70bcd67c972d190c61fbe8cf0340bd732b004206ec52661fb5) in 0.002s. Peers: 7
2026-04-20 10:17:32.010-0500 | EthScheduler-Workers-0 | INFO  | PersistBlockTask | Imported empty block #1,918 / 0 tx / 0 om / 0 (0.0%) gas / (0x140e89085a6104eda4e6edcfe954fb8bdf949ec197d2b2eccc9c638a76f3a033) in 0.002s. Peers: 7
2026-04-20 10:17:37.008-0500 | EthScheduler-Workers-0 | INFO  | PersistBlockTask | Imported empty block #1,919 / 0 tx / 0 om / 0 (0.0%) gas / (0x69ad1b9f02f434d92318898af218c9eefc5f4c29ba595434e465edebaf096562) in 0.002s. Peers: 7
2026-04-20 10:17:42.011-0500 | EthScheduler-Workers-0 | INFO  | PersistBlockTask | Imported empty block #1,920 / 0 tx / 0 om / 0 (0.0%) gas / (0x51926dde2f1cfe23de93303dbbc87413b1a7db625e957497b1ef05d98533df26) in 0.004s. Peers: 7
2026-04-20 10:17:47.008-0500 | EthScheduler-Workers-0 | INFO  | PersistBlockTask | Imported empty block #1,921 / 0 tx / 0 om / 0 (0.0%) gas / (0xd5ee641167e9f0c58120ee096a2c17098076f23761c439f229152697eabfbfaa) in 0.002s. Peers: 7
2026-04-20 10:17:52.010-0500 | EthScheduler-Workers-0 | INFO  | PersistBlockTask | Imported empty block #1,922 / 0 tx / 0 om / 0 (0.0%) gas / (0x39f998606530602a83bbabdd393d2ce1a893979e26b832fb578ca7a46a0d9005) in 0.002s. Peers: 7
2026-04-20 10:17:57.010-0500 | EthScheduler-Workers-0 | INFO  | PersistBlockTask | Imported empty block #1,923 / 0 tx / 0 om / 0 (0.0%) gas / (0xd4caf781b5babe4c96dbe286e598a9c23ad115f9658c21bb1750cb2dc59c7f6c) in 0.002s. Peers: 7
2026-04-20 10:18:02.011-0500 | EthScheduler-Workers-0 | INFO  | PersistBlockTask | Imported empty block #1,924 / 0 tx / 0 om / 0 (0.0%) gas / (0xbc55f51d759c1e10d3bf562943ef08cbc8b638c42d2ff5b671b661b7aaeeeb30) in 0.002s. Peers: 7
2026-04-20 10:18:07.010-0500 | EthScheduler-Workers-0 | INFO  | PersistBlockTask | Imported empty block #1,925 / 0 tx / 0 om / 0 (0.0%) gas / (0xdcbc2aac5a0adf73a57a396ef4cba768ed691f7b52ee4dfa83d51fddcbca6457) in 0.002s. Peers: 7
2026-04-20 10:18:12.014-0500 | EthScheduler-Workers-0 | INFO  | PersistBlockTask | Imported empty block #1,926 / 0 tx / 0 om / 0 (0.0%) gas / (0xd5385c3add68adc631d76290e0070c15c94ddc91e535fab1cdfa268074de13c4) in 0.003s. Peers: 7
2026-04-20 10:18:17.012-0500 | EthScheduler-Workers-0 | INFO  | PersistBlockTask | Imported empty block #1,927 / 0 tx / 0 om / 0 (0.0%) gas / (0x46dce18bd200333878f103a2c79998f2514da98413795f8f0a41d21126850f71) in 0.002s. Peers: 7
2026-04-20 10:18:22.011-0500 | EthScheduler-Workers-0 | INFO  | PersistBlockTask | Imported empty block #1,928 / 0 tx / 0 om / 0 (0.0%) gas / (0x6cbeaf518dc25e57c8d55d216e857058bef7964c21b3dcb48551d285de524a9f) in 0.003s. Peers: 7
2026-04-20 10:18:27.012-0500 | EthScheduler-Workers-0 | INFO  | PersistBlockTask | Imported empty block #1,929 / 0 tx / 0 om / 0 (0.0%) gas / (0x55e6f1eb31555db9438eb9bc4f86e06a6ebd0602d71f2d04587b91d8d0a42915) in 0.002s. Peers: 7
2026-04-20 10:18:32.015-0500 | EthScheduler-Workers-0 | INFO  | PersistBlockTask | Imported empty block #1,930 / 0 tx / 0 om / 0 (0.0%) gas / (0x6e806ea5f565293be754a1a48931fe30e9cf94bdfd871b8069b204a7287f5fc9) in 0.003s. Peers: 7
2026-04-20 10:18:37.011-0500 | EthScheduler-Workers-0 | INFO  | PersistBlockTask | Imported empty block #1,931 / 0 tx / 0 om / 0 (0.0%) gas / (0xa02031a9d45faad2e893a8b673b69f0fbb67583b5e0dc0bc9b6d5f3678222294) in 0.001s. Peers: 7
2026-04-20 10:18:42.010-0500 | EthScheduler-Workers-0 | INFO  | PersistBlockTask | Imported empty block #1,932 / 0 tx / 0 om / 0 (0.0%) gas / (0x1b7815bc594f4847e382480c8c72b68f58125b8cea90bb6f1e00f4a566e5e643) in 0.002s. Peers: 7
2026-04-20 10:18:47.011-0500 | EthScheduler-Workers-0 | INFO  | PersistBlockTask | Imported empty block #1,933 / 0 tx / 0 om / 0 (0.0%) gas / (0xec960f1776d36b0d8f750d746c535b0cdc6c6582c743701a4b1d5f4d4bda3e76) in 0.002s. Peers: 7
2026-04-20 10:18:52.012-0500 | EthScheduler-Workers-0 | INFO  | PersistBlockTask | Imported empty block #1,934 / 0 tx / 0 om / 0 (0.0%) gas / (0x3c621278d3406ea76051fd29e5114f1143c8583661c191d024591c13bbd96574) in 0.002s. Peers: 7
2026-04-20 10:18:57.011-0500 | EthScheduler-Workers-0 | INFO  | PersistBlockTask | Imported empty block #1,935 / 0 tx / 0 om / 0 (0.0%) gas / (0x2e79dd50f3957a212e9a7e852d0ec8e639fc19a2fd9d41703e3704373fba55cd) in 0.001s. Peers: 7
2026-04-20 10:19:02.012-0500 | EthScheduler-Workers-0 | INFO  | PersistBlockTask | Imported empty block #1,936 / 0 tx / 0 om / 0 (0.0%) gas / (0xbfbc665e93769a92c8520bf74ecce81b80173129c4a793ae55630f4954d1f1b3) in 0.002s. Peers: 7
2026-04-20 10:19:07.011-0500 | EthScheduler-Workers-0 | INFO  | PersistBlockTask | Imported empty block #1,937 / 0 tx / 0 om / 0 (0.0%) gas / (0x4dc573de648fbd1a30f4539405a63b91a8c09923ea628122ad9118f59631e107) in 0.001s. Peers: 7
2026-04-20 10:19:12.010-0500 | EthScheduler-Workers-0 | INFO  | PersistBlockTask | Imported empty block #1,938 / 0 tx / 0 om / 0 (0.0%) gas / (0x647f3990a7e078ac095e59b3e7623cfafc8af43d3718176f054221897eeb212e) in 0.002s. Peers: 7
2026-04-20 10:19:17.012-0500 | EthScheduler-Workers-0 | INFO  | PersistBlockTask | Imported empty block #1,939 / 0 tx / 0 om / 0 (0.0%) gas / (0x5b96ecfc30c9ad8708a85b89fed3661f9cdb6190abf717e8de72f5ffdc93328e) in 0.002s. Peers: 7
2026-04-20 10:19:22.010-0500 | EthScheduler-Workers-0 | INFO  | PersistBlockTask | Imported empty block #1,940 / 0 tx / 0 om / 0 (0.0%) gas / (0x81ce4a6a58cdf999ebd14f5e188a33c0c4632d199e83df52236dbfd72aa2976f) in 0.003s. Peers: 7
2026-04-20 10:19:27.010-0500 | EthScheduler-Workers-0 | INFO  | PersistBlockTask | Imported empty block #1,941 / 0 tx / 0 om / 0 (0.0%) gas / (0xc36112fb19fca92089633f19e90d94364b5552a599f820b4544d7d5bba9996a5) in 0.002s. Peers: 7
2026-04-20 10:19:32.010-0500 | EthScheduler-Workers-0 | INFO  | PersistBlockTask | Imported empty block #1,942 / 0 tx / 0 om / 0 (0.0%) gas / (0x329f88b879f4d21707a5ab782585e0532d5fe44bdbd56dd7ffcac1eb5bf0af77) in 0.002s. Peers: 7
2026-04-20 10:19:37.013-0500 | EthScheduler-Workers-0 | INFO  | PersistBlockTask | Imported empty block #1,943 / 0 tx / 0 om / 0 (0.0%) gas / (0xd38192a51047b785152e3003e422d2ad55e5ccb5749593d7106d554b0620e6df) in 0.001s. Peers: 7
2026-04-20 10:19:42.009-0500 | EthScheduler-Workers-0 | INFO  | PersistBlockTask | Imported empty block #1,944 / 0 tx / 0 om / 0 (0.0%) gas / (0xae66d375a327082e61516d63b8f7fcf7cedc8257c0a0cd508f764f1dd7a4c972) in 0.002s. Peers: 7
2026-04-20 10:19:47.010-0500 | EthScheduler-Workers-0 | INFO  | PersistBlockTask | Imported empty block #1,945 / 0 tx / 0 om / 0 (0.0%) gas / (0x735a4d38ac63b4abfb4e9a913375ae054b3c3c6f5a94be9cecf33f9bb503fb8a) in 0.002s. Peers: 7
2026-04-20 10:19:52.010-0500 | EthScheduler-Workers-0 | INFO  | PersistBlockTask | Imported empty block #1,946 / 0 tx / 0 om / 0 (0.0%) gas / (0x94fda5f428b6b4d19b164ba3d2d965ce18a03e141301a306e31b0991c679266d) in 0.002s. Peers: 7
2026-04-20 10:19:57.010-0500 | EthScheduler-Workers-0 | INFO  | PersistBlockTask | Imported empty block #1,947 / 0 tx / 0 om / 0 (0.0%) gas / (0x6f213fbff0e20ac49e28d810b832f503e990d4437e6c5a8169632283afeb1700) in 0.002s. Peers: 7
2026-04-20 10:20:02.013-0500 | EthScheduler-Workers-0 | INFO  | PersistBlockTask | Imported empty block #1,948 / 0 tx / 0 om / 0 (0.0%) gas / (0x64a080ddc8a14f998f1def2cac5534e5e900d6c0e21d80b37e88bb72c169c22c) in 0.002s. Peers: 7
2026-04-20 10:20:07.012-0500 | EthScheduler-Workers-0 | INFO  | PersistBlockTask | Imported empty block #1,949 / 0 tx / 0 om / 0 (0.0%) gas / (0x3fc3b91078fdd45a157f191b3828aab986637e5a5cd5dd9944afcb01693edd68) in 0.001s. Peers: 7
2026-04-20 10:20:12.014-0500 | EthScheduler-Workers-0 | INFO  | PersistBlockTask | Imported empty block #1,950 / 0 tx / 0 om / 0 (0.0%) gas / (0x09728a8391d1079a96f4b64417fdf2276b565ae142065eeb2a12e1e901bd43df) in 0.002s. Peers: 7
2026-04-20 10:20:17.009-0500 | EthScheduler-Workers-0 | INFO  | PersistBlockTask | Imported empty block #1,951 / 0 tx / 0 om / 0 (0.0%) gas / (0x4123e1380763e84256df27250e21a7315fc27d1973b40c2b8593dcb3be2bf0f5) in 0.002s. Peers: 7
2026-04-20 10:20:22.009-0500 | EthScheduler-Workers-0 | INFO  | PersistBlockTask | Imported empty block #1,952 / 0 tx / 0 om / 0 (0.0%) gas / (0xb029b21e1d7c9c005978bcaa27ac48a5dd68f7d0f847ace641955bf276e15417) in 0.002s. Peers: 7
2026-04-20 10:20:27.010-0500 | EthScheduler-Workers-0 | INFO  | PersistBlockTask | Imported empty block #1,953 / 0 tx / 0 om / 0 (0.0%) gas / (0x54dda482d742b4dd41f6b4e5279bc6f02b88cc1d34419803efb1a98cf03c5997) in 0.002s. Peers: 7
2026-04-20 10:20:32.008-0500 | EthScheduler-Workers-0 | INFO  | PersistBlockTask | Imported empty block #1,954 / 0 tx / 0 om / 0 (0.0%) gas / (0x5499c15ac7ba6a19d6aa40690ecaef24734f9aa8c0d781d4bb3b29d6d98a36ae) in 0.001s. Peers: 7
2026-04-20 10:20:37.009-0500 | EthScheduler-Workers-0 | INFO  | PersistBlockTask | Imported empty block #1,955 / 0 tx / 0 om / 0 (0.0%) gas / (0xf60980426b93adae4143eb913b005c5450e1c5e985541385564dc608ac641688) in 0.002s. Peers: 7
2026-04-20 10:20:42.010-0500 | EthScheduler-Workers-0 | INFO  | PersistBlockTask | Imported empty block #1,956 / 0 tx / 0 om / 0 (0.0%) gas / (0x4b67c9b266f74c6e8d511886fea56485d68f95e83f9ddf977bec969d1c96bd92) in 0.002s. Peers: 7
2026-04-20 10:20:47.011-0500 | EthScheduler-Workers-0 | INFO  | PersistBlockTask | Imported empty block #1,957 / 0 tx / 0 om / 0 (0.0%) gas / (0x09745078f8225cd813102c17eb8bd2e7c07fd63468bd76dcf989730dd0b1f932) in 0.003s. Peers: 7
2026-04-20 10:20:52.011-0500 | EthScheduler-Workers-0 | INFO  | PersistBlockTask | Imported empty block #1,958 / 0 tx / 0 om / 0 (0.0%) gas / (0xd4277553c756296bf5494fd2c993df9798eee038a9fe3c18925bfd30568fb131) in 0.002s. Peers: 7
2026-04-20 10:20:57.011-0500 | EthScheduler-Workers-0 | INFO  | PersistBlockTask | Imported empty block #1,959 / 0 tx / 0 om / 0 (0.0%) gas / (0x87caf18280aff33ec09e53ef902b3e24187a9e8f2e69defd3676c654c516df77) in 0.003s. Peers: 7
2026-04-20 10:21:02.013-0500 | EthScheduler-Workers-0 | INFO  | PersistBlockTask | Imported empty block #1,960 / 0 tx / 0 om / 0 (0.0%) gas / (0x896271e90de7f612d9702dbed315edb338a81009f91cbc68284fc56fb33105c3) in 0.001s. Peers: 7
2026-04-20 10:21:07.010-0500 | EthScheduler-Workers-0 | INFO  | PersistBlockTask | Imported empty block #1,961 / 0 tx / 0 om / 0 (0.0%) gas / (0x59950dd3e20c081aadfa9437f495a53758aa5869527082c7563a98e02eb2877b) in 0.001s. Peers: 7
2026-04-20 10:21:12.013-0500 | EthScheduler-Workers-0 | INFO  | PersistBlockTask | Imported empty block #1,962 / 0 tx / 0 om / 0 (0.0%) gas / (0x04a8aca612c1179f6d2cf5324604251db75a8cd8084fb21b4e6cd01f4f5263fe) in 0.002s. Peers: 7
2026-04-20 10:21:17.009-0500 | EthScheduler-Workers-0 | INFO  | PersistBlockTask | Imported empty block #1,963 / 0 tx / 0 om / 0 (0.0%) gas / (0x0241d35cbe95cf7fab25808ee496c65d9980392a6b52a879d05d68829539bf95) in 0.002s. Peers: 7
2026-04-20 10:21:22.012-0500 | EthScheduler-Workers-0 | INFO  | PersistBlockTask | Imported empty block #1,964 / 0 tx / 0 om / 0 (0.0%) gas / (0xd27a5c1a0304cdf76281c601aa756f090f304cf8063f052568cb5792b8ea513c) in 0.002s. Peers: 7
2026-04-20 10:21:27.009-0500 | EthScheduler-Workers-0 | INFO  | PersistBlockTask | Imported empty block #1,965 / 0 tx / 0 om / 0 (0.0%) gas / (0xce58e1ad2451c8e86e74449ffcfdad501a251be2a912345d61e0cefa442ea714) in 0.002s. Peers: 7
2026-04-20 10:21:32.012-0500 | EthScheduler-Workers-0 | INFO  | PersistBlockTask | Imported empty block #1,966 / 0 tx / 0 om / 0 (0.0%) gas / (0xc2e155afa101bac6cc20331b4dc8014569a4485099a189945d4362887064b76b) in 0.002s. Peers: 7
2026-04-20 10:21:37.009-0500 | EthScheduler-Workers-0 | INFO  | PersistBlockTask | Imported empty block #1,967 / 0 tx / 0 om / 0 (0.0%) gas / (0x6fd1e65f2c8eb9861c3a87def444159bfd5e65825a58284392a327b42d8d66ef) in 0.002s. Peers: 7
2026-04-20 10:21:42.010-0500 | EthScheduler-Workers-0 | INFO  | PersistBlockTask | Imported empty block #1,968 / 0 tx / 0 om / 0 (0.0%) gas / (0xd122d80cc66e1989199a8b6b10782b54403aba2630e78265d8f1838c27ee4ec1) in 0.002s. Peers: 7
2026-04-20 10:21:47.009-0500 | EthScheduler-Workers-0 | INFO  | PersistBlockTask | Imported empty block #1,969 / 0 tx / 0 om / 0 (0.0%) gas / (0xa2784233c6a268bee0934c342a4d1c9706d82f8c82144d675d21586d931db29f) in 0.002s. Peers: 7
2026-04-20 10:21:52.012-0500 | EthScheduler-Workers-0 | INFO  | PersistBlockTask | Imported empty block #1,970 / 0 tx / 0 om / 0 (0.0%) gas / (0x3816564eaa1312d69b3ee4aa68f6be5195ae80e40b599578db313eb4a4d04032) in 0.002s. Peers: 7
2026-04-20 10:21:57.010-0500 | EthScheduler-Workers-0 | INFO  | PersistBlockTask | Imported empty block #1,971 / 0 tx / 0 om / 0 (0.0%) gas / (0xca0ee44b71ea3662b2e3bd66b3c33f429a8e56f0a48b639f8636df4c1cf80623) in 0.003s. Peers: 7
2026-04-20 10:22:02.012-0500 | EthScheduler-Workers-0 | INFO  | PersistBlockTask | Imported empty block #1,972 / 0 tx / 0 om / 0 (0.0%) gas / (0x19b36fb3aea97e40d866a071cef96e48b2b6c0b50e67cc8d961f994bf3743ba9) in 0.002s. Peers: 7
2026-04-20 10:22:07.013-0500 | EthScheduler-Workers-0 | INFO  | PersistBlockTask | Imported empty block #1,973 / 0 tx / 0 om / 0 (0.0%) gas / (0x2705f9a2edbb56c286819fc66bf9f0def28567fe86708c5c64eef2d50e9c1aaf) in 0.001s. Peers: 7
2026-04-20 10:22:12.009-0500 | EthScheduler-Workers-0 | INFO  | PersistBlockTask | Imported empty block #1,974 / 0 tx / 0 om / 0 (0.0%) gas / (0x09342d86303fc711f38169721db4c82f21c8de85a520ad52650e1da673f363b7) in 0.002s. Peers: 7
2026-04-20 10:22:17.010-0500 | EthScheduler-Workers-0 | INFO  | PersistBlockTask | Imported empty block #1,975 / 0 tx / 0 om / 0 (0.0%) gas / (0x5e984a9757c5c180dc090754fb3c811f83958d7cb293b3ec913e6e0c47f0d303) in 0.002s. Peers: 7
2026-04-20 10:22:22.010-0500 | EthScheduler-Workers-0 | INFO  | PersistBlockTask | Imported empty block #1,976 / 0 tx / 0 om / 0 (0.0%) gas / (0xbdeb56c48563c9e012d7255e46558ccd346b8befb3536fddfeeb07baafbf7edb) in 0.001s. Peers: 7
2026-04-20 10:22:27.010-0500 | EthScheduler-Workers-0 | INFO  | PersistBlockTask | Imported empty block #1,977 / 0 tx / 0 om / 0 (0.0%) gas / (0xc9d82b40c8e50567153ea04d677a53bc99b1d1df3d4cb6ef39a3e18dde32af3e) in 0.002s. Peers: 7
2026-04-20 10:22:32.013-0500 | EthScheduler-Workers-0 | INFO  | PersistBlockTask | Imported empty block #1,978 / 0 tx / 0 om / 0 (0.0%) gas / (0x3dd8b6ba4083070e48b46bba11b82b599d18d40f927d916c9f5809aa9023367b) in 0.002s. Peers: 7
2026-04-20 10:22:37.009-0500 | EthScheduler-Workers-0 | INFO  | PersistBlockTask | Imported empty block #1,979 / 0 tx / 0 om / 0 (0.0%) gas / (0x6dc907c98b8623c0aabbd7122bd7aa745397c0e4d72bfbb2f11b4f35971d8d74) in 0.002s. Peers: 7
2026-04-20 10:22:42.009-0500 | EthScheduler-Workers-0 | INFO  | PersistBlockTask | Imported empty block #1,980 / 0 tx / 0 om / 0 (0.0%) gas / (0xc917b36a99578677bd9a57d561b6e8b649af707e45276b79d1b46fe36517a9e8) in 0.002s. Peers: 7
2026-04-20 10:22:47.011-0500 | EthScheduler-Workers-0 | INFO  | PersistBlockTask | Imported empty block #1,981 / 0 tx / 0 om / 0 (0.0%) gas / (0xa763b9d5faddfade40b6acfc6f93fcf0b8cced24fd8b972ae5a49d3931aaa4ac) in 0.002s. Peers: 7
2026-04-20 10:22:52.010-0500 | EthScheduler-Workers-0 | INFO  | PersistBlockTask | Imported empty block #1,982 / 0 tx / 0 om / 0 (0.0%) gas / (0x2528e0c22941c36937aa558c54e9d0d0dd6beefd31da36552ef1536c02baaef9) in 0.002s. Peers: 7
2026-04-20 10:22:57.011-0500 | EthScheduler-Workers-0 | INFO  | PersistBlockTask | Imported empty block #1,983 / 0 tx / 0 om / 0 (0.0%) gas / (0x043153ccfb927db2952cb7bcf0566da85e9f64a19f7d619c2e6a12d2db569201) in 0.001s. Peers: 7
2026-04-20 10:23:02.011-0500 | EthScheduler-Workers-0 | INFO  | PersistBlockTask | Imported empty block #1,984 / 0 tx / 0 om / 0 (0.0%) gas / (0xaf9ecf065da231dfc8ac16a8679bcc1346059b2f3e59144ee61046530c750f68) in 0.004s. Peers: 7
2026-04-20 10:23:07.010-0500 | EthScheduler-Workers-0 | INFO  | PersistBlockTask | Imported empty block #1,985 / 0 tx / 0 om / 0 (0.0%) gas / (0x6d35b3cf656e55d6d3a05ad8e44303851eef1d5c26432ef8a3538d56ac1858b5) in 0.002s. Peers: 7
2026-04-20 10:23:12.009-0500 | EthScheduler-Workers-0 | INFO  | PersistBlockTask | Imported empty block #1,986 / 0 tx / 0 om / 0 (0.0%) gas / (0xe12a172f36d9573217e02d2c40778928e52d9aed5931c6532cfee4995ebc7c5b) in 0.002s. Peers: 7
2026-04-20 10:23:17.016-0500 | EthScheduler-Workers-0 | INFO  | PersistBlockTask | Imported empty block #1,987 / 0 tx / 0 om / 0 (0.0%) gas / (0xa093fe2c92a2ab7e7e8ea76908ab99d660bd5be274af8b61971266ba1e1ae619) in 0.002s. Peers: 7
2026-04-20 10:23:22.011-0500 | EthScheduler-Workers-0 | INFO  | PersistBlockTask | Imported empty block #1,988 / 0 tx / 0 om / 0 (0.0%) gas / (0x1da5385eff04fd9bb5217ffbd671058fe7dd7001246ec2e63edac84c080816ab) in 0.002s. Peers: 7
2026-04-20 10:23:27.009-0500 | EthScheduler-Workers-0 | INFO  | PersistBlockTask | Imported empty block #1,989 / 0 tx / 0 om / 0 (0.0%) gas / (0x176d07d6fa15f2baefeace97114062f6cbaeb34f89c46493e8e220ff4e59ce65) in 0.002s. Peers: 7
2026-04-20 10:23:32.011-0500 | EthScheduler-Workers-0 | INFO  | PersistBlockTask | Imported empty block #1,990 / 0 tx / 0 om / 0 (0.0%) gas / (0xb84d647f7b2309c9f6f064551a231684470ecccb6316003379f30231573f1b23) in 0.002s. Peers: 7
2026-04-20 10:23:37.009-0500 | EthScheduler-Workers-0 | INFO  | PersistBlockTask | Imported empty block #1,991 / 0 tx / 0 om / 0 (0.0%) gas / (0x89b137bca84249920d0a7a2b4e5a621722dec0d967cc4ddef247c1c8ddfaf1fd) in 0.002s. Peers: 7
2026-04-20 10:23:42.009-0500 | EthScheduler-Workers-0 | INFO  | PersistBlockTask | Imported empty block #1,992 / 0 tx / 0 om / 0 (0.0%) gas / (0xe1883e7217696905ee0383420d78ce2baa733b1aeac11bc535e20b00f9b9758c) in 0.002s. Peers: 7
2026-04-20 10:23:47.008-0500 | EthScheduler-Workers-0 | INFO  | PersistBlockTask | Imported empty block #1,993 / 0 tx / 0 om / 0 (0.0%) gas / (0x9fc74d33133146abbff1a941f561be3dc62f88daf96b808ed44d1929c8e1b75d) in 0.002s. Peers: 7
2026-04-20 10:23:52.011-0500 | EthScheduler-Workers-0 | INFO  | PersistBlockTask | Imported empty block #1,994 / 0 tx / 0 om / 0 (0.0%) gas / (0x90d431a09964755946ae8a65f41eacf472253da007df4f15fefa0fd4548b5fe5) in 0.001s. Peers: 7
2026-04-20 10:23:57.012-0500 | EthScheduler-Workers-0 | INFO  | PersistBlockTask | Imported empty block #1,995 / 0 tx / 0 om / 0 (0.0%) gas / (0x8a734a2f1319ec91b4014e76a3d4939f1f5ae0e858401d3a46079c1694c83039) in 0.002s. Peers: 7
2026-04-20 10:24:02.015-0500 | EthScheduler-Workers-0 | INFO  | PersistBlockTask | Imported empty block #1,996 / 0 tx / 0 om / 0 (0.0%) gas / (0x1f9957105d99d04644ed7bcbd6877c0271baaf0bf28d675930c22ba1d0e2e175) in 0.003s. Peers: 7
2026-04-20 10:24:07.014-0500 | EthScheduler-Workers-0 | INFO  | PersistBlockTask | Imported empty block #1,997 / 0 tx / 0 om / 0 (0.0%) gas / (0xef7b16930fde46b321fd2194dc56ce4828fdb3423a5f5466a09f108d1f969315) in 0.005s. Peers: 7
2026-04-20 10:24:12.011-0500 | EthScheduler-Workers-0 | INFO  | PersistBlockTask | Imported empty block #1,998 / 0 tx / 0 om / 0 (0.0%) gas / (0xcbd142ca8989948a8241f14ebc3fd087e4b250cd891e1c4c8df6833c8aceeb96) in 0.002s. Peers: 7
2026-04-20 10:24:17.012-0500 | EthScheduler-Workers-0 | INFO  | PersistBlockTask | Imported empty block #1,999 / 0 tx / 0 om / 0 (0.0%) gas / (0x93fa0e3da06e6071b27f2658c8a84a5909f9ee3245fc2cf991a46af983d8e828) in 0.002s. Peers: 7
2026-04-20 10:24:22.010-0500 | EthScheduler-Workers-0 | INFO  | PersistBlockTask | Imported empty block #2,000 / 0 tx / 0 om / 0 (0.0%) gas / (0x3b293021e0a08e6e7df63ac07af0673b61901571827b30d466570e50ef3681ca) in 0.002s. Peers: 7
2026-04-20 10:24:27.008-0500 | EthScheduler-Workers-0 | INFO  | PersistBlockTask | Imported empty block #2,001 / 0 tx / 0 om / 0 (0.0%) gas / (0x0418dbe4590129d91dacbbe655e34b2fc53710162a7d386aa264877786106f70) in 0.002s. Peers: 7
2026-04-20 10:24:32.014-0500 | EthScheduler-Workers-0 | INFO  | PersistBlockTask | Imported empty block #2,002 / 0 tx / 0 om / 0 (0.0%) gas / (0x62b2242fa011aeab86c1d82c98c2f60888ea96c559a7665aafb8a538d3926de0) in 0.002s. Peers: 7
2026-04-20 10:24:37.014-0500 | EthScheduler-Workers-0 | INFO  | PersistBlockTask | Imported empty block #2,003 / 0 tx / 0 om / 0 (0.0%) gas / (0x7d6db272951921751c2afc13df2e4f8ff709211ca76943587de2dd56baff9dd9) in 0.002s. Peers: 7
2026-04-20 10:24:42.010-0500 | EthScheduler-Workers-0 | INFO  | PersistBlockTask | Imported empty block #2,004 / 0 tx / 0 om / 0 (0.0%) gas / (0x00de3e1f96b7c54b470debc1128928d113557542b81b768b7618af49bdbafc05) in 0.002s. Peers: 7
2026-04-20 10:24:47.009-0500 | EthScheduler-Workers-0 | INFO  | PersistBlockTask | Imported empty block #2,005 / 0 tx / 0 om / 0 (0.0%) gas / (0xb9ca5b0f8d43c4d5f835bfb0a71be96f16e7cdfd2a8717b51496083656b7cf01) in 0.003s. Peers: 7
2026-04-20 10:24:52.009-0500 | EthScheduler-Workers-0 | INFO  | PersistBlockTask | Imported empty block #2,006 / 0 tx / 0 om / 0 (0.0%) gas / (0xa9ebdca17af103f23153c3f6b724be8d07468bfd7c9553da8679e75fd67959d6) in 0.002s. Peers: 7
2026-04-20 10:24:57.009-0500 | EthScheduler-Workers-0 | INFO  | PersistBlockTask | Imported empty block #2,007 / 0 tx / 0 om / 0 (0.0%) gas / (0xf3d9bf4e9c11eb16dff8c42571618632ce18d6858c456449838765a459d17e7d) in 0.002s. Peers: 7
2026-04-20 10:25:02.009-0500 | EthScheduler-Workers-0 | INFO  | PersistBlockTask | Imported empty block #2,008 / 0 tx / 0 om / 0 (0.0%) gas / (0x27ce81995c76627a606e24c8117320480f94dc6bfb956b34e9d3054470b6062a) in 0.002s. Peers: 7
2026-04-20 10:25:07.011-0500 | EthScheduler-Workers-0 | INFO  | PersistBlockTask | Imported empty block #2,009 / 0 tx / 0 om / 0 (0.0%) gas / (0xc8b0f6aedebcaf1b00e11460b45a56a077d9f61fdcdd9553959fdab8c0f45ce6) in 0.002s. Peers: 7
2026-04-20 10:25:12.010-0500 | EthScheduler-Workers-0 | INFO  | PersistBlockTask | Imported empty block #2,010 / 0 tx / 0 om / 0 (0.0%) gas / (0x412b77dfa1924e747b3188dbbe1efc40612319f01ea02783de9341877b3750ae) in 0.002s. Peers: 7
2026-04-20 10:25:17.010-0500 | EthScheduler-Workers-0 | INFO  | PersistBlockTask | Imported empty block #2,011 / 0 tx / 0 om / 0 (0.0%) gas / (0x913d98cd1591026b265ddd18f2af25d12eb7762634c032414cbe7c44605ccf53) in 0.002s. Peers: 7
2026-04-20 10:25:22.011-0500 | EthScheduler-Workers-0 | INFO  | PersistBlockTask | Imported empty block #2,012 / 0 tx / 0 om / 0 (0.0%) gas / (0x8aeed9bc1f1d28523d3dc86e4a562476ad88b0f1d9f647845631c19bb0aeffad) in 0.002s. Peers: 7
2026-04-20 10:25:27.012-0500 | EthScheduler-Workers-0 | INFO  | PersistBlockTask | Imported empty block #2,013 / 0 tx / 0 om / 0 (0.0%) gas / (0x3de69cd3368937eb1878f09977b399ebc674206d05bbb3491a237610acea14be) in 0.002s. Peers: 7
2026-04-20 10:25:32.011-0500 | EthScheduler-Workers-0 | INFO  | PersistBlockTask | Imported empty block #2,014 / 0 tx / 0 om / 0 (0.0%) gas / (0x1bece91afa91d0888fe9ed722a6d1cf43a3583d3f07791bcb1266f5da45d67b2) in 0.001s. Peers: 7
2026-04-20 10:25:37.010-0500 | EthScheduler-Workers-0 | INFO  | PersistBlockTask | Imported empty block #2,015 / 0 tx / 0 om / 0 (0.0%) gas / (0xa92fabdb98c1cd0fba567b9eb7eb19e563a92e85abe0ee763e0e45183138d9e1) in 0.003s. Peers: 7
2026-04-20 10:25:42.011-0500 | EthScheduler-Workers-0 | INFO  | PersistBlockTask | Imported empty block #2,016 / 0 tx / 0 om / 0 (0.0%) gas / (0xb86b5e6c0c0dffc7554e46a23ac54d3415df6050a87eeda56612bb2acf3d9c08) in 0.002s. Peers: 7
2026-04-20 10:25:47.012-0500 | EthScheduler-Workers-0 | INFO  | PersistBlockTask | Imported empty block #2,017 / 0 tx / 0 om / 0 (0.0%) gas / (0x2b5f4159b1a61eda31a8b2c82f3f31330ee0cf8385279b08fa1154dc1aa2859c) in 0.003s. Peers: 7
2026-04-20 10:25:52.009-0500 | EthScheduler-Workers-0 | INFO  | PersistBlockTask | Imported empty block #2,018 / 0 tx / 0 om / 0 (0.0%) gas / (0xfd886bea3907dec13bd931abffa03079c1fbe6c9ece03c7a85c474b933bfef59) in 0.003s. Peers: 7
2026-04-20 10:25:57.012-0500 | EthScheduler-Workers-0 | INFO  | PersistBlockTask | Imported empty block #2,019 / 0 tx / 0 om / 0 (0.0%) gas / (0x17af9934923a5ad77ce8c5cd5f29416232e056b11eb52d5148e0af7df3243473) in 0.001s. Peers: 7
2026-04-20 10:26:02.012-0500 | EthScheduler-Workers-0 | INFO  | PersistBlockTask | Imported empty block #2,020 / 0 tx / 0 om / 0 (0.0%) gas / (0x1ae4e3b57bb262019e620d4e72a46f43023a8306c0f001e6928bd59ac1936072) in 0.002s. Peers: 7
2026-04-20 10:26:07.010-0500 | EthScheduler-Workers-0 | INFO  | PersistBlockTask | Imported empty block #2,021 / 0 tx / 0 om / 0 (0.0%) gas / (0x578a718da2a15cbdacb586712a5ec4816337673da0550ac60813508dc49df490) in 0.002s. Peers: 7
2026-04-20 10:26:12.012-0500 | EthScheduler-Workers-0 | INFO  | PersistBlockTask | Imported empty block #2,022 / 0 tx / 0 om / 0 (0.0%) gas / (0x398e78db2d239e43920bcac11e52044485ea5b99f821c52dce881b579c480c81) in 0.002s. Peers: 7
2026-04-20 10:26:17.009-0500 | EthScheduler-Workers-0 | INFO  | PersistBlockTask | Imported empty block #2,023 / 0 tx / 0 om / 0 (0.0%) gas / (0x3b9619feaa8dffaf738bedcb8de3fd4dbd6ae2837c76fab512ddb0f4703bca7a) in 0.002s. Peers: 7
2026-04-20 10:26:22.011-0500 | EthScheduler-Workers-0 | INFO  | PersistBlockTask | Imported empty block #2,024 / 0 tx / 0 om / 0 (0.0%) gas / (0x9d4e81b851cdd7e972ede59020dd4fc3b90a05f98e217b7085c4073ed7c4650b) in 0.003s. Peers: 7
2026-04-20 10:26:27.011-0500 | EthScheduler-Workers-0 | INFO  | PersistBlockTask | Imported empty block #2,025 / 0 tx / 0 om / 0 (0.0%) gas / (0xb40faa62e7e2c64074e3cba83375b7dc962a3c6b6cb986df0a248d0d1a5f3ca3) in 0.002s. Peers: 7
2026-04-20 10:26:32.011-0500 | EthScheduler-Workers-0 | INFO  | PersistBlockTask | Imported empty block #2,026 / 0 tx / 0 om / 0 (0.0%) gas / (0xf85b70a45f909c0d452d056246dc1be6348b8e7207e0199907a9cdb14265596a) in 0.003s. Peers: 7
2026-04-20 10:26:37.012-0500 | EthScheduler-Workers-0 | INFO  | PersistBlockTask | Imported empty block #2,027 / 0 tx / 0 om / 0 (0.0%) gas / (0xbcce8d2cb140f98fb28bc2f865d5f7d478df49f8f345980130b3e87c8fe0b9eb) in 0.002s. Peers: 7
2026-04-20 10:26:42.013-0500 | EthScheduler-Workers-0 | INFO  | PersistBlockTask | Imported empty block #2,028 / 0 tx / 0 om / 0 (0.0%) gas / (0x856042f0ca57d78c207c262a054d7d5bbf13a99c3f977a2aabdb2ce5bbba92cf) in 0.001s. Peers: 7
2026-04-20 10:26:47.009-0500 | EthScheduler-Workers-0 | INFO  | PersistBlockTask | Imported empty block #2,029 / 0 tx / 0 om / 0 (0.0%) gas / (0x3a3c54849a4f26ad4b6f1a3f892bae4c21a7949542ef455c4d19f296e7eecbe3) in 0.002s. Peers: 7
2026-04-20 10:26:52.009-0500 | EthScheduler-Workers-0 | INFO  | PersistBlockTask | Imported empty block #2,030 / 0 tx / 0 om / 0 (0.0%) gas / (0xf8b296b3e5c90e82ed86790f8b77f21a5ba8079a4088edb5cdadc678cc6e58ec) in 0.001s. Peers: 7
2026-04-20 10:26:57.012-0500 | EthScheduler-Workers-0 | INFO  | PersistBlockTask | Imported empty block #2,031 / 0 tx / 0 om / 0 (0.0%) gas / (0xb9e4b6c4daedb31e082658c1938f51431a1d9309ce0a81dfb05d77c016b0fa52) in 0.002s. Peers: 7
2026-04-20 10:27:02.008-0500 | EthScheduler-Workers-0 | INFO  | PersistBlockTask | Imported empty block #2,032 / 0 tx / 0 om / 0 (0.0%) gas / (0x06b9ec26a47359703ec4236e0c96e58d969829bc10fcbfcdce95f4dc078c5a35) in 0.002s. Peers: 7
2026-04-20 10:27:07.012-0500 | EthScheduler-Workers-0 | INFO  | PersistBlockTask | Imported empty block #2,033 / 0 tx / 0 om / 0 (0.0%) gas / (0xc016e2e41e48dbb8ce562d5848a77c139f19361cf38c60ccd8694a5da2c50ce7) in 0.002s. Peers: 7
2026-04-20 10:27:12.009-0500 | EthScheduler-Workers-0 | INFO  | PersistBlockTask | Imported empty block #2,034 / 0 tx / 0 om / 0 (0.0%) gas / (0xc254632b1c711e8c3f3e18a96b6b00731d84d405b4845c5a54c50a61904acf88) in 0.002s. Peers: 7
2026-04-20 10:27:17.011-0500 | EthScheduler-Workers-0 | INFO  | PersistBlockTask | Imported empty block #2,035 / 0 tx / 0 om / 0 (0.0%) gas / (0x60b13593d808e68e44d6105e36c25096992a65df56ce91df6bb78e895f56e4e6) in 0.003s. Peers: 7
2026-04-20 10:27:22.011-0500 | EthScheduler-Workers-0 | INFO  | PersistBlockTask | Imported empty block #2,036 / 0 tx / 0 om / 0 (0.0%) gas / (0x7dbd5b574571b867575b730f13e1e5a4aa059721dc33ffba209350c0171002a5) in 0.002s. Peers: 7
2026-04-20 10:27:27.010-0500 | EthScheduler-Workers-0 | INFO  | PersistBlockTask | Imported empty block #2,037 / 0 tx / 0 om / 0 (0.0%) gas / (0xcf186a4944719b175e40782248b4a609a67da59d021751172b3f7b5a3f79eae3) in 0.002s. Peers: 7
2026-04-20 10:27:32.013-0500 | EthScheduler-Workers-0 | INFO  | PersistBlockTask | Imported empty block #2,038 / 0 tx / 0 om / 0 (0.0%) gas / (0xce265eb8c7e7e4a4311964413685a85cdf7efb4dc8db62c90138654e65f07af6) in 0.003s. Peers: 7
2026-04-20 10:27:37.008-0500 | EthScheduler-Workers-0 | INFO  | PersistBlockTask | Imported empty block #2,039 / 0 tx / 0 om / 0 (0.0%) gas / (0xe2f262bcb401f12bfd8e4d495a3d383317e0be42c82b2690415b5c5362c25335) in 0.002s. Peers: 7
2026-04-20 10:27:42.008-0500 | EthScheduler-Workers-0 | INFO  | PersistBlockTask | Imported empty block #2,040 / 0 tx / 0 om / 0 (0.0%) gas / (0x7da3cbeca8321369c862bf219b577c44f1bf6a9e761928480a9215797a857cb8) in 0.001s. Peers: 7
2026-04-20 10:27:47.009-0500 | EthScheduler-Workers-0 | INFO  | PersistBlockTask | Imported empty block #2,041 / 0 tx / 0 om / 0 (0.0%) gas / (0x57680747929b08a4b45834e5647b27e9886aa72e97eec2ab391135ee5e46573a) in 0.002s. Peers: 7
2026-04-20 10:27:52.015-0500 | EthScheduler-Workers-0 | INFO  | PersistBlockTask | Imported empty block #2,042 / 0 tx / 0 om / 0 (0.0%) gas / (0x2fe23aa56feb8122fc279911e9bf5a40a4e02997aad09b03a0342e5cf01af932) in 0.001s. Peers: 7
2026-04-20 10:27:57.017-0500 | EthScheduler-Workers-0 | INFO  | PersistBlockTask | Imported empty block #2,043 / 0 tx / 0 om / 0 (0.0%) gas / (0x1532994abff8cce540bf1949e6d65782129b843fd2d8fd283e9038deb6b7c292) in 0.005s. Peers: 7
2026-04-20 10:28:02.008-0500 | EthScheduler-Workers-0 | INFO  | PersistBlockTask | Imported empty block #2,044 / 0 tx / 0 om / 0 (0.0%) gas / (0xe3cc72c15f0e5c2cfd22a17ae5e5d948b6d724abac931ae3c25efddd81e3ec35) in 0.002s. Peers: 7
2026-04-20 10:28:07.008-0500 | EthScheduler-Workers-0 | INFO  | PersistBlockTask | Imported empty block #2,045 / 0 tx / 0 om / 0 (0.0%) gas / (0x31ce78c8a49f15cf3662a29b8f58296749c8a0dac50f11620309b4705f82a389) in 0.001s. Peers: 7
2026-04-20 10:28:12.013-0500 | EthScheduler-Workers-0 | INFO  | PersistBlockTask | Imported empty block #2,046 / 0 tx / 0 om / 0 (0.0%) gas / (0xfe583a3d89d0b6e175f967b26509e8c9847d18b7b54b7b9de36c92917bef13ce) in 0.002s. Peers: 7
2026-04-20 10:28:17.008-0500 | EthScheduler-Workers-0 | INFO  | PersistBlockTask | Imported empty block #2,047 / 0 tx / 0 om / 0 (0.0%) gas / (0x6863ad43a53b46017d9a926723361c1df5ce6c4afbb1d0689fa9422714ed2b58) in 0.001s. Peers: 7
2026-04-20 10:28:22.016-0500 | EthScheduler-Workers-0 | INFO  | PersistBlockTask | Imported empty block #2,048 / 0 tx / 0 om / 0 (0.0%) gas / (0xe37da23e1e431a1a8b3abe99bd9dd3521e166e02717e9da3a1ed336e8f7cdb71) in 0.003s. Peers: 7
2026-04-20 10:28:27.007-0500 | EthScheduler-Workers-0 | INFO  | PersistBlockTask | Imported empty block #2,049 / 0 tx / 0 om / 0 (0.0%) gas / (0x546159ca139413b11f60924a167e715040f4ade73b4b0dad60a678cf8cd3bf4d) in 0.002s. Peers: 7
2026-04-20 10:28:32.009-0500 | EthScheduler-Workers-0 | INFO  | PersistBlockTask | Imported empty block #2,050 / 0 tx / 0 om / 0 (0.0%) gas / (0x01f9d0c07d150272b8528b5c8c1227a318327b09f2dacbe9820050ce6a591038) in 0.001s. Peers: 7
2026-04-20 10:28:37.012-0500 | EthScheduler-Workers-0 | INFO  | PersistBlockTask | Imported empty block #2,051 / 0 tx / 0 om / 0 (0.0%) gas / (0x25f0901c4cf35e2f973f610536ac6c7cff8cdecf00f51a987ac66cc3779d53b2) in 0.001s. Peers: 7
2026-04-20 10:28:42.016-0500 | EthScheduler-Workers-0 | INFO  | PersistBlockTask | Imported empty block #2,052 / 0 tx / 0 om / 0 (0.0%) gas / (0x83c81f973ca7eb84af0c6d7cfbbd488b4196f96e3ada916b1c50dca799cdbb2a) in 0.002s. Peers: 7
2026-04-20 10:28:47.022-0500 | EthScheduler-Workers-0 | INFO  | PersistBlockTask | Imported empty block #2,053 / 0 tx / 0 om / 0 (0.0%) gas / (0x39e79d690ac4813a9136d3303a810fd42a680e4c38fc9ac8d4d89866011906a8) in 0.004s. Peers: 7
2026-04-20 10:28:52.007-0500 | EthScheduler-Workers-0 | INFO  | PersistBlockTask | Imported empty block #2,054 / 0 tx / 0 om / 0 (0.0%) gas / (0x7575c1f1d6adfb37e100e00958b8e6f3087f6176eadce5f1dab828804e1a5d70) in 0.001s. Peers: 7
2026-04-20 10:28:57.010-0500 | EthScheduler-Workers-0 | INFO  | PersistBlockTask | Imported empty block #2,055 / 0 tx / 0 om / 0 (0.0%) gas / (0x4322598e634291f3e2878b7b0f7d2d3eda2fe8e04e3bcac877987691f1f27b9f) in 0.003s. Peers: 7
2026-04-20 10:29:02.009-0500 | EthScheduler-Workers-0 | INFO  | PersistBlockTask | Imported empty block #2,056 / 0 tx / 0 om / 0 (0.0%) gas / (0x060247f43e20feaa48ff7413b5a543be6b695cdf2b0a7c478b7f4c0d96834f40) in 0.001s. Peers: 7
2026-04-20 10:29:07.023-0500 | EthScheduler-Workers-0 | INFO  | PersistBlockTask | Imported empty block #2,057 / 0 tx / 0 om / 0 (0.0%) gas / (0x882aae648814df568c08650ca78b7c5e1638aaf4bb70e5b99c8e7389e1406165) in 0.003s. Peers: 7
2026-04-20 10:29:12.011-0500 | EthScheduler-Workers-0 | INFO  | PersistBlockTask | Imported empty block #2,058 / 0 tx / 0 om / 0 (0.0%) gas / (0xef6f8d60a55a98cdf42b7615cc8500149c01f89c62f4b37099f320d942b301fc) in 0.001s. Peers: 7
2026-04-20 10:29:17.008-0500 | EthScheduler-Workers-0 | INFO  | PersistBlockTask | Imported empty block #2,059 / 0 tx / 0 om / 0 (0.0%) gas / (0x6f956fb86333ad4584eb4b8a89a8bfa9a9e99076e3bd024556eea2d0be2674f5) in 0.001s. Peers: 7
2026-04-20 10:29:22.018-0500 | EthScheduler-Workers-0 | INFO  | PersistBlockTask | Imported empty block #2,060 / 0 tx / 0 om / 0 (0.0%) gas / (0x425c734b4357198a791b3e0dabb820bdb15d77ef601cd4b700ce1a1814498728) in 0.002s. Peers: 7
2026-04-20 10:29:27.010-0500 | EthScheduler-Workers-0 | INFO  | PersistBlockTask | Imported empty block #2,061 / 0 tx / 0 om / 0 (0.0%) gas / (0xbb5fc372d6adc691b15ebf1fc45cdfe6b640549ad1820094e5c55bc1a901d87e) in 0.001s. Peers: 7
2026-04-20 10:29:32.014-0500 | EthScheduler-Workers-0 | INFO  | PersistBlockTask | Imported empty block #2,062 / 0 tx / 0 om / 0 (0.0%) gas / (0x35efe8e10d9962454456228f46e5d72694a50c7212ea83f153a4507fc965a6b3) in 0.001s. Peers: 7
2026-04-20 10:29:37.009-0500 | EthScheduler-Workers-0 | INFO  | PersistBlockTask | Imported empty block #2,063 / 0 tx / 0 om / 0 (0.0%) gas / (0x877ac4219812b3ed0e58237dd42efcf0d851ecf1a976c84a55d8f5d84ce0a7a5) in 0.002s. Peers: 7
2026-04-20 10:29:42.012-0500 | EthScheduler-Workers-0 | INFO  | PersistBlockTask | Imported empty block #2,064 / 0 tx / 0 om / 0 (0.0%) gas / (0x7fecb590233fd395918ff08d2bc2225ffb2b1dd02b3ce2d5cf5cc42d0ae7505b) in 0.002s. Peers: 7
2026-04-20 10:29:47.011-0500 | EthScheduler-Workers-0 | INFO  | PersistBlockTask | Imported empty block #2,065 / 0 tx / 0 om / 0 (0.0%) gas / (0x9301503cabc6e7e55c6d76199c5aca38057a10dcd8fb2a8a5ef4c720c2182519) in 0.002s. Peers: 7
2026-04-20 10:29:52.015-0500 | EthScheduler-Workers-0 | INFO  | PersistBlockTask | Imported empty block #2,066 / 0 tx / 0 om / 0 (0.0%) gas / (0x051ede7cf6a14cd6f4934927333345c6940eee9583c965046a8fdfb0c39d6b93) in 0.001s. Peers: 7
2026-04-20 10:29:57.021-0500 | EthScheduler-Workers-0 | INFO  | PersistBlockTask | Imported empty block #2,067 / 0 tx / 0 om / 0 (0.0%) gas / (0x17dce9344bfd805bc726bca2409c5dc6680db5a00544620559a0532882c47f50) in 0.002s. Peers: 7
2026-04-20 10:30:02.008-0500 | EthScheduler-Workers-0 | INFO  | PersistBlockTask | Imported empty block #2,068 / 0 tx / 0 om / 0 (0.0%) gas / (0xf51de7567e9340b1f1fe8f161763257ce6beb312b120186fdccd94c6e9c73a14) in 0.001s. Peers: 7
2026-04-20 10:30:07.008-0500 | EthScheduler-Workers-0 | INFO  | PersistBlockTask | Imported empty block #2,069 / 0 tx / 0 om / 0 (0.0%) gas / (0x86379cedc848b0b7215646b4543107aefba159b5a1b287d570a4ee668cc38902) in 0.002s. Peers: 7
2026-04-20 10:30:12.009-0500 | EthScheduler-Workers-0 | INFO  | PersistBlockTask | Imported empty block #2,070 / 0 tx / 0 om / 0 (0.0%) gas / (0xcef05222473e1c98cde8d8cbf9ab3c0fe1c5ce462f9f48d3ad03323bf4370df3) in 0.002s. Peers: 7
2026-04-20 10:30:17.013-0500 | EthScheduler-Workers-0 | INFO  | PersistBlockTask | Imported empty block #2,071 / 0 tx / 0 om / 0 (0.0%) gas / (0x7bcb8a6ba5f49d34ff19e0b9ab39f0c110a3529211988f08f69d360f444fa16e) in 0.002s. Peers: 7
2026-04-20 10:30:22.012-0500 | EthScheduler-Workers-0 | INFO  | PersistBlockTask | Imported empty block #2,072 / 0 tx / 0 om / 0 (0.0%) gas / (0x992e5615e65819b7712056ec79b8f70e4f28713990785051b15362814abf18e1) in 0.001s. Peers: 7
2026-04-20 10:30:27.018-0500 | EthScheduler-Workers-0 | INFO  | PersistBlockTask | Imported empty block #2,073 / 0 tx / 0 om / 0 (0.0%) gas / (0x0b5747a8d40a539d6a770f863039b36b6ac150293221b7a73fca022d9dfba2e1) in 0.001s. Peers: 7
2026-04-20 10:30:32.014-0500 | EthScheduler-Workers-0 | INFO  | PersistBlockTask | Imported empty block #2,074 / 0 tx / 0 om / 0 (0.0%) gas / (0x3fa4be186da699ff9d85258febf5bd3888228c0371e962b1ad7b63d245ae036c) in 0.002s. Peers: 7
2026-04-20 10:30:37.014-0500 | EthScheduler-Workers-0 | INFO  | PersistBlockTask | Imported empty block #2,075 / 0 tx / 0 om / 0 (0.0%) gas / (0xc4b14800b61323b4a75eacefbd98da525c7d64c5bc1bc902da3d02eb0f78a17d) in 0.002s. Peers: 7
2026-04-20 10:30:42.009-0500 | EthScheduler-Workers-0 | INFO  | PersistBlockTask | Imported empty block #2,076 / 0 tx / 0 om / 0 (0.0%) gas / (0x0ec829025cd7bbbe1f4cbdafb332a67fe4a8df1a0a20bee1500eefe0430a71f9) in 0.002s. Peers: 7
2026-04-20 10:30:47.007-0500 | EthScheduler-Workers-0 | INFO  | PersistBlockTask | Imported empty block #2,077 / 0 tx / 0 om / 0 (0.0%) gas / (0xd89d332639b786d9479b5c51e5f739b96045bda485f9ef0bee7b632b86be38d3) in 0.002s. Peers: 7
2026-04-20 10:30:52.008-0500 | EthScheduler-Workers-0 | INFO  | PersistBlockTask | Imported empty block #2,078 / 0 tx / 0 om / 0 (0.0%) gas / (0x29feb54f44ac89690def67b1ea0323101a089ffa2d486da3691ae5a3426ab8f5) in 0.001s. Peers: 7
2026-04-20 10:30:57.008-0500 | EthScheduler-Workers-0 | INFO  | PersistBlockTask | Imported empty block #2,079 / 0 tx / 0 om / 0 (0.0%) gas / (0xf1e4ec11e5cfefc81401bfcff8dff50572a44b54d0ad0810c1ae8a180896e513) in 0.001s. Peers: 7
2026-04-20 10:31:02.014-0500 | EthScheduler-Workers-0 | INFO  | PersistBlockTask | Imported empty block #2,080 / 0 tx / 0 om / 0 (0.0%) gas / (0x721ea448e205ed0cf0d20a1feca449a1b435641ef247b5871fcfd01cbab54011) in 0.004s. Peers: 7
2026-04-20 10:31:07.010-0500 | EthScheduler-Workers-0 | INFO  | PersistBlockTask | Imported empty block #2,081 / 0 tx / 0 om / 0 (0.0%) gas / (0x75902f54db145102bf88754714e0f87be54b48286f12a355d768e4d708b79996) in 0.001s. Peers: 7
2026-04-20 10:31:12.012-0500 | EthScheduler-Workers-0 | INFO  | PersistBlockTask | Imported empty block #2,082 / 0 tx / 0 om / 0 (0.0%) gas / (0xe2677e68375f0f873b536c33bab8e78b6003280b6b92f23939111e5b374d6166) in 0.003s. Peers: 7
2026-04-20 10:31:17.017-0500 | EthScheduler-Workers-0 | INFO  | PersistBlockTask | Imported empty block #2,083 / 0 tx / 0 om / 0 (0.0%) gas / (0x6270e1ec8145e9b06273b604756d3b72c8d52f906d48822f7ce6f63856188a44) in 0.003s. Peers: 7
2026-04-20 10:31:22.013-0500 | EthScheduler-Workers-0 | INFO  | PersistBlockTask | Imported empty block #2,084 / 0 tx / 0 om / 0 (0.0%) gas / (0xa60ccd0cb2d53c569c12de79d2e483aade7e6201056657a00351010e5d89be8d) in 0.002s. Peers: 7
2026-04-20 10:31:27.012-0500 | EthScheduler-Workers-0 | INFO  | PersistBlockTask | Imported empty block #2,085 / 0 tx / 0 om / 0 (0.0%) gas / (0xe916529f0308ea2c0885eaaaf75895b2b033491d0d9dde56776b53aa8f217643) in 0.001s. Peers: 7
2026-04-20 10:31:32.013-0500 | EthScheduler-Workers-0 | INFO  | PersistBlockTask | Imported empty block #2,086 / 0 tx / 0 om / 0 (0.0%) gas / (0xd6b5fbf81fa77ffe42f786b22b5b5bffd3949cb86f60a4e7704966f8546f2969) in 0.001s. Peers: 7
2026-04-20 10:31:37.013-0500 | EthScheduler-Workers-0 | INFO  | PersistBlockTask | Imported empty block #2,087 / 0 tx / 0 om / 0 (0.0%) gas / (0xacb7d0a032225ce157d3ef904d05d37a24f36e05ec5397685d5f26d34ac613a6) in 0.002s. Peers: 7
2026-04-20 10:31:42.011-0500 | EthScheduler-Workers-0 | INFO  | PersistBlockTask | Imported empty block #2,088 / 0 tx / 0 om / 0 (0.0%) gas / (0xe73a2fd82935a2d6cbc905388cf7bfd25ab4a709bdba2d1541b989266c017416) in 0.001s. Peers: 7
2026-04-20 10:31:47.011-0500 | EthScheduler-Workers-0 | INFO  | PersistBlockTask | Imported empty block #2,089 / 0 tx / 0 om / 0 (0.0%) gas / (0x02e8683fd0fb47f9b45ddaabe803b956e3f909a8dfc69e3e9098a52fd22f3e45) in 0.002s. Peers: 7
2026-04-20 10:31:52.009-0500 | EthScheduler-Workers-0 | INFO  | PersistBlockTask | Imported empty block #2,090 / 0 tx / 0 om / 0 (0.0%) gas / (0xd2e2b2447172b9336838bd1ec8c34a8b1084478c02959387b963acc990c9eda2) in 0.002s. Peers: 7
2026-04-20 10:31:57.019-0500 | EthScheduler-Workers-0 | INFO  | PersistBlockTask | Imported empty block #2,091 / 0 tx / 0 om / 0 (0.0%) gas / (0x23421f09e051e3a5ba07618257c66be2f00873981b1985bb69d799040c7e0e45) in 0.002s. Peers: 7
2026-04-20 10:32:02.008-0500 | EthScheduler-Workers-0 | INFO  | PersistBlockTask | Imported empty block #2,092 / 0 tx / 0 om / 0 (0.0%) gas / (0x36816f1937f32bfa41e1183c829b3d94397aa9df320a166fee279b20251e6faf) in 0.002s. Peers: 7
2026-04-20 10:32:07.011-0500 | EthScheduler-Workers-0 | INFO  | PersistBlockTask | Imported empty block #2,093 / 0 tx / 0 om / 0 (0.0%) gas / (0xafc2dd64e50823fc2753af8949610b0caa8a89ccd6de008d6c253e3d744b0a80) in 0.002s. Peers: 7
2026-04-20 10:32:12.013-0500 | EthScheduler-Workers-0 | INFO  | PersistBlockTask | Imported empty block #2,094 / 0 tx / 0 om / 0 (0.0%) gas / (0xb793e7ebdf3a4cd8837da57b3bf760f9a73adb16e9b38328c3110f247435fabd) in 0.001s. Peers: 7
2026-04-20 10:32:17.010-0500 | EthScheduler-Workers-0 | INFO  | PersistBlockTask | Imported empty block #2,095 / 0 tx / 0 om / 0 (0.0%) gas / (0x23d806220fd9dca2f56db15fe758940a2cf8ce9a46c8b32a2e64c06e7606d052) in 0.001s. Peers: 7
2026-04-20 10:32:22.018-0500 | EthScheduler-Workers-0 | INFO  | PersistBlockTask | Imported empty block #2,096 / 0 tx / 0 om / 0 (0.0%) gas / (0x6ec5ff60114da056ab611131c29ca212e0075063466721af05ee252299a06257) in 0.003s. Peers: 7
2026-04-20 10:32:27.014-0500 | EthScheduler-Workers-0 | INFO  | PersistBlockTask | Imported empty block #2,097 / 0 tx / 0 om / 0 (0.0%) gas / (0xf091c9b5d80bd256097c81998af6dc53eb83aaa6b2ef3d2b736be645e80a04fe) in 0.001s. Peers: 7
2026-04-20 10:32:32.009-0500 | EthScheduler-Workers-0 | INFO  | PersistBlockTask | Imported empty block #2,098 / 0 tx / 0 om / 0 (0.0%) gas / (0x9cdf7e18340e77e68e030c16f1999c0b75ea28312c5b3247c80cc886299eeac8) in 0.002s. Peers: 7
2026-04-20 10:32:37.015-0500 | EthScheduler-Workers-0 | INFO  | PersistBlockTask | Imported empty block #2,099 / 0 tx / 0 om / 0 (0.0%) gas / (0xceaa77829e747f912fbb38d1b6b473da12e8f4a4e95e65e9dafc153ede7973c4) in 0.002s. Peers: 7
2026-04-20 10:32:42.018-0500 | EthScheduler-Workers-0 | INFO  | PersistBlockTask | Imported empty block #2,100 / 0 tx / 0 om / 0 (0.0%) gas / (0xe6ab7f1d3af85cfb84dfc9bbc7f2954f3d129ac855c55bc7975be821718a9199) in 0.006s. Peers: 7
2026-04-20 10:32:47.013-0500 | EthScheduler-Workers-0 | INFO  | PersistBlockTask | Imported empty block #2,101 / 0 tx / 0 om / 0 (0.0%) gas / (0x4199cc7fc34e1b7c7c2eea38e8a75c793e8a5066285cdbbf1501dc5e63593549) in 0.001s. Peers: 7
2026-04-20 10:32:52.013-0500 | EthScheduler-Workers-0 | INFO  | PersistBlockTask | Imported empty block #2,102 / 0 tx / 0 om / 0 (0.0%) gas / (0x83def081deca04882602345fb61ed32e0c4f8627d4c49b2a5e29fbd0fbb1e8f4) in 0.002s. Peers: 7
2026-04-20 10:32:57.019-0500 | EthScheduler-Workers-0 | INFO  | PersistBlockTask | Imported empty block #2,103 / 0 tx / 0 om / 0 (0.0%) gas / (0x855285cfc27cd5fdeb8c1b020f0148b7d1e1525b86d60ae43cd017da8d9d54ad) in 0.003s. Peers: 7
2026-04-20 10:33:02.012-0500 | EthScheduler-Workers-0 | INFO  | PersistBlockTask | Imported empty block #2,104 / 0 tx / 0 om / 0 (0.0%) gas / (0xaef9554a7e2c2623260baf296964f153ec3ee3850c5776ef732ba829b9b17ddb) in 0.001s. Peers: 7
2026-04-20 10:33:07.016-0500 | EthScheduler-Workers-0 | INFO  | PersistBlockTask | Imported empty block #2,105 / 0 tx / 0 om / 0 (0.0%) gas / (0x34fee0ae039e8b6adf141e1688514dcf8267579c41aa48ae5b20483656a81f7c) in 0.001s. Peers: 7
2026-04-20 10:33:12.011-0500 | EthScheduler-Workers-0 | INFO  | PersistBlockTask | Imported empty block #2,106 / 0 tx / 0 om / 0 (0.0%) gas / (0xa0bbedeab73e5e2becaaf4a405b954cb493fd6916b687cee0b7c032b47919643) in 0.001s. Peers: 7
2026-04-20 10:33:17.015-0500 | EthScheduler-Workers-0 | INFO  | PersistBlockTask | Imported empty block #2,107 / 0 tx / 0 om / 0 (0.0%) gas / (0xcd391a813a9b6415915735bb89f0658615beac07c329d748a0af1a1a96bac0a0) in 0.002s. Peers: 7
2026-04-20 10:33:22.021-0500 | EthScheduler-Workers-0 | INFO  | PersistBlockTask | Imported empty block #2,108 / 0 tx / 0 om / 0 (0.0%) gas / (0x709b18e4cef9630f0f2c51fd5cc6db5395f0cbfb6987845d93ee3d2a8117e912) in 0.003s. Peers: 7
2026-04-20 10:33:27.013-0500 | EthScheduler-Workers-0 | INFO  | PersistBlockTask | Imported empty block #2,109 / 0 tx / 0 om / 0 (0.0%) gas / (0x75750372387e8681ca53c73292b1e65f769417ac0b67c3ce0d7bf0e144072151) in 0.002s. Peers: 7
2026-04-20 10:33:32.018-0500 | EthScheduler-Workers-0 | INFO  | PersistBlockTask | Imported empty block #2,110 / 0 tx / 0 om / 0 (0.0%) gas / (0xdfd42feffea749eb62863d3b8bd15fded43c4c9ed8a8d8b24a6f86236c79c30e) in 0.005s. Peers: 7
2026-04-20 10:33:37.013-0500 | EthScheduler-Workers-0 | INFO  | PersistBlockTask | Imported empty block #2,111 / 0 tx / 0 om / 0 (0.0%) gas / (0x955969d3adba1bcdda44d7d7f4933ddcdc5171b0c1f8fcf4a9f4b1832d951553) in 0.002s. Peers: 7
2026-04-20 10:33:42.014-0500 | EthScheduler-Workers-0 | INFO  | PersistBlockTask | Imported empty block #2,112 / 0 tx / 0 om / 0 (0.0%) gas / (0x6a51225d7c023e3b6c4803bf43d4250023ca8952e202458592117c8a045f17e6) in 0.002s. Peers: 7
2026-04-20 10:33:47.007-0500 | EthScheduler-Workers-0 | INFO  | PersistBlockTask | Imported empty block #2,113 / 0 tx / 0 om / 0 (0.0%) gas / (0x12505ac2bf74005dc347f813a4fc5345ab574861a6763fa524af514f74350f27) in 0.001s. Peers: 7
2026-04-20 10:33:52.015-0500 | EthScheduler-Workers-0 | INFO  | PersistBlockTask | Imported empty block #2,114 / 0 tx / 0 om / 0 (0.0%) gas / (0x09db3076ade6186e9bdae752d385baf18516e040dcebd4d1637fa0c21e043372) in 0.002s. Peers: 7
2026-04-20 10:33:57.016-0500 | EthScheduler-Workers-0 | INFO  | PersistBlockTask | Imported empty block #2,115 / 0 tx / 0 om / 0 (0.0%) gas / (0x5fda30e1ba9f881f209c7008139b3bb2fb494a78864c9480f2169a8bb54b0a0a) in 0.001s. Peers: 7
2026-04-20 10:34:02.008-0500 | EthScheduler-Workers-0 | INFO  | PersistBlockTask | Imported empty block #2,116 / 0 tx / 0 om / 0 (0.0%) gas / (0x513883fa90ea155065ef727e3c42150a661d5e5a849e093b45e51de51d8ec6a1) in 0.002s. Peers: 7
2026-04-20 10:34:07.015-0500 | EthScheduler-Workers-0 | INFO  | PersistBlockTask | Imported empty block #2,117 / 0 tx / 0 om / 0 (0.0%) gas / (0xe8991aa4e5d9af305898e44d546d2eb12a905da2265afd3ee1a2c98057f7791c) in 0.002s. Peers: 7
2026-04-20 10:34:12.011-0500 | EthScheduler-Workers-0 | INFO  | PersistBlockTask | Imported empty block #2,118 / 0 tx / 0 om / 0 (0.0%) gas / (0xd234439cb658e39a47adc7e0f0199d4e331101cb75c6986744c61ad1d97fd622) in 0.001s. Peers: 7
2026-04-20 10:34:17.011-0500 | EthScheduler-Workers-0 | INFO  | PersistBlockTask | Imported empty block #2,119 / 0 tx / 0 om / 0 (0.0%) gas / (0xaff365c1dea189ca165ae4a887ed5a159c2e03a9b28b9a11d602df48a070f9ae) in 0.001s. Peers: 7
2026-04-20 10:34:22.013-0500 | EthScheduler-Workers-0 | INFO  | PersistBlockTask | Imported empty block #2,120 / 0 tx / 0 om / 0 (0.0%) gas / (0x2fba49cdef7f9b8b2202b8636c3317b914195fa716fcbb5cb7c9588a73c626ca) in 0.002s. Peers: 7
2026-04-20 10:34:27.009-0500 | EthScheduler-Workers-0 | INFO  | PersistBlockTask | Imported empty block #2,121 / 0 tx / 0 om / 0 (0.0%) gas / (0x36d4bed570fd50114cc0693c32723f33106867e70d55b722c92b123ef74f5c62) in 0.001s. Peers: 7
2026-04-20 10:34:32.012-0500 | EthScheduler-Workers-0 | INFO  | PersistBlockTask | Imported empty block #2,122 / 0 tx / 0 om / 0 (0.0%) gas / (0xeef3cfd05430aa77fa38065e9d3d46a5f11c1a1f84affe7664bd010cc667ee47) in 0.001s. Peers: 7
2026-04-20 10:34:37.027-0500 | EthScheduler-Workers-0 | INFO  | PersistBlockTask | Imported empty block #2,123 / 0 tx / 0 om / 0 (0.0%) gas / (0xdb9a4e55735edcc50ad48a6f6fca7477bc6fb70827c91e011746b914f78053b2) in 0.004s. Peers: 7
2026-04-20 10:34:42.013-0500 | EthScheduler-Workers-0 | INFO  | PersistBlockTask | Imported empty block #2,124 / 0 tx / 0 om / 0 (0.0%) gas / (0x42ff252f970eebd650a2934202510708bad6dcab979ca085ede5f4b0b3f018d5) in 0.001s. Peers: 7
2026-04-20 10:34:47.007-0500 | EthScheduler-Workers-0 | INFO  | PersistBlockTask | Imported empty block #2,125 / 0 tx / 0 om / 0 (0.0%) gas / (0x639cc256ebbab9cb285f44de5232903e669cbd03e9657f4c7f3892c28e6ba1c3) in 0.001s. Peers: 7
2026-04-20 10:34:52.008-0500 | EthScheduler-Workers-0 | INFO  | PersistBlockTask | Imported empty block #2,126 / 0 tx / 0 om / 0 (0.0%) gas / (0x6ef29f5b7325881abe8479992d968e179fd63ac7703fe4516869926963e0db86) in 0.001s. Peers: 7
2026-04-20 10:34:57.016-0500 | EthScheduler-Workers-0 | INFO  | PersistBlockTask | Imported empty block #2,127 / 0 tx / 0 om / 0 (0.0%) gas / (0x8704fbd41531992d1ad91d452fd432f32e8087e36ac792870d7c775cffb6f541) in 0.003s. Peers: 7
2026-04-20 10:35:02.009-0500 | EthScheduler-Workers-0 | INFO  | PersistBlockTask | Imported empty block #2,128 / 0 tx / 0 om / 0 (0.0%) gas / (0x9a84773c7faca40be4bc9083e9c2ee5e6be1152a534793d4fbbb99462dcc3414) in 0.001s. Peers: 7
2026-04-20 10:35:07.019-0500 | EthScheduler-Workers-0 | INFO  | PersistBlockTask | Imported empty block #2,129 / 0 tx / 0 om / 0 (0.0%) gas / (0x3af6b80b1f5b241bad2994ab646bf0f1cfa0602ce98b6abd98f5e12db054614b) in 0.002s. Peers: 7
2026-04-20 10:35:12.013-0500 | EthScheduler-Workers-0 | INFO  | PersistBlockTask | Imported empty block #2,130 / 0 tx / 0 om / 0 (0.0%) gas / (0x5272103985b3a9cf2175ac204115691c5326f1dc396780245e90aff19074a129) in 0.002s. Peers: 7
2026-04-20 10:35:17.007-0500 | EthScheduler-Workers-0 | INFO  | PersistBlockTask | Imported empty block #2,131 / 0 tx / 0 om / 0 (0.0%) gas / (0x3c0214f57a2537edc132e3ca16dce471b78c309c5606d334be1eb9f897deb530) in 0.001s. Peers: 7
2026-04-20 10:35:22.016-0500 | EthScheduler-Workers-0 | INFO  | PersistBlockTask | Imported empty block #2,132 / 0 tx / 0 om / 0 (0.0%) gas / (0x7f3fb47d23cff4b00baeefdf9535688fc4a3e7a29ac438022cac036f455be2f9) in 0.003s. Peers: 7
2026-04-20 10:35:27.008-0500 | EthScheduler-Workers-0 | INFO  | PersistBlockTask | Imported empty block #2,133 / 0 tx / 0 om / 0 (0.0%) gas / (0xa077a47964cb1b5978ba0b972949de66495311032f468fd41e5f9941b58c1f49) in 0.002s. Peers: 7
2026-04-20 10:35:32.019-0500 | EthScheduler-Workers-0 | INFO  | PersistBlockTask | Imported empty block #2,134 / 0 tx / 0 om / 0 (0.0%) gas / (0x4f346b3b6e97aef4f4171eaacc57e845e8d5a642c9d36cfe51e508202ad9a93b) in 0.003s. Peers: 7
2026-04-20 10:35:37.010-0500 | EthScheduler-Workers-0 | INFO  | PersistBlockTask | Imported empty block #2,135 / 0 tx / 0 om / 0 (0.0%) gas / (0xa246694aec169916902c989eef226dfbbb07b69a9dae31685df0426842a02af5) in 0.001s. Peers: 7
2026-04-20 10:35:42.008-0500 | EthScheduler-Workers-0 | INFO  | PersistBlockTask | Imported empty block #2,136 / 0 tx / 0 om / 0 (0.0%) gas / (0x50a13588bfb30fbd8116223ea23fec589dd7b672ddb73b94c5d8be72ea0138c7) in 0.001s. Peers: 7
2026-04-20 10:35:47.007-0500 | EthScheduler-Workers-0 | INFO  | PersistBlockTask | Imported empty block #2,137 / 0 tx / 0 om / 0 (0.0%) gas / (0x4cfd573fe2711bfc7711b8e29fee7169d7000c6fd45316bcd0e3651749bc7462) in 0.001s. Peers: 7
2026-04-20 10:35:52.017-0500 | EthScheduler-Workers-0 | INFO  | PersistBlockTask | Imported empty block #2,138 / 0 tx / 0 om / 0 (0.0%) gas / (0x48ba8521a724637f0ada4afd2af2afc3c4d977423f1e0209ba27787222c716ef) in 0.002s. Peers: 7
2026-04-20 10:35:57.012-0500 | EthScheduler-Workers-0 | INFO  | PersistBlockTask | Imported empty block #2,139 / 0 tx / 0 om / 0 (0.0%) gas / (0xf6c4af408f3de232f70f23ba339ce655ee39e11b42b871f221c503f41b4045b5) in 0.001s. Peers: 7
2026-04-20 10:36:02.021-0500 | EthScheduler-Workers-0 | INFO  | PersistBlockTask | Imported empty block #2,140 / 0 tx / 0 om / 0 (0.0%) gas / (0x3f81500772b959f97a5c1e91d795bd5360f53b5953a5a878e83d7a6d92e5ef48) in 0.003s. Peers: 7
2026-04-20 10:36:07.010-0500 | EthScheduler-Workers-0 | INFO  | PersistBlockTask | Imported empty block #2,141 / 0 tx / 0 om / 0 (0.0%) gas / (0x84871d07c4d8e0a1fb1dd986bf61776af86f29fc1cc47928ed60c8b36523f620) in 0.002s. Peers: 7
2026-04-20 10:36:12.009-0500 | EthScheduler-Workers-0 | INFO  | PersistBlockTask | Imported empty block #2,142 / 0 tx / 0 om / 0 (0.0%) gas / (0x19df60967ccb8daa725ee694d50375165cc0090b2d4cb065eaa97128fbb4397f) in 0.002s. Peers: 7
2026-04-20 10:36:17.020-0500 | EthScheduler-Workers-0 | INFO  | PersistBlockTask | Imported empty block #2,143 / 0 tx / 0 om / 0 (0.0%) gas / (0x5e3d53bfc32996503454ccd7885c91c52cf1c21d22e840c555823fd03b1de464) in 0.003s. Peers: 7
2026-04-20 10:36:22.012-0500 | EthScheduler-Workers-0 | INFO  | PersistBlockTask | Imported empty block #2,144 / 0 tx / 0 om / 0 (0.0%) gas / (0x1d768e42dd8a579ceff00d2e84b90b6ef11b13109984d8fb51f67fb685d58f90) in 0.002s. Peers: 7
2026-04-20 10:36:27.016-0500 | EthScheduler-Workers-0 | INFO  | PersistBlockTask | Imported empty block #2,145 / 0 tx / 0 om / 0 (0.0%) gas / (0xec2e7ff9f673186d34ca15eb669c653ddefd6399313b60f45736ab26f1664d92) in 0.002s. Peers: 7
2026-04-20 10:36:32.014-0500 | EthScheduler-Workers-0 | INFO  | PersistBlockTask | Imported empty block #2,146 / 0 tx / 0 om / 0 (0.0%) gas / (0x00373cf7e83b624ed8c5c7482802730e6024a4b8390b3334ca6279bb0ff6bda6) in 0.002s. Peers: 7
2026-04-20 10:36:37.016-0500 | EthScheduler-Workers-0 | INFO  | PersistBlockTask | Imported empty block #2,147 / 0 tx / 0 om / 0 (0.0%) gas / (0xe7257e92f2dba0d09056aac73bdc37cc794fd496e737dfa33ce5a0514156ea3f) in 0.002s. Peers: 7
2026-04-20 10:36:42.009-0500 | EthScheduler-Workers-0 | INFO  | PersistBlockTask | Imported empty block #2,148 / 0 tx / 0 om / 0 (0.0%) gas / (0xde76c0c6ee9668eaaef678515d9867675e1cb7035758123b4e22bcd8ccfc9dfd) in 0.002s. Peers: 7
2026-04-20 10:36:47.010-0500 | EthScheduler-Workers-0 | INFO  | PersistBlockTask | Imported empty block #2,149 / 0 tx / 0 om / 0 (0.0%) gas / (0x7bef2e5e857d1e074bc0bd2f3a0c1e29ca81069d1ef68aac69450cd6be592ac3) in 0.001s. Peers: 7
2026-04-20 10:36:52.020-0500 | EthScheduler-Workers-0 | INFO  | PersistBlockTask | Imported empty block #2,150 / 0 tx / 0 om / 0 (0.0%) gas / (0xe37f463359508b529a52a6b70c33a44e4917ef51a1296b937957b9a798a40928) in 0.001s. Peers: 7
2026-04-20 10:36:57.011-0500 | EthScheduler-Workers-0 | INFO  | PersistBlockTask | Imported empty block #2,151 / 0 tx / 0 om / 0 (0.0%) gas / (0xff5fd96d6ed9fe36e6e18612adb79499adf6dbbb8683ed01794271c6b9d9cff0) in 0.002s. Peers: 7
2026-04-20 10:37:02.014-0500 | EthScheduler-Workers-0 | INFO  | PersistBlockTask | Imported empty block #2,152 / 0 tx / 0 om / 0 (0.0%) gas / (0x9c82e971d198c083c46df10add2e2610d33787ac12039080d938b9b152b76c2e) in 0.002s. Peers: 7
2026-04-20 10:37:07.017-0500 | EthScheduler-Workers-0 | INFO  | PersistBlockTask | Imported empty block #2,153 / 0 tx / 0 om / 0 (0.0%) gas / (0xbd7ad5b2be1099fdc6adecc58b1501dbeec089c19237c9dd9216f9e3288b534a) in 0.004s. Peers: 7
2026-04-20 10:37:12.014-0500 | EthScheduler-Workers-0 | INFO  | PersistBlockTask | Imported empty block #2,154 / 0 tx / 0 om / 0 (0.0%) gas / (0xb838afe37e4b00081b745bdeee4c2a830a9f2f6bea6844b653f10beef0c721e5) in 0.002s. Peers: 7
2026-04-20 10:37:17.009-0500 | EthScheduler-Workers-0 | INFO  | PersistBlockTask | Imported empty block #2,155 / 0 tx / 0 om / 0 (0.0%) gas / (0x4899d040e12450d1a81008e8fe7f822b5812886b77799c651be29aa8b9807f17) in 0.002s. Peers: 7
2026-04-20 10:37:22.013-0500 | EthScheduler-Workers-0 | INFO  | PersistBlockTask | Imported empty block #2,156 / 0 tx / 0 om / 0 (0.0%) gas / (0x5db4d6c66ee72639fb406ac4d0fa02b30f5211646159e3f4704869be603b04ba) in 0.001s. Peers: 7
2026-04-20 10:37:27.006-0500 | EthScheduler-Workers-0 | INFO  | PersistBlockTask | Imported empty block #2,157 / 0 tx / 0 om / 0 (0.0%) gas / (0x2a855ed8cc79344f44e06f55e626ab82836dea88ad8b54fa989d001dd054cbcb) in 0.001s. Peers: 7
2026-04-20 10:37:32.009-0500 | EthScheduler-Workers-0 | INFO  | PersistBlockTask | Imported empty block #2,158 / 0 tx / 0 om / 0 (0.0%) gas / (0x0f5d91ef55d4e4bd06fa0710cd1581df1a81ac5c88547fe791fbcb89ecc4d8cd) in 0.002s. Peers: 7
2026-04-20 10:37:37.022-0500 | EthScheduler-Workers-0 | INFO  | PersistBlockTask | Imported empty block #2,159 / 0 tx / 0 om / 0 (0.0%) gas / (0xe3f84e24154745c9e86c38967dab565a6ed00e815a3ee99723a9a9b8628b0eee) in 0.003s. Peers: 7
2026-04-20 10:37:42.009-0500 | EthScheduler-Workers-0 | INFO  | PersistBlockTask | Imported empty block #2,160 / 0 tx / 0 om / 0 (0.0%) gas / (0xfcd01f69cff97fdaa0b996861b1bfe6ade355c7c1932a9242bd9d4a88bd43ee5) in 0.002s. Peers: 7
2026-04-20 10:37:47.007-0500 | EthScheduler-Workers-0 | INFO  | PersistBlockTask | Imported empty block #2,161 / 0 tx / 0 om / 0 (0.0%) gas / (0x318654fde54452589538f4550008e45836d85e353e660c1f5c6f2017518ae2fd) in 0.001s. Peers: 7
2026-04-20 10:37:52.008-0500 | EthScheduler-Workers-0 | INFO  | PersistBlockTask | Imported empty block #2,162 / 0 tx / 0 om / 0 (0.0%) gas / (0x5b50eda83869f95bdb29e73e7bcff8552b596397985a2d45c93fcc968b65b6f7) in 0.001s. Peers: 7
2026-04-20 10:37:57.007-0500 | EthScheduler-Workers-0 | INFO  | PersistBlockTask | Imported empty block #2,163 / 0 tx / 0 om / 0 (0.0%) gas / (0xecc22dd4c51cda1d91bf8e16823261d6078acb523017ffd08ba1eb0582a4b5bf) in 0.001s. Peers: 7
2026-04-20 10:38:02.011-0500 | EthScheduler-Workers-0 | INFO  | PersistBlockTask | Imported empty block #2,164 / 0 tx / 0 om / 0 (0.0%) gas / (0x6e27f4cb7b3b5a1e938419813a9a3bc130327d7e5afe13d396984f42d0258a1b) in 0.003s. Peers: 7
2026-04-20 10:38:07.008-0500 | EthScheduler-Workers-0 | INFO  | PersistBlockTask | Imported empty block #2,165 / 0 tx / 0 om / 0 (0.0%) gas / (0xfb9c75532c1992ef1d431150512c0956b7623480f78088c0c7cd7a348185941a) in 0.002s. Peers: 7
2026-04-20 10:38:12.010-0500 | EthScheduler-Workers-0 | INFO  | PersistBlockTask | Imported empty block #2,166 / 0 tx / 0 om / 0 (0.0%) gas / (0x1d398081b97d57c602c0ea151f98dcc11383f260b695c1075161f5feddcd53df) in 0.003s. Peers: 7
2026-04-20 10:38:17.013-0500 | EthScheduler-Workers-0 | INFO  | PersistBlockTask | Imported empty block #2,167 / 0 tx / 0 om / 0 (0.0%) gas / (0x1335aba6963478c2e2a00f6b08a22f628b929387be720b152d804fefce73fa27) in 0.002s. Peers: 7
2026-04-20 10:38:22.012-0500 | EthScheduler-Workers-0 | INFO  | PersistBlockTask | Imported empty block #2,168 / 0 tx / 0 om / 0 (0.0%) gas / (0xd3301f4403fb9d549446c64f3e4f3e6702a2e38ce18aa3485d93723747b8e613) in 0.001s. Peers: 7
2026-04-20 10:38:27.015-0500 | EthScheduler-Workers-0 | INFO  | PersistBlockTask | Imported empty block #2,169 / 0 tx / 0 om / 0 (0.0%) gas / (0x7018530ceb09d605e7ad1dcf185e9e8e01b8b9f86bbf78847c1f193876a677db) in 0.002s. Peers: 7
2026-04-20 10:38:32.008-0500 | EthScheduler-Workers-0 | INFO  | PersistBlockTask | Imported empty block #2,170 / 0 tx / 0 om / 0 (0.0%) gas / (0x518054c2a277a59ce2b2c45a8ddd0166c81e801c48439081003b6d02beead1ae) in 0.001s. Peers: 7
2026-04-20 10:38:37.019-0500 | EthScheduler-Workers-0 | INFO  | PersistBlockTask | Imported empty block #2,171 / 0 tx / 0 om / 0 (0.0%) gas / (0xa6cede61687a2a9f7cc7e6793319f2745e42b05442d02209896f1d9a00314cf5) in 0.002s. Peers: 7
2026-04-20 10:38:42.012-0500 | EthScheduler-Workers-0 | INFO  | PersistBlockTask | Imported empty block #2,172 / 0 tx / 0 om / 0 (0.0%) gas / (0xfdb83d360364241c3b8159b38792e5161da7af7a20e84f28ba55bf29d54f22cf) in 0.001s. Peers: 7
2026-04-20 10:38:47.007-0500 | EthScheduler-Workers-0 | INFO  | PersistBlockTask | Imported empty block #2,173 / 0 tx / 0 om / 0 (0.0%) gas / (0xcdcf8a1d952d4347403e4f174de87bcdf86b0563d77a1fec375b6b6e8c3113c4) in 0.001s. Peers: 7
2026-04-20 10:38:52.011-0500 | EthScheduler-Workers-0 | INFO  | PersistBlockTask | Imported empty block #2,174 / 0 tx / 0 om / 0 (0.0%) gas / (0x28c9171947c3b7883d85c27ff52e6aedd4c05553e52bd56095ba28b9f8c71dcf) in 0.001s. Peers: 7
2026-04-20 10:38:57.010-0500 | EthScheduler-Workers-0 | INFO  | PersistBlockTask | Imported empty block #2,175 / 0 tx / 0 om / 0 (0.0%) gas / (0xe3ad23a360df2e12b355f9aa2153767513aadbaac3086ffa9b24cd1ff13eedbd) in 0.002s. Peers: 7
2026-04-20 10:39:02.019-0500 | EthScheduler-Workers-0 | INFO  | PersistBlockTask | Imported empty block #2,176 / 0 tx / 0 om / 0 (0.0%) gas / (0x123b9a14b0faae8a6556097431fe033b0d29d2196ed6f21def4f7be6ff4933f6) in 0.002s. Peers: 7
2026-04-20 10:39:07.014-0500 | EthScheduler-Workers-0 | INFO  | PersistBlockTask | Imported empty block #2,177 / 0 tx / 0 om / 0 (0.0%) gas / (0xeb7dcac9752fc0c4458e2eb9c4478e77ab763a3906c044140189d5e8ffa88a78) in 0.001s. Peers: 7
2026-04-20 10:39:12.013-0500 | EthScheduler-Workers-0 | INFO  | PersistBlockTask | Imported empty block #2,178 / 0 tx / 0 om / 0 (0.0%) gas / (0x2b6e1316196baab118cef353d2cc3d2a588a949e71e11f7f0d69addf7f411ca0) in 0.001s. Peers: 7
2026-04-20 10:39:17.019-0500 | EthScheduler-Workers-0 | INFO  | PersistBlockTask | Imported empty block #2,179 / 0 tx / 0 om / 0 (0.0%) gas / (0x2c7fd989adb0fd1cfae8fc652f45b20c788c29a854e71f448d80a9eb75dd15d2) in 0.002s. Peers: 7
2026-04-20 10:39:22.018-0500 | EthScheduler-Workers-0 | INFO  | PersistBlockTask | Imported empty block #2,180 / 0 tx / 0 om / 0 (0.0%) gas / (0x9ee956be4bc2383d87c3426083ad48ffbd27cde44edc6c4f63dacc2ec212d235) in 0.001s. Peers: 7
2026-04-20 10:39:27.008-0500 | EthScheduler-Workers-0 | INFO  | PersistBlockTask | Imported empty block #2,181 / 0 tx / 0 om / 0 (0.0%) gas / (0x67c088351e6c56ea5b598a7ac46da3c318c559758fc88e0de7367a327c308ee4) in 0.002s. Peers: 7
2026-04-20 10:39:32.015-0500 | EthScheduler-Workers-0 | INFO  | PersistBlockTask | Imported empty block #2,182 / 0 tx / 0 om / 0 (0.0%) gas / (0x8861a01a647fbab24d2b1d32e65b26ca9a6eb2d6b8d7090bf1fefbd00e7822fd) in 0.002s. Peers: 7
2026-04-20 10:39:37.008-0500 | EthScheduler-Workers-0 | INFO  | PersistBlockTask | Imported empty block #2,183 / 0 tx / 0 om / 0 (0.0%) gas / (0x04be856881a2aab93e9647dae2192cf17145ded90e435dfe277c039fdbbf3a3e) in 0.001s. Peers: 7
2026-04-20 10:39:42.008-0500 | EthScheduler-Workers-0 | INFO  | PersistBlockTask | Imported empty block #2,184 / 0 tx / 0 om / 0 (0.0%) gas / (0x949350f1092fdffde17ce5172046dcc686a0c76dd3da0c6e0a5c368c8ce0bcac) in 0.002s. Peers: 7
2026-04-20 10:39:47.013-0500 | EthScheduler-Workers-0 | INFO  | PersistBlockTask | Imported empty block #2,185 / 0 tx / 0 om / 0 (0.0%) gas / (0x7d9ab74783c87e14f9d86fce06c06a425be05621e9875a94bb490811021c6ff5) in 0.001s. Peers: 7
2026-04-20 10:39:52.010-0500 | EthScheduler-Workers-0 | INFO  | PersistBlockTask | Imported empty block #2,186 / 0 tx / 0 om / 0 (0.0%) gas / (0xd728226f776dff5864401592074aa6c06b48534e21ad4137f25961a94ba96e4b) in 0.002s. Peers: 7
2026-04-20 10:39:57.011-0500 | EthScheduler-Workers-0 | INFO  | PersistBlockTask | Imported empty block #2,187 / 0 tx / 0 om / 0 (0.0%) gas / (0x101d434aed64a8e02081c02b791c036fd48035e0e49ce049a9123a5f97dad243) in 0.003s. Peers: 7
2026-04-20 10:40:02.007-0500 | EthScheduler-Workers-0 | INFO  | PersistBlockTask | Imported empty block #2,188 / 0 tx / 0 om / 0 (0.0%) gas / (0x30a0e90194d285ba34d5aae7abd628fea3fafbaacd5cf777e975d4b87fe67b7e) in 0.002s. Peers: 7
2026-04-20 10:40:07.010-0500 | EthScheduler-Workers-0 | INFO  | PersistBlockTask | Imported empty block #2,189 / 0 tx / 0 om / 0 (0.0%) gas / (0x74694d38791304550a1a88c7944407906181ce7397d48f737fac5a513b04bb4b) in 0.001s. Peers: 7
2026-04-20 10:40:12.008-0500 | EthScheduler-Workers-0 | INFO  | PersistBlockTask | Imported empty block #2,190 / 0 tx / 0 om / 0 (0.0%) gas / (0x26b35d2a2354a5d57e656c2c9bbb22e30f815653309478f11e5d6316d56d6c1b) in 0.001s. Peers: 7
2026-04-20 10:40:17.009-0500 | EthScheduler-Workers-0 | INFO  | PersistBlockTask | Imported empty block #2,191 / 0 tx / 0 om / 0 (0.0%) gas / (0x62264fa3c9a9e684d6b9e4f596059f8449d7493f42ec7d6829e5388055de4d9c) in 0.002s. Peers: 7
2026-04-20 10:40:22.013-0500 | EthScheduler-Workers-0 | INFO  | PersistBlockTask | Imported empty block #2,192 / 0 tx / 0 om / 0 (0.0%) gas / (0x7aa22cf7dadecff3ca91a9374ce0b03c4641a388585476883b645c8cce7e14c5) in 0.001s. Peers: 7
2026-04-20 10:40:27.023-0500 | EthScheduler-Workers-0 | INFO  | PersistBlockTask | Imported empty block #2,193 / 0 tx / 0 om / 0 (0.0%) gas / (0x79d931ac4f3361e78b8ddf4ee65950f480cbb5239885596f933636190867c26e) in 0.003s. Peers: 7
2026-04-20 10:40:32.011-0500 | EthScheduler-Workers-0 | INFO  | PersistBlockTask | Imported empty block #2,194 / 0 tx / 0 om / 0 (0.0%) gas / (0x82d360e2897e4d9427098f0dce6d051bd957baa68d15b5c9e25df4eef4892b32) in 0.001s. Peers: 7
2026-04-20 10:40:37.011-0500 | EthScheduler-Workers-0 | INFO  | PersistBlockTask | Imported empty block #2,195 / 0 tx / 0 om / 0 (0.0%) gas / (0x421489fa6be06c3857cbb26625a65c2bd9b5766d71f4864d1718286105469946) in 0.004s. Peers: 7
2026-04-20 10:40:42.014-0500 | EthScheduler-Workers-0 | INFO  | PersistBlockTask | Imported empty block #2,196 / 0 tx / 0 om / 0 (0.0%) gas / (0x410738f4d2396ac096a75f7d99d3c0db9bf8fd386e2bd393bacfde88923210ef) in 0.002s. Peers: 7
2026-04-20 10:40:47.012-0500 | EthScheduler-Workers-0 | INFO  | PersistBlockTask | Imported empty block #2,197 / 0 tx / 0 om / 0 (0.0%) gas / (0xea0aba57bb05cce6125b7abe03232899677fa0a98d8841cfdb565a034190fa6a) in 0.001s. Peers: 7
2026-04-20 10:40:52.011-0500 | EthScheduler-Workers-0 | INFO  | PersistBlockTask | Imported empty block #2,198 / 0 tx / 0 om / 0 (0.0%) gas / (0xd4ab4ee1e9bb20bd04b5cc941579483ebb1c02de1ea3e2bba928150f33e18cb1) in 0.002s. Peers: 7
2026-04-20 10:40:57.009-0500 | EthScheduler-Workers-0 | INFO  | PersistBlockTask | Imported empty block #2,199 / 0 tx / 0 om / 0 (0.0%) gas / (0x0120d77d3b0dacae6f04c8eaeaef8c0831f9923d6f827554616c6be920471946) in 0.002s. Peers: 7
2026-04-20 10:41:02.009-0500 | EthScheduler-Workers-0 | INFO  | PersistBlockTask | Imported empty block #2,200 / 0 tx / 0 om / 0 (0.0%) gas / (0x94416043da9ba0539503e719453a3eb343fd0b497f845e6e13200605173ed585) in 0.001s. Peers: 7
2026-04-20 10:41:07.012-0500 | EthScheduler-Workers-0 | INFO  | PersistBlockTask | Imported empty block #2,201 / 0 tx / 0 om / 0 (0.0%) gas / (0x3b1d2169b7b8d265b95019478b01825ed44d4523435c64e98807d5862d5bf9c7) in 0.003s. Peers: 7
2026-04-20 10:41:12.008-0500 | EthScheduler-Workers-0 | INFO  | PersistBlockTask | Imported empty block #2,202 / 0 tx / 0 om / 0 (0.0%) gas / (0x9d8be2d31c29e717b8076663669e8f0f7987f8c02492aa2dd7938126e2852835) in 0.001s. Peers: 7
2026-04-20 10:41:17.007-0500 | EthScheduler-Workers-0 | INFO  | PersistBlockTask | Imported empty block #2,203 / 0 tx / 0 om / 0 (0.0%) gas / (0xfe36efd296b97f5ccc3ca4c2a875f2cfee0a0ef7841c1b715807e2f4487045b9) in 0.001s. Peers: 7
2026-04-20 10:41:22.009-0500 | EthScheduler-Workers-0 | INFO  | PersistBlockTask | Imported empty block #2,204 / 0 tx / 0 om / 0 (0.0%) gas / (0x4154b88c3317cf8d46b50ac89402b3fa0ae1792e53eeb915eb4e09959b279cbd) in 0.002s. Peers: 7
2026-04-20 10:41:27.008-0500 | EthScheduler-Workers-0 | INFO  | PersistBlockTask | Imported empty block #2,205 / 0 tx / 0 om / 0 (0.0%) gas / (0xc691d54b5763327c5e1e9886f3c4e57455a2e10bcfffb09b4b89603778a368b7) in 0.001s. Peers: 7
2026-04-20 10:41:32.009-0500 | EthScheduler-Workers-0 | INFO  | PersistBlockTask | Imported empty block #2,206 / 0 tx / 0 om / 0 (0.0%) gas / (0x2b5320a47abc9da2b7e598fb28e65a8426e438e99e87ffac533e57ddf714e9af) in 0.002s. Peers: 7
2026-04-20 10:41:37.016-0500 | EthScheduler-Workers-0 | INFO  | PersistBlockTask | Imported empty block #2,207 / 0 tx / 0 om / 0 (0.0%) gas / (0x20e837b7496db91d70d5995a08154b3d3d7c1b3b47d01fcdc838ccd0406c1e55) in 0.001s. Peers: 7
2026-04-20 10:41:42.016-0500 | EthScheduler-Workers-0 | INFO  | PersistBlockTask | Imported empty block #2,208 / 0 tx / 0 om / 0 (0.0%) gas / (0x33a1f8802e8589d1fe88da55d829757bbb6d2524bfb99a2f136409d68dc4c606) in 0.002s. Peers: 7
2026-04-20 10:41:47.023-0500 | EthScheduler-Workers-0 | INFO  | PersistBlockTask | Imported empty block #2,209 / 0 tx / 0 om / 0 (0.0%) gas / (0x7167ee1a28dc960be4154914a380b24fdc9c9cd8f4921b9b753f4ec38065c441) in 0.002s. Peers: 7
2026-04-20 10:41:52.020-0500 | EthScheduler-Workers-0 | INFO  | PersistBlockTask | Imported empty block #2,210 / 0 tx / 0 om / 0 (0.0%) gas / (0x7359a7f7bfbb40cae63bfe7b4459f5fc8f823f94c0daff6f3351a9984ac8e9be) in 0.002s. Peers: 7
2026-04-20 10:41:57.010-0500 | EthScheduler-Workers-0 | INFO  | PersistBlockTask | Imported empty block #2,211 / 0 tx / 0 om / 0 (0.0%) gas / (0xf032cea7a63dfb9d93ceeefc56eb1c51bbfbb2460e95ae4b14abf4a68640c3d2) in 0.002s. Peers: 7
2026-04-20 10:42:02.012-0500 | EthScheduler-Workers-0 | INFO  | PersistBlockTask | Imported empty block #2,212 / 0 tx / 0 om / 0 (0.0%) gas / (0x0e5b9759de090472f51f6a7238d76ad0a4982090528a92665f1f69688edd5e37) in 0.004s. Peers: 7
2026-04-20 10:42:07.015-0500 | EthScheduler-Workers-0 | INFO  | PersistBlockTask | Imported empty block #2,213 / 0 tx / 0 om / 0 (0.0%) gas / (0x59c4f15b58ab6191da83d94cb50c7ac3784e250b371b026cc0a6b3acce4e5f93) in 0.001s. Peers: 7
2026-04-20 10:42:12.010-0500 | EthScheduler-Workers-0 | INFO  | PersistBlockTask | Imported empty block #2,214 / 0 tx / 0 om / 0 (0.0%) gas / (0x647c9b16f0acf0811e05c47306a34fbeaa3d75e4130aa04f6858381d62510c61) in 0.002s. Peers: 7
2026-04-20 10:42:17.008-0500 | EthScheduler-Workers-0 | INFO  | PersistBlockTask | Imported empty block #2,215 / 0 tx / 0 om / 0 (0.0%) gas / (0xea5b302bf0c0a735164873eff4bf3eedda7796ab848752e5696b24c34d05b33c) in 0.001s. Peers: 7
2026-04-20 10:42:22.008-0500 | EthScheduler-Workers-0 | INFO  | PersistBlockTask | Imported empty block #2,216 / 0 tx / 0 om / 0 (0.0%) gas / (0x4a1ffad3738382586cb21a9ebcaac6f10816020a245caf19483c4900c6e050e6) in 0.001s. Peers: 7
2026-04-20 10:42:27.018-0500 | EthScheduler-Workers-0 | INFO  | PersistBlockTask | Imported empty block #2,217 / 0 tx / 0 om / 0 (0.0%) gas / (0xb287647f213260d7ce3209fc69a4b518a686a5a6eb14974bc406f8d787fee9a1) in 0.004s. Peers: 7
2026-04-20 10:42:32.015-0500 | EthScheduler-Workers-0 | INFO  | PersistBlockTask | Imported empty block #2,218 / 0 tx / 0 om / 0 (0.0%) gas / (0x56ac48ca5126ca642b398a3181396c856a8524f90f0fc37623fb22b65f90201d) in 0.001s. Peers: 7
2026-04-20 10:42:37.010-0500 | EthScheduler-Workers-0 | INFO  | PersistBlockTask | Imported empty block #2,219 / 0 tx / 0 om / 0 (0.0%) gas / (0x86694f31cb31639813ce6f61a3c909596920a795219739329d43e66c506bf6e7) in 0.002s. Peers: 7
2026-04-20 10:42:42.009-0500 | EthScheduler-Workers-0 | INFO  | PersistBlockTask | Imported empty block #2,220 / 0 tx / 0 om / 0 (0.0%) gas / (0x14e8e782597fa622e964c9f51dc12232ed9409e988dc8f9d725766fc73cca8f1) in 0.002s. Peers: 7
2026-04-20 10:42:47.017-0500 | EthScheduler-Workers-0 | INFO  | PersistBlockTask | Imported empty block #2,221 / 0 tx / 0 om / 0 (0.0%) gas / (0xef1b3da47d7cf48b04b411586a4321238364bb80209e53ea6130f552fe7d44e1) in 0.003s. Peers: 7
2026-04-20 10:42:52.015-0500 | EthScheduler-Workers-0 | INFO  | PersistBlockTask | Imported empty block #2,222 / 0 tx / 0 om / 0 (0.0%) gas / (0xcf36209b7175691b6e92223bededebadcf13ddc8275422b711e6d89e3a32b07e) in 0.001s. Peers: 7
2026-04-20 10:42:57.020-0500 | EthScheduler-Workers-0 | INFO  | PersistBlockTask | Imported empty block #2,223 / 0 tx / 0 om / 0 (0.0%) gas / (0x81c62c863f96e56f52306d78cca9bd0d9f8c9f3aaba91faf005d9430f0895174) in 0.002s. Peers: 7
2026-04-20 10:43:02.011-0500 | EthScheduler-Workers-0 | INFO  | PersistBlockTask | Imported empty block #2,224 / 0 tx / 0 om / 0 (0.0%) gas / (0x850e1aa11f5a3f2c294543346e22262e859a7c5353f177291adc6a8778a14d70) in 0.001s. Peers: 7
2026-04-20 10:43:07.008-0500 | EthScheduler-Workers-0 | INFO  | PersistBlockTask | Imported empty block #2,225 / 0 tx / 0 om / 0 (0.0%) gas / (0x66b0187465e20151ff824fe0a540727028615ba5a9d40f4ef49a4a52f5f9c914) in 0.001s. Peers: 7
2026-04-20 10:43:12.012-0500 | EthScheduler-Workers-0 | INFO  | PersistBlockTask | Imported empty block #2,226 / 0 tx / 0 om / 0 (0.0%) gas / (0x445a942f3d2287189467bc8a645ee362e441c72d193fc8a7b9796f3132439c8b) in 0.002s. Peers: 7
2026-04-20 10:43:17.016-0500 | EthScheduler-Workers-0 | INFO  | PersistBlockTask | Imported empty block #2,227 / 0 tx / 0 om / 0 (0.0%) gas / (0xa9116622214e4e08c52174b9393a3d53806d0cbcc48605b15f8463be5e2efa34) in 0.001s. Peers: 7
2026-04-20 10:43:22.018-0500 | EthScheduler-Workers-0 | INFO  | PersistBlockTask | Imported empty block #2,228 / 0 tx / 0 om / 0 (0.0%) gas / (0x3f6710b0d9eceb0ebe473f3727380149df776b153f1f9a24d8987010fba7520b) in 0.001s. Peers: 7
2026-04-20 10:43:27.016-0500 | EthScheduler-Workers-0 | INFO  | PersistBlockTask | Imported empty block #2,229 / 0 tx / 0 om / 0 (0.0%) gas / (0x2074ace8bdd091c73a5400f3af9b89abcc80a96d21214164c7fd7274e14002c6) in 0.001s. Peers: 7
2026-04-20 10:43:32.024-0500 | EthScheduler-Workers-0 | INFO  | PersistBlockTask | Imported empty block #2,230 / 0 tx / 0 om / 0 (0.0%) gas / (0x170cfb428e661110d06769ae7b737c1eb2df1c61d00f2d181cd1aa87819ac8fd) in 0.003s. Peers: 7
2026-04-20 10:43:37.013-0500 | EthScheduler-Workers-0 | INFO  | PersistBlockTask | Imported empty block #2,231 / 0 tx / 0 om / 0 (0.0%) gas / (0x7cf301ed1407a286e75601932ab3d0ab4a3f8886f19212fcfeb4aa84d050f3f2) in 0.001s. Peers: 7
2026-04-20 10:43:42.016-0500 | EthScheduler-Workers-0 | INFO  | PersistBlockTask | Imported empty block #2,232 / 0 tx / 0 om / 0 (0.0%) gas / (0x8973026a6e6d7c014a064e8e255814d451ceae6c7788086893a5811848d27a1f) in 0.003s. Peers: 7
2026-04-20 10:43:47.012-0500 | EthScheduler-Workers-0 | INFO  | PersistBlockTask | Imported empty block #2,233 / 0 tx / 0 om / 0 (0.0%) gas / (0xfae84f2e7215e13dcd5d0a53d959116de67a3f012120ff1bd413a14ead743056) in 0.002s. Peers: 7
2026-04-20 10:43:52.011-0500 | EthScheduler-Workers-0 | INFO  | PersistBlockTask | Imported empty block #2,234 / 0 tx / 0 om / 0 (0.0%) gas / (0xbf1cbf8d2e2b5c64180dfe44bd5cf64c84c585f183c5fbd60baa29f70cc6371a) in 0.001s. Peers: 7
2026-04-20 10:43:57.013-0500 | EthScheduler-Workers-0 | INFO  | PersistBlockTask | Imported empty block #2,235 / 0 tx / 0 om / 0 (0.0%) gas / (0x82c1337dfc36f526a4862df8484c59b0fbf057b918955acb4469c81e2af94df1) in 0.001s. Peers: 7
2026-04-20 10:44:02.014-0500 | EthScheduler-Workers-0 | INFO  | PersistBlockTask | Imported empty block #2,236 / 0 tx / 0 om / 0 (0.0%) gas / (0xdf4922c25206a5b298500539f1c39881ae44397db8616f08fd3b963be3037bf3) in 0.004s. Peers: 7
2026-04-20 10:44:07.014-0500 | EthScheduler-Workers-0 | INFO  | PersistBlockTask | Imported empty block #2,237 / 0 tx / 0 om / 0 (0.0%) gas / (0xfb9b0df225fe1ced3ff95ceb05e8057e08804c97fc2c4b4b9129c982f568f258) in 0.002s. Peers: 7
2026-04-20 10:44:12.011-0500 | EthScheduler-Workers-0 | INFO  | PersistBlockTask | Imported empty block #2,238 / 0 tx / 0 om / 0 (0.0%) gas / (0xd9e6310d61df1b3dc6f84b020703cb89c104bb6adb7be49e25cfb66b007418b6) in 0.002s. Peers: 7
2026-04-20 10:44:17.010-0500 | EthScheduler-Workers-0 | INFO  | PersistBlockTask | Imported empty block #2,239 / 0 tx / 0 om / 0 (0.0%) gas / (0x66af834f4900498407968b102f96c72cd2dd4097ddbac4bd1c243090c24d3956) in 0.002s. Peers: 7
2026-04-20 10:44:22.013-0500 | EthScheduler-Workers-0 | INFO  | PersistBlockTask | Imported empty block #2,240 / 0 tx / 0 om / 0 (0.0%) gas / (0x3a71db32e46d7b942aa51116505a2846d2000213204f1d428fc82f9d9855876a) in 0.001s. Peers: 7
2026-04-20 10:44:27.009-0500 | EthScheduler-Workers-0 | INFO  | PersistBlockTask | Imported empty block #2,241 / 0 tx / 0 om / 0 (0.0%) gas / (0x81e09d252f50832a18b24f1272c05fa0ee072f3a9c863407d4f47547a800ea9c) in 0.002s. Peers: 7
2026-04-20 10:44:32.011-0500 | EthScheduler-Workers-0 | INFO  | PersistBlockTask | Imported empty block #2,242 / 0 tx / 0 om / 0 (0.0%) gas / (0x05d300d1e24ef5c1aab21b23c813bfce076e5e4f5b01a065957792779d18c6e9) in 0.002s. Peers: 7
2026-04-20 10:44:37.016-0500 | EthScheduler-Workers-0 | INFO  | PersistBlockTask | Imported empty block #2,243 / 0 tx / 0 om / 0 (0.0%) gas / (0x333539aba3420a40cab8eb0c9f28112d6e9feefbaf49c25eb97889387c0ddbf8) in 0.002s. Peers: 7
2026-04-20 10:44:42.013-0500 | EthScheduler-Workers-0 | INFO  | PersistBlockTask | Imported empty block #2,244 / 0 tx / 0 om / 0 (0.0%) gas / (0x2a37ab1808aca051b4c4c0144204ae0eabece10d2528e36dc4f005680381da09) in 0.002s. Peers: 7
2026-04-20 10:44:47.010-0500 | EthScheduler-Workers-0 | INFO  | PersistBlockTask | Imported empty block #2,245 / 0 tx / 0 om / 0 (0.0%) gas / (0x6798be6d0fa0e253970fc8dc2992f811889400cf31f714dd9396ce377fac7b55) in 0.001s. Peers: 7
2026-04-20 10:44:52.008-0500 | EthScheduler-Workers-0 | INFO  | PersistBlockTask | Imported empty block #2,246 / 0 tx / 0 om / 0 (0.0%) gas / (0x7791b1aef5937f599b77b7717531019cdc0e7055d202367f01073c51092e73b2) in 0.001s. Peers: 7
2026-04-20 10:44:57.014-0500 | EthScheduler-Workers-0 | INFO  | PersistBlockTask | Imported empty block #2,247 / 0 tx / 0 om / 0 (0.0%) gas / (0xbdb0e82fedd3b32d4edb5e4a2a6d5ab1d8ba172e80953884e334d3a740a93308) in 0.001s. Peers: 7
2026-04-20 10:45:02.019-0500 | EthScheduler-Workers-0 | INFO  | PersistBlockTask | Imported empty block #2,248 / 0 tx / 0 om / 0 (0.0%) gas / (0x6345acd5371b965c0cdd7e95422bdd1aa5d9a69bebd455312b9ee93354adb401) in 0.003s. Peers: 7
2026-04-20 10:45:07.010-0500 | EthScheduler-Workers-0 | INFO  | PersistBlockTask | Imported empty block #2,249 / 0 tx / 0 om / 0 (0.0%) gas / (0x287db114cc7abc0b7f87ec11af0eebc14ab3264df3c4ef945249649b266eb56d) in 0.002s. Peers: 7
2026-04-20 10:45:12.008-0500 | EthScheduler-Workers-0 | INFO  | PersistBlockTask | Imported empty block #2,250 / 0 tx / 0 om / 0 (0.0%) gas / (0x2e7266aa8a23d01c716266d7c2c63e858695e97ebe35d5926546b1f145c7a285) in 0.002s. Peers: 7
2026-04-20 10:45:17.011-0500 | EthScheduler-Workers-0 | INFO  | PersistBlockTask | Imported empty block #2,251 / 0 tx / 0 om / 0 (0.0%) gas / (0x5e018f97a2cb1c5a9356bf3c9680913a3a2b3d1afe049ce118b7ce940f886b41) in 0.001s. Peers: 7
2026-04-20 10:45:22.007-0500 | EthScheduler-Workers-0 | INFO  | PersistBlockTask | Imported empty block #2,252 / 0 tx / 0 om / 0 (0.0%) gas / (0xc398cee17f44f1f65d369120195f52e493450d1534b691a4b238308fc2c1ff34) in 0.001s. Peers: 7
2026-04-20 10:45:27.020-0500 | EthScheduler-Workers-0 | INFO  | PersistBlockTask | Imported empty block #2,253 / 0 tx / 0 om / 0 (0.0%) gas / (0x1be45c3e65a04b96cb032952d7be9fb18902dd293a05f0fef6a3dc0b38a19439) in 0.004s. Peers: 7
2026-04-20 10:45:32.016-0500 | EthScheduler-Workers-0 | INFO  | PersistBlockTask | Imported empty block #2,254 / 0 tx / 0 om / 0 (0.0%) gas / (0xdb23667cd556b659e82d4ee7240f196947662b957dea63ae637f55a7453fa7a9) in 0.003s. Peers: 7
2026-04-20 10:45:37.010-0500 | EthScheduler-Workers-0 | INFO  | PersistBlockTask | Imported empty block #2,255 / 0 tx / 0 om / 0 (0.0%) gas / (0x5382b9cf8675ccfd746bec24ee0a72464f89512ffe1b95c1ec7b6542478f1408) in 0.002s. Peers: 7
2026-04-20 10:45:42.008-0500 | EthScheduler-Workers-0 | INFO  | PersistBlockTask | Imported empty block #2,256 / 0 tx / 0 om / 0 (0.0%) gas / (0x1733704ab9049938b67af968f86c31e24f4af7e1a818646efbe89111fe3c99d1) in 0.002s. Peers: 7
2026-04-20 10:45:47.021-0500 | EthScheduler-Workers-0 | INFO  | PersistBlockTask | Imported empty block #2,257 / 0 tx / 0 om / 0 (0.0%) gas / (0x3b5ad6185238ed09a475fdaeed3cacb0533f3880d77efc44e4259e6518b52f86) in 0.002s. Peers: 7
2026-04-20 10:45:52.020-0500 | EthScheduler-Workers-0 | INFO  | PersistBlockTask | Imported empty block #2,258 / 0 tx / 0 om / 0 (0.0%) gas / (0xc62948b8f25e21c5c39019aa398a08358e627c3ff093f346a17becc9862e3671) in 0.002s. Peers: 7
2026-04-20 10:45:57.034-0500 | EthScheduler-Workers-0 | INFO  | PersistBlockTask | Imported empty block #2,259 / 0 tx / 0 om / 0 (0.0%) gas / (0x0c33a2539786d20bec416e25a61bdbbcc4a7309ea507538f34c85cec9813d4bb) in 0.003s. Peers: 7
2026-04-20 10:46:02.016-0500 | EthScheduler-Workers-0 | INFO  | PersistBlockTask | Imported empty block #2,260 / 0 tx / 0 om / 0 (0.0%) gas / (0x8e2b1e00f281207e5783b8d7afdd008001bbbb043b1ca7287698bec5ff2a02bc) in 0.001s. Peers: 7
2026-04-20 10:46:07.015-0500 | EthScheduler-Workers-0 | INFO  | PersistBlockTask | Imported empty block #2,261 / 0 tx / 0 om / 0 (0.0%) gas / (0x8566fe5f03c3c0024f264a3208825ead0cd596092e6c17adc63c41e4b7cf701a) in 0.001s. Peers: 7
2026-04-20 10:46:12.008-0500 | EthScheduler-Workers-0 | INFO  | PersistBlockTask | Imported empty block #2,262 / 0 tx / 0 om / 0 (0.0%) gas / (0x6d38f7e5c39cccbb545a31d0755ce75cb1c8937369cfd99dc90d7fc6a7eb1044) in 0.002s. Peers: 7
2026-04-20 10:46:17.012-0500 | EthScheduler-Workers-0 | INFO  | PersistBlockTask | Imported empty block #2,263 / 0 tx / 0 om / 0 (0.0%) gas / (0xb3f771331e41f876fbf0805d95710da1961b246062f80c87f65198b0a2cb74ca) in 0.001s. Peers: 7
2026-04-20 10:46:22.013-0500 | EthScheduler-Workers-0 | INFO  | PersistBlockTask | Imported empty block #2,264 / 0 tx / 0 om / 0 (0.0%) gas / (0xe0bb18a491fdc0c50c23a6de0c786f8020936133283de2bd822453af1302f675) in 0.002s. Peers: 7
2026-04-20 10:46:27.011-0500 | EthScheduler-Workers-0 | INFO  | PersistBlockTask | Imported empty block #2,265 / 0 tx / 0 om / 0 (0.0%) gas / (0x36e31bc1b61f81c4388c8c7defcc923c4f4a8c5678fbd78ac8fc8d5fedd95369) in 0.002s. Peers: 7
2026-04-20 10:46:32.009-0500 | EthScheduler-Workers-0 | INFO  | PersistBlockTask | Imported empty block #2,266 / 0 tx / 0 om / 0 (0.0%) gas / (0xdf05f9fe0023f55db7f5606b2e29bd944146842d776d1457f107f3dc2c87a460) in 0.002s. Peers: 7
2026-04-20 10:46:37.011-0500 | EthScheduler-Workers-0 | INFO  | PersistBlockTask | Imported empty block #2,267 / 0 tx / 0 om / 0 (0.0%) gas / (0x20d41c47c6470dd8ed1ad5fbc6c03ac0f92efd9febcf147e48170be04c94f0bf) in 0.001s. Peers: 7
2026-04-20 10:46:42.010-0500 | EthScheduler-Workers-0 | INFO  | PersistBlockTask | Imported empty block #2,268 / 0 tx / 0 om / 0 (0.0%) gas / (0x53b148e5d5265c26e2d9b6466b5bc3acf853748e4e7fa66e51cd747802fc1d3e) in 0.002s. Peers: 7
2026-04-20 10:46:47.008-0500 | EthScheduler-Workers-0 | INFO  | PersistBlockTask | Imported empty block #2,269 / 0 tx / 0 om / 0 (0.0%) gas / (0xc9ae9c79318e86df04c4f000fa3c1cf1ee37088782aad7d6cc8dde111a712a67) in 0.001s. Peers: 7
2026-04-20 10:46:52.008-0500 | EthScheduler-Workers-0 | INFO  | PersistBlockTask | Imported empty block #2,270 / 0 tx / 0 om / 0 (0.0%) gas / (0xa00d9ec13a90c3f04d506dcb6eb5f1f7b290c6fc832d982492cddcb04cc6cecf) in 0.001s. Peers: 7
2026-04-20 10:46:57.008-0500 | EthScheduler-Workers-0 | INFO  | PersistBlockTask | Imported empty block #2,271 / 0 tx / 0 om / 0 (0.0%) gas / (0x804c946ae6bdf3a27a3a7b38e2d74b30d256336251bb2119ab122c62f3304a99) in 0.001s. Peers: 7
2026-04-20 10:47:02.010-0500 | EthScheduler-Workers-0 | INFO  | PersistBlockTask | Imported empty block #2,272 / 0 tx / 0 om / 0 (0.0%) gas / (0x6840eecf2f7209c4180d230b054ee06e405096ad2746fc91d8469df28f562a3d) in 0.002s. Peers: 7
2026-04-20 10:47:07.013-0500 | EthScheduler-Workers-0 | INFO  | PersistBlockTask | Imported empty block #2,273 / 0 tx / 0 om / 0 (0.0%) gas / (0x6f517a500a73dae204d5ef462a0a699393198d3004fe14cc712bf0737ad14638) in 0.004s. Peers: 7
2026-04-20 10:47:12.008-0500 | EthScheduler-Workers-0 | INFO  | PersistBlockTask | Imported empty block #2,274 / 0 tx / 0 om / 0 (0.0%) gas / (0x472e1eb34fb7c1c9fd64a861b6a8d29af85944c569f793c35a49d8cd2151584c) in 0.001s. Peers: 7
2026-04-20 10:47:17.011-0500 | EthScheduler-Workers-0 | INFO  | PersistBlockTask | Imported empty block #2,275 / 0 tx / 0 om / 0 (0.0%) gas / (0x888f9bc37c3afc2fc9a2ceed4cff903818b3d966509973b049fce94135f7d9b8) in 0.002s. Peers: 7
2026-04-20 10:47:22.014-0500 | EthScheduler-Workers-0 | INFO  | PersistBlockTask | Imported empty block #2,276 / 0 tx / 0 om / 0 (0.0%) gas / (0xaf989a62ae73005013219f916f044c5cdb46b3616b74556215c28188e63b5093) in 0.004s. Peers: 7
2026-04-20 10:47:27.016-0500 | EthScheduler-Workers-0 | INFO  | PersistBlockTask | Imported empty block #2,277 / 0 tx / 0 om / 0 (0.0%) gas / (0x2e7ac138670607071a5d4d3a857a99e92100e2216b50018d7d9ebfd1871340d2) in 0.002s. Peers: 7
2026-04-20 10:47:32.017-0500 | EthScheduler-Workers-0 | INFO  | PersistBlockTask | Imported empty block #2,278 / 0 tx / 0 om / 0 (0.0%) gas / (0x9f43264681e0e577dd12264448fbe72b709d939dbfa186767021e2c6e3bf8890) in 0.002s. Peers: 7
2026-04-20 10:47:37.019-0500 | EthScheduler-Workers-0 | INFO  | PersistBlockTask | Imported empty block #2,279 / 0 tx / 0 om / 0 (0.0%) gas / (0xeb5a5ce486d8c94572c92f1bda23e360ad5395bb10d163554cfe7ae89a43a06f) in 0.005s. Peers: 7
2026-04-20 10:47:42.013-0500 | EthScheduler-Workers-0 | INFO  | PersistBlockTask | Imported empty block #2,280 / 0 tx / 0 om / 0 (0.0%) gas / (0x1c75e3a487718d95a2b4ac6eb3bca88e841cdabca3603b25df7b15ae1f558a2d) in 0.002s. Peers: 7
2026-04-20 10:47:47.010-0500 | EthScheduler-Workers-0 | INFO  | PersistBlockTask | Imported empty block #2,281 / 0 tx / 0 om / 0 (0.0%) gas / (0x5840a39676934a7df435d29109010bbb98ff36ae7b917e3fcea92eb9164fb48e) in 0.002s. Peers: 7
2026-04-20 10:47:52.015-0500 | EthScheduler-Workers-0 | INFO  | PersistBlockTask | Imported empty block #2,282 / 0 tx / 0 om / 0 (0.0%) gas / (0xa22e8a1fc85a09f2f34365df3472a6c08133cf4cdf1152c8c2e660bc590388f2) in 0.003s. Peers: 7
2026-04-20 10:47:57.015-0500 | EthScheduler-Workers-0 | INFO  | PersistBlockTask | Imported empty block #2,283 / 0 tx / 0 om / 0 (0.0%) gas / (0x69bd6b8ad8dac233771c91f9052465350646dafd784076baf5a2835fdbaaa3e8) in 0.001s. Peers: 7
2026-04-20 10:48:02.012-0500 | EthScheduler-Workers-0 | INFO  | PersistBlockTask | Imported empty block #2,284 / 0 tx / 0 om / 0 (0.0%) gas / (0xfdecfb36f66a9a343bc9cb1f4d73228a89db3875cf39fba44be3b0384d204e11) in 0.002s. Peers: 7
2026-04-20 10:48:07.018-0500 | EthScheduler-Workers-0 | INFO  | PersistBlockTask | Imported empty block #2,285 / 0 tx / 0 om / 0 (0.0%) gas / (0xce6f54a3fd28ce532c6455939744453a59a14abd41f09b81eb2616d03b8e73bd) in 0.001s. Peers: 7
2026-04-20 10:48:12.008-0500 | EthScheduler-Workers-0 | INFO  | PersistBlockTask | Imported empty block #2,286 / 0 tx / 0 om / 0 (0.0%) gas / (0x54ee6f314b9c174d318cdbb73995694c850d2fa6131a48350509eb975c702754) in 0.002s. Peers: 7
2026-04-20 10:48:17.010-0500 | EthScheduler-Workers-0 | INFO  | PersistBlockTask | Imported empty block #2,287 / 0 tx / 0 om / 0 (0.0%) gas / (0x82117b0b3b770dab9112d825c24a7ccf0a8a532e5de13b29d9f3cc92067d3531) in 0.001s. Peers: 7
2026-04-20 10:48:22.014-0500 | EthScheduler-Workers-0 | INFO  | PersistBlockTask | Imported empty block #2,288 / 0 tx / 0 om / 0 (0.0%) gas / (0xde01e6b6f10edc3b93cb00ed75f8afbe27bcb7b7ef455a423177143a82251b8f) in 0.001s. Peers: 7
2026-04-20 10:48:27.013-0500 | EthScheduler-Workers-0 | INFO  | PersistBlockTask | Imported empty block #2,289 / 0 tx / 0 om / 0 (0.0%) gas / (0xcf9cc4362882d577188fd8ec04235f4dc63f862ba6e753ab24e36c1021f382b7) in 0.002s. Peers: 7
2026-04-20 10:48:32.007-0500 | EthScheduler-Workers-0 | INFO  | PersistBlockTask | Imported empty block #2,290 / 0 tx / 0 om / 0 (0.0%) gas / (0xf0ab98f45a8a0bc3d7fcf20ed1cf4c454dbf812b76f458b817779a94fa3f06fa) in 0.001s. Peers: 7
2026-04-20 10:48:37.009-0500 | EthScheduler-Workers-0 | INFO  | PersistBlockTask | Imported empty block #2,291 / 0 tx / 0 om / 0 (0.0%) gas / (0x09816af799fc1a637c6f5fe12c4500e91bc4d1288cb6a9e4418c577b7398370e) in 0.003s. Peers: 7
2026-04-20 10:48:42.007-0500 | EthScheduler-Workers-0 | INFO  | PersistBlockTask | Imported empty block #2,292 / 0 tx / 0 om / 0 (0.0%) gas / (0x19ec48e9de380a97b5cb1a0937cb24d48c0b7adc728fb7991ee3305e645267e1) in 0.001s. Peers: 7
2026-04-20 10:48:47.015-0500 | EthScheduler-Workers-0 | INFO  | PersistBlockTask | Imported empty block #2,293 / 0 tx / 0 om / 0 (0.0%) gas / (0xd28358e0e11de1855e7f33f0b3631dbe7920805113e8751457679bfa65d74aca) in 0.003s. Peers: 7
2026-04-20 10:48:52.010-0500 | EthScheduler-Workers-0 | INFO  | PersistBlockTask | Imported empty block #2,294 / 0 tx / 0 om / 0 (0.0%) gas / (0x4cefa6e581da1de8238c93e6cbcb8e0dd1f75a9987d0a24f19943041c3a18de2) in 0.001s. Peers: 7
2026-04-20 10:48:57.009-0500 | EthScheduler-Workers-0 | INFO  | PersistBlockTask | Imported empty block #2,295 / 0 tx / 0 om / 0 (0.0%) gas / (0x8bdee82900c3f8d872596817e692e70ff6695645c9a1e7e9ad63cbc945a0e6b2) in 0.001s. Peers: 7
2026-04-20 10:49:02.010-0500 | EthScheduler-Workers-0 | INFO  | PersistBlockTask | Imported empty block #2,296 / 0 tx / 0 om / 0 (0.0%) gas / (0x701b1d245c073e17b8385e88861f3202d560f4ec141aefa553a0eced2cfe0112) in 0.003s. Peers: 7
2026-04-20 10:49:07.009-0500 | EthScheduler-Workers-0 | INFO  | PersistBlockTask | Imported empty block #2,297 / 0 tx / 0 om / 0 (0.0%) gas / (0x0190ce5382ba3d1d9e8f91960a0199c69ecc1b087a3048e11ace05f562ee2b15) in 0.001s. Peers: 7
2026-04-20 10:49:12.008-0500 | EthScheduler-Workers-0 | INFO  | PersistBlockTask | Imported empty block #2,298 / 0 tx / 0 om / 0 (0.0%) gas / (0x738552b96901cb92d158a3fe483557d7aa461e3f3888784436563de9fd7514b8) in 0.002s. Peers: 7
2026-04-20 10:49:17.025-0500 | EthScheduler-Workers-0 | INFO  | PersistBlockTask | Imported empty block #2,299 / 0 tx / 0 om / 0 (0.0%) gas / (0xf84a141b5bb4c17e0db96f8d9becd651cb840bab4a8a8e6f8fab9e505b2f3572) in 0.002s. Peers: 7
2026-04-20 10:49:22.007-0500 | EthScheduler-Workers-0 | INFO  | PersistBlockTask | Imported empty block #2,300 / 0 tx / 0 om / 0 (0.0%) gas / (0x66c38908c3e1cf8cde6ff367b9948715a0f48b74911187deed4fe9614dede1e8) in 0.001s. Peers: 7
2026-04-20 10:49:27.019-0500 | EthScheduler-Workers-0 | INFO  | PersistBlockTask | Imported empty block #2,301 / 0 tx / 0 om / 0 (0.0%) gas / (0x041118b77407423ed858c2cf137f8e707c190ec0b661dcb8d49403ad7b61eae4) in 0.002s. Peers: 7
2026-04-20 10:49:32.008-0500 | EthScheduler-Workers-0 | INFO  | PersistBlockTask | Imported empty block #2,302 / 0 tx / 0 om / 0 (0.0%) gas / (0x7bd54fb4bdc66fb93040bcc9edc8c97d73dfee8d9c25d4d83b8bba7a0d95bfb2) in 0.002s. Peers: 7
2026-04-20 10:49:37.016-0500 | EthScheduler-Workers-0 | INFO  | PersistBlockTask | Imported empty block #2,303 / 0 tx / 0 om / 0 (0.0%) gas / (0x92d7311a781c1d714cdc231c4d3d18e30beea90ba8f0537e758ae9047315c338) in 0.001s. Peers: 7
2026-04-20 10:49:42.008-0500 | EthScheduler-Workers-0 | INFO  | PersistBlockTask | Imported empty block #2,304 / 0 tx / 0 om / 0 (0.0%) gas / (0x4be4a833cdae39e5b7ba4b623933c032e988cf585a160cef30aa90e6acb56c90) in 0.001s. Peers: 7
2026-04-20 10:49:47.014-0500 | EthScheduler-Workers-0 | INFO  | PersistBlockTask | Imported empty block #2,305 / 0 tx / 0 om / 0 (0.0%) gas / (0x7258a4c6e6b46d5a157ff35aa42c10170abe46ac0558b6f13f73a1ff94d53899) in 0.002s. Peers: 7
2026-04-20 10:49:52.015-0500 | EthScheduler-Workers-0 | INFO  | PersistBlockTask | Imported empty block #2,306 / 0 tx / 0 om / 0 (0.0%) gas / (0xf3fa8d1c1811d8d1195a18fe4c722b4804dc6c9b350cd3792395fdfc70235807) in 0.002s. Peers: 7
2026-04-20 10:49:57.016-0500 | EthScheduler-Workers-0 | INFO  | PersistBlockTask | Imported empty block #2,307 / 0 tx / 0 om / 0 (0.0%) gas / (0xe85f7f28151e444d72fba9ce9ace54a63f226ac92c4f627ca1fae9a2265dfe2d) in 0.002s. Peers: 7
2026-04-20 10:50:02.009-0500 | EthScheduler-Workers-0 | INFO  | PersistBlockTask | Imported empty block #2,308 / 0 tx / 0 om / 0 (0.0%) gas / (0x3eb64c75ed7d2086fffa680c0007687dfdf1217586158dfc10c5d758e976c295) in 0.002s. Peers: 7
2026-04-20 10:50:07.011-0500 | EthScheduler-Workers-0 | INFO  | PersistBlockTask | Imported empty block #2,309 / 0 tx / 0 om / 0 (0.0%) gas / (0x19e27b56fa434e3651c967c688824027e5f77a6d71dd44996ce54780538e4334) in 0.002s. Peers: 7
2026-04-20 10:50:12.010-0500 | EthScheduler-Workers-0 | INFO  | PersistBlockTask | Imported empty block #2,310 / 0 tx / 0 om / 0 (0.0%) gas / (0x330182133eea72769981a03eaf0f242b62f3e74d5f03e9defe9f2d6fb08bb612) in 0.002s. Peers: 7
2026-04-20 10:50:17.011-0500 | EthScheduler-Workers-0 | INFO  | PersistBlockTask | Imported empty block #2,311 / 0 tx / 0 om / 0 (0.0%) gas / (0x27e3fba5ae21f0bfb8d4611eb87efbac57c7f439c31da3623c6d90fc9059db5f) in 0.002s. Peers: 7
2026-04-20 10:50:22.013-0500 | EthScheduler-Workers-0 | INFO  | PersistBlockTask | Imported empty block #2,312 / 0 tx / 0 om / 0 (0.0%) gas / (0x701147aa6bd202e1278b168fe4bae62942a538c2aad2affa9df30415362c2b25) in 0.003s. Peers: 7
2026-04-20 10:50:27.010-0500 | EthScheduler-Workers-0 | INFO  | PersistBlockTask | Imported empty block #2,313 / 0 tx / 0 om / 0 (0.0%) gas / (0x343126f88473b43413de8b2a4e7e9c79c6d4c004684f218bf8f6186c2dd7c873) in 0.001s. Peers: 7
2026-04-20 10:50:32.011-0500 | EthScheduler-Workers-0 | INFO  | PersistBlockTask | Imported empty block #2,314 / 0 tx / 0 om / 0 (0.0%) gas / (0x356b0e37f059532fcd432913391096dfc7444eb30ce953fa44898969d1091b6f) in 0.003s. Peers: 7
2026-04-20 10:50:37.013-0500 | EthScheduler-Workers-0 | INFO  | PersistBlockTask | Imported empty block #2,315 / 0 tx / 0 om / 0 (0.0%) gas / (0x8b0621f7a049dc5cf7766bc05ba7fcee5d9d45c8578cd17a7c07bf5270a2c159) in 0.002s. Peers: 7
2026-04-20 10:50:42.012-0500 | EthScheduler-Workers-0 | INFO  | PersistBlockTask | Imported empty block #2,316 / 0 tx / 0 om / 0 (0.0%) gas / (0x0696f96e870e52ac3947de0665672bee6d46af2e6c814619fdbc892cfd1d7835) in 0.002s. Peers: 7
2026-04-20 10:50:47.010-0500 | EthScheduler-Workers-0 | INFO  | PersistBlockTask | Imported empty block #2,317 / 0 tx / 0 om / 0 (0.0%) gas / (0x65b27e3b2789e3874aa27425b948e1915b873a3ea99b8594a6d495073818f3b9) in 0.002s. Peers: 7
2026-04-20 10:50:52.010-0500 | EthScheduler-Workers-0 | INFO  | PersistBlockTask | Imported empty block #2,318 / 0 tx / 0 om / 0 (0.0%) gas / (0xe9436bd4fbc083ee07d190d0a5452cad7f74ec81a1a0a5030b6d3f71fb04a395) in 0.001s. Peers: 7
2026-04-20 10:50:57.016-0500 | EthScheduler-Workers-0 | INFO  | PersistBlockTask | Imported empty block #2,319 / 0 tx / 0 om / 0 (0.0%) gas / (0x7182c68e12c08ca6189f86d7f2b4cd35fe5caebc2eb71210f273d72bfdaf69c3) in 0.003s. Peers: 7
2026-04-20 10:51:02.013-0500 | EthScheduler-Workers-0 | INFO  | PersistBlockTask | Imported empty block #2,320 / 0 tx / 0 om / 0 (0.0%) gas / (0x3f6dfef404cff7e97b7cd8dcdba405c6cf325b4e4473176541f36a31c17b314d) in 0.002s. Peers: 7
2026-04-20 10:51:07.008-0500 | EthScheduler-Workers-0 | INFO  | PersistBlockTask | Imported empty block #2,321 / 0 tx / 0 om / 0 (0.0%) gas / (0xb39da9754fe70f2656b1c9bd060fb6bcdb184cc0acea4e202e1227b73a2b3860) in 0.001s. Peers: 7
2026-04-20 10:51:12.007-0500 | EthScheduler-Workers-0 | INFO  | PersistBlockTask | Imported empty block #2,322 / 0 tx / 0 om / 0 (0.0%) gas / (0xd278c561b2dd3b2dffd1d0986d56e04e2ddabad189785bed70e50ee13b96acb6) in 0.001s. Peers: 7
2026-04-20 10:51:17.009-0500 | EthScheduler-Workers-0 | INFO  | PersistBlockTask | Imported empty block #2,323 / 0 tx / 0 om / 0 (0.0%) gas / (0x9ed80c8dc899ff8610aa40df4c52185485be6858461dd9cad35e724f795e320e) in 0.001s. Peers: 7
2026-04-20 10:51:22.010-0500 | EthScheduler-Workers-0 | INFO  | PersistBlockTask | Imported empty block #2,324 / 0 tx / 0 om / 0 (0.0%) gas / (0x6299b46325706833f114e9681e885dd67291719aec6243861d68e44acb75c981) in 0.002s. Peers: 7
2026-04-20 10:51:27.012-0500 | EthScheduler-Workers-0 | INFO  | PersistBlockTask | Imported empty block #2,325 / 0 tx / 0 om / 0 (0.0%) gas / (0x60b4ae25eaf62a67711f963c3b0d8c81799dc765706118a0a97cf413dbbc41c6) in 0.002s. Peers: 7
2026-04-20 10:51:32.012-0500 | EthScheduler-Workers-0 | INFO  | PersistBlockTask | Imported empty block #2,326 / 0 tx / 0 om / 0 (0.0%) gas / (0xfcbfdbbf0ab9dee05240c9510b90989cab6045bfe43711cd64542e76c06c753b) in 0.002s. Peers: 7
2026-04-20 10:51:37.009-0500 | EthScheduler-Workers-0 | INFO  | PersistBlockTask | Imported empty block #2,327 / 0 tx / 0 om / 0 (0.0%) gas / (0x4b0940c0ff78d69e607c0544fd04c37e4078505b7110d2022fecf6676eaf1b6e) in 0.001s. Peers: 7
2026-04-20 10:51:42.014-0500 | EthScheduler-Workers-0 | INFO  | PersistBlockTask | Imported empty block #2,328 / 0 tx / 0 om / 0 (0.0%) gas / (0x2b89ebaf4fad09a6737c3489f9e6008e67499dfb045a332ca646eb7c8cae5d35) in 0.001s. Peers: 7
2026-04-20 10:51:47.011-0500 | EthScheduler-Workers-0 | INFO  | PersistBlockTask | Imported empty block #2,329 / 0 tx / 0 om / 0 (0.0%) gas / (0xf3dc516935c6f3fe017f2e77bbd0c7dd14cb27426e8026bfe517698bccae3d1c) in 0.001s. Peers: 7
2026-04-20 10:51:52.013-0500 | EthScheduler-Workers-0 | INFO  | PersistBlockTask | Imported empty block #2,330 / 0 tx / 0 om / 0 (0.0%) gas / (0x168182a881fec48c5afc18b53091bab3b230294e633477f90d7144bce009fc4a) in 0.002s. Peers: 7
2026-04-20 10:51:57.014-0500 | EthScheduler-Workers-0 | INFO  | PersistBlockTask | Imported empty block #2,331 / 0 tx / 0 om / 0 (0.0%) gas / (0xe09a14692356098aa41201dce28d561ab4d14a5791347e01771805ff54405980) in 0.003s. Peers: 7
2026-04-20 10:52:02.009-0500 | EthScheduler-Workers-0 | INFO  | PersistBlockTask | Imported empty block #2,332 / 0 tx / 0 om / 0 (0.0%) gas / (0x19095f68ea36b667a1a6abafdf33954fa75ba1cee87a9721942274716069bf15) in 0.002s. Peers: 7
2026-04-20 10:52:07.014-0500 | EthScheduler-Workers-0 | INFO  | PersistBlockTask | Imported empty block #2,333 / 0 tx / 0 om / 0 (0.0%) gas / (0x4396fd8a4f7e220bff13be3dda26d85a0b7b95552777444a712865e1eb2624ba) in 0.001s. Peers: 7
2026-04-20 10:52:12.015-0500 | EthScheduler-Workers-0 | INFO  | PersistBlockTask | Imported empty block #2,334 / 0 tx / 0 om / 0 (0.0%) gas / (0x160d915f9d0801d5bcec0dfbba2c823c55eac33eeafd59a31422defccb5f7fd1) in 0.002s. Peers: 7
2026-04-20 10:52:17.010-0500 | EthScheduler-Workers-0 | INFO  | PersistBlockTask | Imported empty block #2,335 / 0 tx / 0 om / 0 (0.0%) gas / (0x474f1fb3721a28f42910ea04e0828ae3929399a55e7019b821809485dfcb2500) in 0.001s. Peers: 7
2026-04-20 10:52:22.008-0500 | EthScheduler-Workers-0 | INFO  | PersistBlockTask | Imported empty block #2,336 / 0 tx / 0 om / 0 (0.0%) gas / (0xaf4a12eac8454eec26f642e92d13469fbd1bdb99ccc8625f42fc5a8ac5b4e609) in 0.001s. Peers: 7
2026-04-20 10:52:27.018-0500 | EthScheduler-Workers-0 | INFO  | PersistBlockTask | Imported empty block #2,337 / 0 tx / 0 om / 0 (0.0%) gas / (0xa3c1ca38618b5b7a53ca2110e031c26ff1e066dcca198d5d3e642c5e94208921) in 0.003s. Peers: 7
2026-04-20 10:52:32.011-0500 | EthScheduler-Workers-0 | INFO  | PersistBlockTask | Imported empty block #2,338 / 0 tx / 0 om / 0 (0.0%) gas / (0x51a5bfa52408f9cb33997f134a6e143101041a0ff9750698969f26d8bf79694f) in 0.002s. Peers: 7
2026-04-20 10:52:37.013-0500 | EthScheduler-Workers-0 | INFO  | PersistBlockTask | Imported empty block #2,339 / 0 tx / 0 om / 0 (0.0%) gas / (0x65e149524f623599bab20f2174f95d1688583c43126ca7e0caa56687678ab74d) in 0.001s. Peers: 7
2026-04-20 10:52:42.016-0500 | EthScheduler-Workers-0 | INFO  | PersistBlockTask | Imported empty block #2,340 / 0 tx / 0 om / 0 (0.0%) gas / (0x507ed2552e7e791c964656565814d99a77b009ce7647f8b24b021cd43db8346b) in 0.003s. Peers: 7
2026-04-20 10:52:47.012-0500 | EthScheduler-Workers-0 | INFO  | PersistBlockTask | Imported empty block #2,341 / 0 tx / 0 om / 0 (0.0%) gas / (0xe055bffba7412ffb7cfcb92857b415a4e12eabee323861e26be58d7a0af2d8c7) in 0.002s. Peers: 7
2026-04-20 10:52:52.013-0500 | EthScheduler-Workers-0 | INFO  | PersistBlockTask | Imported empty block #2,342 / 0 tx / 0 om / 0 (0.0%) gas / (0xecdff67258421bb862dee162bd439f7401bf3181cc3541ae245ce62495e0aa21) in 0.001s. Peers: 7
2026-04-20 10:52:57.012-0500 | EthScheduler-Workers-0 | INFO  | PersistBlockTask | Imported empty block #2,343 / 0 tx / 0 om / 0 (0.0%) gas / (0x62d6627eb17497b5c72ba1f71928f9c1ca0b17c25366dcb5ef32fb300f81e564) in 0.002s. Peers: 7
2026-04-20 10:53:02.012-0500 | EthScheduler-Workers-0 | INFO  | PersistBlockTask | Imported empty block #2,344 / 0 tx / 0 om / 0 (0.0%) gas / (0xca49c8d862cf82b9e1f135b73935bb78a2ce2a728afa38d380de849655cc41d4) in 0.002s. Peers: 7
2026-04-20 10:53:07.009-0500 | EthScheduler-Workers-0 | INFO  | PersistBlockTask | Imported empty block #2,345 / 0 tx / 0 om / 0 (0.0%) gas / (0x6be46893226133b382a8f74a8cc91e21d59efe82d05568b5f517532ca64d90a3) in 0.001s. Peers: 7
2026-04-20 10:53:12.010-0500 | EthScheduler-Workers-0 | INFO  | PersistBlockTask | Imported empty block #2,346 / 0 tx / 0 om / 0 (0.0%) gas / (0x339d4927ba46c07611aabc34d6258079fe964fd4480e3ec2d9c1ac965fd7ac70) in 0.002s. Peers: 7
2026-04-20 10:53:17.011-0500 | EthScheduler-Workers-0 | INFO  | PersistBlockTask | Imported empty block #2,347 / 0 tx / 0 om / 0 (0.0%) gas / (0xfbb64f6226d9ccb8ecd0eb0736e8429622cf02b05363b7a0856195a875ff78da) in 0.002s. Peers: 7
2026-04-20 10:53:22.014-0500 | EthScheduler-Workers-0 | INFO  | PersistBlockTask | Imported empty block #2,348 / 0 tx / 0 om / 0 (0.0%) gas / (0xdfca3f7f2332d3d30975843f0b7a200c88d4500f762657a898a1c30009831e62) in 0.003s. Peers: 7
2026-04-20 10:53:27.012-0500 | EthScheduler-Workers-0 | INFO  | PersistBlockTask | Imported empty block #2,349 / 0 tx / 0 om / 0 (0.0%) gas / (0x8eebf820f592a303d048c4b776f1bcb7dea9eebc483a7cd7143a6104adcb36e9) in 0.001s. Peers: 7
2026-04-20 10:53:32.011-0500 | EthScheduler-Workers-0 | INFO  | PersistBlockTask | Imported empty block #2,350 / 0 tx / 0 om / 0 (0.0%) gas / (0xbf7df94025e0ed80f943e20c77e3e0e969c90700856880cbef3df3f4737e65e9) in 0.003s. Peers: 7
2026-04-20 10:53:37.009-0500 | EthScheduler-Workers-0 | INFO  | PersistBlockTask | Imported empty block #2,351 / 0 tx / 0 om / 0 (0.0%) gas / (0x12724fd8b3456915b4effdaa7dd4e4a648802a7f5a1053647def7cd66a753955) in 0.001s. Peers: 7
2026-04-20 10:53:42.009-0500 | EthScheduler-Workers-0 | INFO  | PersistBlockTask | Imported empty block #2,352 / 0 tx / 0 om / 0 (0.0%) gas / (0x59d425b682c4acd12b17ff33a5babb8ba896ba845aa26b5de33101c7bc1ea10f) in 0.002s. Peers: 7
2026-04-20 10:53:47.012-0500 | EthScheduler-Workers-0 | INFO  | PersistBlockTask | Imported empty block #2,353 / 0 tx / 0 om / 0 (0.0%) gas / (0xb6e00c8479fdb0500b08fa409c55f9815802530c3dba4200f9653cf63f84edf1) in 0.001s. Peers: 7
2026-04-20 10:53:52.008-0500 | EthScheduler-Workers-0 | INFO  | PersistBlockTask | Imported empty block #2,354 / 0 tx / 0 om / 0 (0.0%) gas / (0x832a659d7aaaf8cf4870b80b1b029d8a97d4a3d84e791c0fafeafe4062f578d3) in 0.002s. Peers: 7
2026-04-20 10:53:57.024-0500 | EthScheduler-Workers-0 | INFO  | PersistBlockTask | Imported empty block #2,355 / 0 tx / 0 om / 0 (0.0%) gas / (0x43276145ae8e33839bc397358ee66c755c3284f062220739d53e29c67f16abf4) in 0.003s. Peers: 7
2026-04-20 10:54:02.022-0500 | EthScheduler-Workers-0 | INFO  | PersistBlockTask | Imported empty block #2,356 / 0 tx / 0 om / 0 (0.0%) gas / (0x3ef877e101d2e349ecdf973577cabac048b770362a3d33bca9960c9bc1eab45b) in 0.002s. Peers: 7
2026-04-20 10:54:07.010-0500 | EthScheduler-Workers-0 | INFO  | PersistBlockTask | Imported empty block #2,357 / 0 tx / 0 om / 0 (0.0%) gas / (0xfc0c67f51fdf63614aa2653dbcccf7883d5016988f5f48cda7277479a358358f) in 0.001s. Peers: 7
2026-04-20 10:54:12.009-0500 | EthScheduler-Workers-0 | INFO  | PersistBlockTask | Imported empty block #2,358 / 0 tx / 0 om / 0 (0.0%) gas / (0x8f80257c87981cc7b998b9e7f20b735ac9863dd97c70bb68aabd55934d955596) in 0.001s. Peers: 7
2026-04-20 10:54:17.012-0500 | EthScheduler-Workers-0 | INFO  | PersistBlockTask | Imported empty block #2,359 / 0 tx / 0 om / 0 (0.0%) gas / (0x961c1ac9b030172b341e0d6d7637248a080961c940dcb2883b1b19b587ecca89) in 0.001s. Peers: 7
2026-04-20 10:54:22.012-0500 | EthScheduler-Workers-0 | INFO  | PersistBlockTask | Imported empty block #2,360 / 0 tx / 0 om / 0 (0.0%) gas / (0x8d31d7c1c80821ba4b7e1c51611265459111a82bba3daf870d026edd1f30d6ec) in 0.002s. Peers: 7
2026-04-20 10:54:27.012-0500 | EthScheduler-Workers-0 | INFO  | PersistBlockTask | Imported empty block #2,361 / 0 tx / 0 om / 0 (0.0%) gas / (0x130fd851cc72ae23e7824b09e9a7d9e788b2a019532b4e511802553a67235518) in 0.001s. Peers: 7
2026-04-20 10:54:32.016-0500 | EthScheduler-Workers-0 | INFO  | PersistBlockTask | Imported empty block #2,362 / 0 tx / 0 om / 0 (0.0%) gas / (0x04d63055bbd5ef52d21e0af9bbb3750af192c3bba3677e77147d656eda9a7ad4) in 0.002s. Peers: 7
2026-04-20 10:54:37.007-0500 | EthScheduler-Workers-0 | INFO  | PersistBlockTask | Imported empty block #2,363 / 0 tx / 0 om / 0 (0.0%) gas / (0x4273b55add692ff97e2ef753e656a3016bae2b9250a6a1ca006fef1386b39882) in 0.001s. Peers: 7
2026-04-20 10:54:42.009-0500 | EthScheduler-Workers-0 | INFO  | PersistBlockTask | Imported empty block #2,364 / 0 tx / 0 om / 0 (0.0%) gas / (0x1b20a404a704ec9cee40c792b06129ab589a603047441ee3838c0783675d1767) in 0.001s. Peers: 7
2026-04-20 10:54:47.009-0500 | EthScheduler-Workers-0 | INFO  | PersistBlockTask | Imported empty block #2,365 / 0 tx / 0 om / 0 (0.0%) gas / (0xc25627c6ba7a4b5dd0181efa108f68e1ce94539fc39e828ea0fc35256a6ed51d) in 0.002s. Peers: 7
2026-04-20 10:54:52.016-0500 | EthScheduler-Workers-0 | INFO  | PersistBlockTask | Imported empty block #2,366 / 0 tx / 0 om / 0 (0.0%) gas / (0xc1a2f9c9d362f7f337f39d70f18f6d244e4cc2d7884ebd97830e6c431705bb8e) in 0.003s. Peers: 7
2026-04-20 10:54:57.009-0500 | EthScheduler-Workers-0 | INFO  | PersistBlockTask | Imported empty block #2,367 / 0 tx / 0 om / 0 (0.0%) gas / (0xeb89509e85f4d96edeac4044a15df0525416e7d6aa6404ccfe7d7df1c1e293a7) in 0.002s. Peers: 7
2026-04-20 10:55:02.011-0500 | EthScheduler-Workers-0 | INFO  | PersistBlockTask | Imported empty block #2,368 / 0 tx / 0 om / 0 (0.0%) gas / (0x6cc7183da1538938ac73b82b3d2d61f4040cc8c2b9a62f5358dac176223050cb) in 0.002s. Peers: 7
2026-04-20 10:55:07.009-0500 | EthScheduler-Workers-0 | INFO  | PersistBlockTask | Imported empty block #2,369 / 0 tx / 0 om / 0 (0.0%) gas / (0xaf3e479038c3201d408bfac29f764c8009371d53bd89ad7ee09af629dc60422f) in 0.001s. Peers: 7
2026-04-20 10:55:12.010-0500 | EthScheduler-Workers-0 | INFO  | PersistBlockTask | Imported empty block #2,370 / 0 tx / 0 om / 0 (0.0%) gas / (0x48441ad610ef521e2f77c32b9ceafb3044eb19f656af5c87184a51108b7a644c) in 0.002s. Peers: 7
2026-04-20 10:55:17.009-0500 | EthScheduler-Workers-0 | INFO  | PersistBlockTask | Imported empty block #2,371 / 0 tx / 0 om / 0 (0.0%) gas / (0x69a4017a2f215831f50e1acbd276e825226a2ca22b490c1d8f6dba0448554101) in 0.001s. Peers: 7
2026-04-20 10:55:22.008-0500 | EthScheduler-Workers-0 | INFO  | PersistBlockTask | Imported empty block #2,372 / 0 tx / 0 om / 0 (0.0%) gas / (0xecc26619ee469b113f0555b0e59aa1869747518c9deeabfcac0778f6d26c3019) in 0.002s. Peers: 7
2026-04-20 10:55:27.013-0500 | EthScheduler-Workers-0 | INFO  | PersistBlockTask | Imported empty block #2,373 / 0 tx / 0 om / 0 (0.0%) gas / (0x1119cc307759948fa16bcbcdba6ac9d46975b56576facd185c9fa3a71a1ea7e6) in 0.002s. Peers: 7
2026-04-20 10:55:32.013-0500 | EthScheduler-Workers-0 | INFO  | PersistBlockTask | Imported empty block #2,374 / 0 tx / 0 om / 0 (0.0%) gas / (0x662dfd03c5e73791c0c683ae401381ba0fdca5be64bb5c6b76c73b6bd75fcced) in 0.001s. Peers: 7
2026-04-20 10:55:37.012-0500 | EthScheduler-Workers-0 | INFO  | PersistBlockTask | Imported empty block #2,375 / 0 tx / 0 om / 0 (0.0%) gas / (0xb2aecdc412e6d1ebe4eea62e4b74acbb6b0b7769718ebf1750fae77ebbed7762) in 0.002s. Peers: 7
2026-04-20 10:55:42.007-0500 | EthScheduler-Workers-0 | INFO  | PersistBlockTask | Imported empty block #2,376 / 0 tx / 0 om / 0 (0.0%) gas / (0xac9b8ac6d625ddce7c3703c17e2c836a44e8deb646457e681b381eca6fad43c8) in 0.001s. Peers: 7
2026-04-20 10:55:47.010-0500 | EthScheduler-Workers-0 | INFO  | PersistBlockTask | Imported empty block #2,377 / 0 tx / 0 om / 0 (0.0%) gas / (0xa557f081a23df353802c898cc3a313778202d3a710211c31ec0455b9ffb50677) in 0.002s. Peers: 7
2026-04-20 10:55:52.011-0500 | EthScheduler-Workers-0 | INFO  | PersistBlockTask | Imported empty block #2,378 / 0 tx / 0 om / 0 (0.0%) gas / (0x266afa60066e4f80ff442a70573d92e440d912cc1993e736d95991c0c0c025b5) in 0.002s. Peers: 7
2026-04-20 10:55:57.009-0500 | EthScheduler-Workers-0 | INFO  | PersistBlockTask | Imported empty block #2,379 / 0 tx / 0 om / 0 (0.0%) gas / (0xd504570cef4367734e07827d81ee1e8a6abac360a491610a801839ed9a898fb7) in 0.002s. Peers: 7
2026-04-20 10:56:02.012-0500 | EthScheduler-Workers-0 | INFO  | PersistBlockTask | Imported empty block #2,380 / 0 tx / 0 om / 0 (0.0%) gas / (0x649bf09376fdad8a39e5ab4a7a96c2a14274f0eeec206a51f3cc7a154db4a6b1) in 0.001s. Peers: 7
2026-04-20 10:56:07.008-0500 | EthScheduler-Workers-0 | INFO  | PersistBlockTask | Imported empty block #2,381 / 0 tx / 0 om / 0 (0.0%) gas / (0x3bb6e9f930271766007c34930871a271a7085b7c16144dc346245ce042ecc806) in 0.002s. Peers: 7
2026-04-20 10:56:12.012-0500 | EthScheduler-Workers-0 | INFO  | PersistBlockTask | Imported empty block #2,382 / 0 tx / 0 om / 0 (0.0%) gas / (0xfd500ff50c7d25aa7c4fcc80e0caf63c0a62b4ca5431d027eae59c23823cd47c) in 0.002s. Peers: 7
2026-04-20 10:56:17.008-0500 | EthScheduler-Workers-0 | INFO  | PersistBlockTask | Imported empty block #2,383 / 0 tx / 0 om / 0 (0.0%) gas / (0x1985b5384e80786a52988c7f37b7169750adec70e4118b7970cf4bbaa75c9924) in 0.002s. Peers: 7
2026-04-20 10:56:22.008-0500 | EthScheduler-Workers-0 | INFO  | PersistBlockTask | Imported empty block #2,384 / 0 tx / 0 om / 0 (0.0%) gas / (0x2a2be8bea8c5d28350cda919002b26b7e0a897560f06f94a2fc264f27d1f1bd7) in 0.001s. Peers: 7
2026-04-20 10:56:27.038-0500 | EthScheduler-Workers-0 | INFO  | PersistBlockTask | Imported empty block #2,385 / 0 tx / 0 om / 0 (0.0%) gas / (0xbcdb57f1f2ca0520f183e7be3d5c31b399ca9f36efeb9bfb708f9bca0604b9b6) in 0.005s. Peers: 7
2026-04-20 10:56:32.009-0500 | EthScheduler-Workers-0 | INFO  | PersistBlockTask | Imported empty block #2,386 / 0 tx / 0 om / 0 (0.0%) gas / (0xed9a3f8b9ae022cb145c1845e0c5e6698624813cb13227882f27e3d1235c1e96) in 0.002s. Peers: 7
2026-04-20 10:56:37.008-0500 | EthScheduler-Workers-0 | INFO  | PersistBlockTask | Imported empty block #2,387 / 0 tx / 0 om / 0 (0.0%) gas / (0x06d102edbf1b071d6fffdd0b4dd2f946afe56fba7ee4694c56c23f2fb41be93f) in 0.001s. Peers: 7
2026-04-20 10:56:42.017-0500 | EthScheduler-Workers-0 | INFO  | PersistBlockTask | Imported empty block #2,388 / 0 tx / 0 om / 0 (0.0%) gas / (0xb6aa91bcd0278d9b2865e91bfe6665b2dae417f441a5c7f9aa1c59ec08b590b3) in 0.002s. Peers: 7
2026-04-20 10:56:47.010-0500 | EthScheduler-Workers-0 | INFO  | PersistBlockTask | Imported empty block #2,389 / 0 tx / 0 om / 0 (0.0%) gas / (0x95b605b988d6f2e29307bbfdd476c816fbc9de65de9c6924079ef8ebb439763c) in 0.001s. Peers: 7
2026-04-20 10:56:52.009-0500 | EthScheduler-Workers-0 | INFO  | PersistBlockTask | Imported empty block #2,390 / 0 tx / 0 om / 0 (0.0%) gas / (0x0dfb948dd8143538e21bb725634557c54fe949a3dc99ed4d70d2f427a59ec6a7) in 0.002s. Peers: 7
2026-04-20 10:56:57.009-0500 | EthScheduler-Workers-0 | INFO  | PersistBlockTask | Imported empty block #2,391 / 0 tx / 0 om / 0 (0.0%) gas / (0xab81bac40a6e7b69833a9a0a2c0aad9c8a70799f5aa87f35654a7c16668949e1) in 0.002s. Peers: 7
2026-04-20 10:57:02.009-0500 | EthScheduler-Workers-0 | INFO  | PersistBlockTask | Imported empty block #2,392 / 0 tx / 0 om / 0 (0.0%) gas / (0x959fb62291235d144e8ed6c1ef08582bdf0dfd1be740c4498afeb4bf5d36afe1) in 0.003s. Peers: 7
2026-04-20 10:57:07.013-0500 | EthScheduler-Workers-0 | INFO  | PersistBlockTask | Imported empty block #2,393 / 0 tx / 0 om / 0 (0.0%) gas / (0x3932688c148a9a3f3b31c86c9e4093f04a89b1190de69c4ff5f190fe2d989826) in 0.002s. Peers: 7
2026-04-20 10:57:12.008-0500 | EthScheduler-Workers-0 | INFO  | PersistBlockTask | Imported empty block #2,394 / 0 tx / 0 om / 0 (0.0%) gas / (0x7d948120b81a536e64e6bf81cd81cbe1571abac331154b705b4d6da93f25da2b) in 0.001s. Peers: 7
2026-04-20 10:57:17.011-0500 | EthScheduler-Workers-0 | INFO  | PersistBlockTask | Imported empty block #2,395 / 0 tx / 0 om / 0 (0.0%) gas / (0xddd6725e1923139191f18f8ca0edade7de7f05ecadd9430128fe1ff76bdcc96a) in 0.002s. Peers: 7
2026-04-20 10:57:22.011-0500 | EthScheduler-Workers-0 | INFO  | PersistBlockTask | Imported empty block #2,396 / 0 tx / 0 om / 0 (0.0%) gas / (0x3b894a2b0b01d92490a21bdd91c7b4e736c6ca8e83e4c777d93fb8c57464cd7f) in 0.002s. Peers: 7
2026-04-20 10:57:27.009-0500 | EthScheduler-Workers-0 | INFO  | PersistBlockTask | Imported empty block #2,397 / 0 tx / 0 om / 0 (0.0%) gas / (0x8cdff2b02c0dbd18b4c508d1fa28e77dfe5543e72a2bfd190bba2a624226873a) in 0.001s. Peers: 7
2026-04-20 10:57:32.010-0500 | EthScheduler-Workers-0 | INFO  | PersistBlockTask | Imported empty block #2,398 / 0 tx / 0 om / 0 (0.0%) gas / (0x64aeff605321594e222a3225528da583550f0a531a936e5c48cf288c84618085) in 0.001s. Peers: 7
2026-04-20 10:57:37.011-0500 | EthScheduler-Workers-0 | INFO  | PersistBlockTask | Imported empty block #2,399 / 0 tx / 0 om / 0 (0.0%) gas / (0x7919b1a6f249829f0bd732b458876a602af93e0eaba72971bba48b16c4537668) in 0.003s. Peers: 7
2026-04-20 10:57:42.009-0500 | EthScheduler-Workers-0 | INFO  | PersistBlockTask | Imported empty block #2,400 / 0 tx / 0 om / 0 (0.0%) gas / (0x1a2bba54cc85c44654a03b25155829d351dff596a5c8e2a1d40e336907cb4fb7) in 0.002s. Peers: 7
2026-04-20 10:57:47.011-0500 | EthScheduler-Workers-0 | INFO  | PersistBlockTask | Imported empty block #2,401 / 0 tx / 0 om / 0 (0.0%) gas / (0x24d3a522edeeacc195977140c43c584473e6d7300eaee30256edc0947fe609bf) in 0.001s. Peers: 7
2026-04-20 10:57:52.010-0500 | EthScheduler-Workers-0 | INFO  | PersistBlockTask | Imported empty block #2,402 / 0 tx / 0 om / 0 (0.0%) gas / (0x3d6168890444a8052b1087fcdc0abd2cbbe68c6d51b2bf26f02e710a8cea689d) in 0.001s. Peers: 7
2026-04-20 10:57:57.007-0500 | EthScheduler-Workers-0 | INFO  | PersistBlockTask | Imported empty block #2,403 / 0 tx / 0 om / 0 (0.0%) gas / (0x96ae63ccc34b4d32bd93b87a1b130e232f7a53639f4d15b1dd13d954c223dd96) in 0.001s. Peers: 7
2026-04-20 10:58:02.012-0500 | EthScheduler-Workers-0 | INFO  | PersistBlockTask | Imported empty block #2,404 / 0 tx / 0 om / 0 (0.0%) gas / (0xb42783da791e06f1f003f7731ff4c679b35d5ee3c2c213c84c2960ab80fe5e93) in 0.004s. Peers: 7
2026-04-20 10:58:07.010-0500 | EthScheduler-Workers-0 | INFO  | PersistBlockTask | Imported empty block #2,405 / 0 tx / 0 om / 0 (0.0%) gas / (0x0fdb5d3ba8e1c4feeefc2d47fbba78bf5aeca08185e8bc05e293cce101bfaf91) in 0.002s. Peers: 7
2026-04-20 10:58:12.009-0500 | EthScheduler-Workers-0 | INFO  | PersistBlockTask | Imported empty block #2,406 / 0 tx / 0 om / 0 (0.0%) gas / (0xa4f8bcbcfe57a8fb1a191ea936522facaa47e4bc90142ae47b3324b8504dd1a2) in 0.002s. Peers: 7
2026-04-20 10:58:17.007-0500 | EthScheduler-Workers-0 | INFO  | PersistBlockTask | Imported empty block #2,407 / 0 tx / 0 om / 0 (0.0%) gas / (0xa7b9c7976dca2484e94bb8e752f1a5c4c8916f099eb01169ac1bca5823548acd) in 0.002s. Peers: 7
2026-04-20 10:58:22.008-0500 | EthScheduler-Workers-0 | INFO  | PersistBlockTask | Imported empty block #2,408 / 0 tx / 0 om / 0 (0.0%) gas / (0x4a99a401e6cd48ae1a5cde4ee15ca80f72189de3357acf0dba63ce445f7396d9) in 0.002s. Peers: 7
2026-04-20 10:58:27.010-0500 | EthScheduler-Workers-0 | INFO  | PersistBlockTask | Imported empty block #2,409 / 0 tx / 0 om / 0 (0.0%) gas / (0x99fc88d985e439786ab0dbc5d13b168eee0b397b9693c805222d448015442493) in 0.001s. Peers: 7
2026-04-20 10:58:32.015-0500 | EthScheduler-Workers-0 | INFO  | PersistBlockTask | Imported empty block #2,410 / 0 tx / 0 om / 0 (0.0%) gas / (0x716b0a7eeba1fa76b5703ec7ba6bff361305c08aced22c4a1b70091456c006de) in 0.001s. Peers: 7
2026-04-20 10:58:37.010-0500 | EthScheduler-Workers-0 | INFO  | PersistBlockTask | Imported empty block #2,411 / 0 tx / 0 om / 0 (0.0%) gas / (0x52feac6fad6461eaef57df043c8d272493f25f6002bbca8c015a6f0c3dcd553c) in 0.002s. Peers: 7
2026-04-20 10:58:42.008-0500 | EthScheduler-Workers-0 | INFO  | PersistBlockTask | Imported empty block #2,412 / 0 tx / 0 om / 0 (0.0%) gas / (0xf784f5f1e459aa096987ba9313397f3cd4adadc5e9b7062bafe667611152b18f) in 0.001s. Peers: 7
2026-04-20 10:58:47.008-0500 | EthScheduler-Workers-0 | INFO  | PersistBlockTask | Imported empty block #2,413 / 0 tx / 0 om / 0 (0.0%) gas / (0x127f460577b98c8b9c5e4e732f7489ec2cbbf4b4fa6a4d778aed429e51be62e3) in 0.002s. Peers: 7
2026-04-20 10:58:52.010-0500 | EthScheduler-Workers-0 | INFO  | PersistBlockTask | Imported empty block #2,414 / 0 tx / 0 om / 0 (0.0%) gas / (0xf7c8cc6726536f7ee458142266ee51b9872d87284de540615aec20d89a8fd161) in 0.001s. Peers: 7
2026-04-20 10:58:57.008-0500 | EthScheduler-Workers-0 | INFO  | PersistBlockTask | Imported empty block #2,415 / 0 tx / 0 om / 0 (0.0%) gas / (0xe61c838cdbd4765ae1b00c2b8483b13a364a015df9a0c4d6841f66e64ed65b4a) in 0.002s. Peers: 7
2026-04-20 10:59:02.010-0500 | EthScheduler-Workers-0 | INFO  | PersistBlockTask | Imported empty block #2,416 / 0 tx / 0 om / 0 (0.0%) gas / (0xfbe7a79e49205a570a8cda9c237e748e33af0a482a8bcba70dfc307f9280e693) in 0.003s. Peers: 7
2026-04-20 10:59:07.008-0500 | EthScheduler-Workers-0 | INFO  | PersistBlockTask | Imported empty block #2,417 / 0 tx / 0 om / 0 (0.0%) gas / (0x53062787a36f14ed34ef6c28580683d08e90c539dc8a660c364ed7b92029c448) in 0.001s. Peers: 7
2026-04-20 10:59:12.016-0500 | EthScheduler-Workers-0 | INFO  | PersistBlockTask | Imported empty block #2,418 / 0 tx / 0 om / 0 (0.0%) gas / (0x73504555cf503d62caa57d338e5a6135cf10178939995cbed9535dcd72999aed) in 0.002s. Peers: 7
2026-04-20 10:59:17.009-0500 | EthScheduler-Workers-0 | INFO  | PersistBlockTask | Imported empty block #2,419 / 0 tx / 0 om / 0 (0.0%) gas / (0x5d27d6dcdb8942b06c0d3682208cc890eeec3c352b20f8fd3cee1e9823332525) in 0.001s. Peers: 7
2026-04-20 10:59:22.013-0500 | EthScheduler-Workers-0 | INFO  | PersistBlockTask | Imported empty block #2,420 / 0 tx / 0 om / 0 (0.0%) gas / (0xf2558448f420446b524259c6bb5d27c4b4d1c5cbc8a2937851ecbfbe59d13b8b) in 0.002s. Peers: 7
2026-04-20 10:59:27.015-0500 | EthScheduler-Workers-0 | INFO  | PersistBlockTask | Imported empty block #2,421 / 0 tx / 0 om / 0 (0.0%) gas / (0x14d62ef34d16f27596b1447dc7a3639ddd42557f6d2f4979b3aeb675bd380ad5) in 0.002s. Peers: 7
2026-04-20 10:59:32.013-0500 | EthScheduler-Workers-0 | INFO  | PersistBlockTask | Imported empty block #2,422 / 0 tx / 0 om / 0 (0.0%) gas / (0x3eebc738c15b81b39376c50f8a3039c3fe6a3f8090c97a09e09652d58bb8ada3) in 0.001s. Peers: 7
