Setting logging level to INFO
2026-04-01 09:18:17.917-0500 | main | INFO  | Besu | Starting Besu
2026-04-01 09:18:18.278-0500 | main | INFO  | Besu | RPC HTTP JSON-RPC config: JsonRpcConfiguration{enabled=false, port=8545, host=127.0.0.1, corsAllowedDomains=[], hostsAllowlist=[localhost, 127.0.0.1], rpcApis=[ETH, NET, WEB3], authenticationEnabled=false, authenticationCredentialsFile=null, authenticationPublicKeyFile=null, tlsConfiguration=Optional.empty, httpTimeoutSec=30, maxActiveConnections=80, maxBatchSize=1024}
2026-04-01 09:18:18.281-0500 | main | WARN  | Besu | Forcing --bonsai-limit-trie-logs-enabled=false, since it cannot be enabled with --sync-mode=FULL and --data-storage-format=BONSAI.
2026-04-01 09:18:18.281-0500 | main | INFO  | Besu | Connecting to 0 static nodes.
2026-04-01 09:18:18.296-0500 | main | WARN  | Besu | Forcing price bump for transaction replacement to 0, since min-gas-price is set to 0
2026-04-01 09:18:18.297-0500 | main | WARN  | Besu | Forcing tx-pool-min-gas-price=0, since it cannot be greater than the value of min-gas-price
2026-04-01 09:18:18.311-0500 | main | INFO  | Besu | jemalloc library not found, memory usage may be reduced by installing it
2026-04-01 09:18:18.395-0500 | main | INFO  | Besu | 
####################################################################################################
#                                                                                                  #
# Besu version 25.11.0                                                                             #
#                                                                                                  #
# Configuration:                                                                                   #
# Network: Custom genesis file                                                                     #
# /home/unified/server-UGO-besu/Nodes/Node-FCI-Boot/../../genesis.json                             #
# Network Id: 12345                                                                                #
# Profile: ENTERPRISE                                                                              #
# Data storage: Bonsai                                                                             #
# Sync mode: Full                                                                                  #
# Sync min peers: 5                                                                                #
# Using LAYERED transaction pool implementation                                                    #
# Using STACKED worldstate update mode                                                             #
# Opcode optimizations enabled                                                                     #
# Parallel transaction processing enabled                                                          #
# Target Gas Limit: 60M                                                                            #
#                                                                                                  #
# Host:                                                                                            #
# Java: openjdk-java-21                                                                            #
# Maximum heap size: 3.88 GB                                                                       #
# OS: linux-x86_64                                                                                 #
# glibc: 2.39                                                                                      #
# Total memory: 15.49 GB                                                                           #
# CPU cores: 24                                                                                    #
#                                                                                                  #
# Plugin Registration Summary:                                                                     #
# No plugins have been registered.                                                                 #
# TOTAL = 0 of 0 plugins successfully registered.                                                  #
#                                                                                                  #
####################################################################################################
2026-04-01 09:18:18.396-0500 | main | INFO  | Besu | Security Module: localfile
2026-04-01 09:18:18.398-0500 | main | INFO  | VersionMetadata | Lookup version metadata file in data directory: /home/unified/server-UGO-besu/Nodes/Node-FCI-Boot/data
2026-04-01 09:18:18.429-0500 | main | INFO  | VersionMetadata | Existing version data detected. Besu version 25.11.0
2026-04-01 09:18:18.454-0500 | main | INFO  | Besu | Using the native implementation of alt bn128
2026-04-01 09:18:18.455-0500 | main | INFO  | Besu | Using the Java implementation of modexp
2026-04-01 09:18:18.455-0500 | main | INFO  | Besu | Using the native implementation of the signature algorithm
2026-04-01 09:18:18.457-0500 | main | INFO  | Besu | Using the native implementation of the blake2bf algorithm
2026-04-01 09:18:18.577-0500 | main | INFO  | Besu | Using the native BoringSSL implementation of p256verify
2026-04-01 09:18:18.664-0500 | main | WARN  | Besu | Forcing price bump for transaction replacement to 0, since min-gas-price is set to 0
2026-04-01 09:18:18.664-0500 | main | WARN  | Besu | Forcing tx-pool-min-gas-price=0, since it cannot be greater than the value of min-gas-price
2026-04-01 09:18:18.667-0500 | main | INFO  | KeyPairUtil | Attempting to load public key from /home/unified/server-UGO-besu/Nodes/Node-FCI-Boot/data/key
2026-04-01 09:18:18.690-0500 | main | INFO  | KeyPairUtil | Loaded public key 0x002023b67fccce9110e31238050dc1403624656c13da18331023d22277d0a319cbe1ea67b101317659b43b117998188439834f519776993f9d58499c02eedb17 from /home/unified/server-UGO-besu/Nodes/Node-FCI-Boot/data/key
2026-04-01 09:18:18.804-0500 | main | INFO  | ProtocolScheduleBuilder | Protocol schedule created with milestones: [Berlin:0]
2026-04-01 09:18:18.805-0500 | main | INFO  | DatabaseMetadata | Lookup database metadata file in data directory: /home/unified/server-UGO-besu/Nodes/Node-FCI-Boot/data
2026-04-01 09:18:18.824-0500 | main | INFO  | RocksDBKeyValueStorageFactory | Existing database at /home/unified/server-UGO-besu/Nodes/Node-FCI-Boot/data. Metadata versionedStorageFormat=BaseVersionedStorageFormat{format=BONSAI, version=3}. Processing WAL...
2026-04-01 09:18:19.059-0500 | main | INFO  | FlatDbStrategyProvider | Flat db mode found FULL
2026-04-01 09:18:19.065-0500 | main | INFO  | FlatDbStrategyProvider | DB mode with code stored using code hash enabled = true
2026-04-01 09:18:19.078-0500 | main | INFO  | FlatDbStrategyProvider | Flat db mode found FULL
2026-04-01 09:18:19.079-0500 | main | INFO  | FlatDbStrategyProvider | DB mode with code stored using code hash enabled = true
2026-04-01 09:18:19.166-0500 | main | INFO  | TransactionPoolFactory | Enabling transaction pool
2026-04-01 09:18:19.178-0500 | main | INFO  | BesuControllerBuilder | QBFT is configured, creating initial sync for BFT
2026-04-01 09:18:19.179-0500 | main | INFO  | BFTPivotSelectorFromPeers | Creating pivot block selector for BFT node
2026-04-01 09:18:19.211-0500 | main | INFO  | RunnerBuilder | Resolved 0 bootnodes.
2026-04-01 09:18:19.217-0500 | main | INFO  | RunnerBuilder | Detecting NAT service.
2026-04-01 09:18:19.279-0500 | main | INFO  | Runner | Starting external services ... 
2026-04-01 09:18:19.280-0500 | main | INFO  | MetricsHttpService | Starting metrics http service on 0.0.0.0:9545
2026-04-01 09:18:19.300-0500 | main | INFO  | AutoTransactionLogBloomCachingService | Starting auto transaction log bloom caching service.
2026-04-01 09:18:19.300-0500 | main | INFO  | LogBloomCacheMetadata | Lookup cache metadata file in data directory: /home/unified/server-UGO-besu/Nodes/Node-FCI-Boot/data/caches
2026-04-01 09:18:19.307-0500 | main | INFO  | Runner | Starting Ethereum main loop ... 
2026-04-01 09:18:19.307-0500 | main | INFO  | NatService | No NAT environment detected so no service could be started
2026-04-01 09:18:19.308-0500 | main | INFO  | NetworkRunner | Starting Network.
2026-04-01 09:18:19.359-0500 | nioEventLoopGroup-2-1 | INFO  | RlpxAgent | P2P RLPx agent started and listening on /[0:0:0:0:0:0:0:0]:30303.
2026-04-01 09:18:19.359-0500 | main | INFO  | PeerDiscoveryAgent | Starting peer discovery agent on host=0.0.0.0, port=30303. IPv6 available.
2026-04-01 09:18:19.370-0500 | vert.x-eventloop-thread-1 | INFO  | VertxPeerDiscoveryAgent | Started peer discovery agent successfully, on effective host=0:0:0:0:0:0:0:0 and port=30303
2026-04-01 09:18:19.371-0500 | vert.x-eventloop-thread-1 | INFO  | PeerDiscoveryAgent | P2P peer discovery agent started and listening on /[0:0:0:0:0:0:0:0]:30303
2026-04-01 09:18:19.392-0500 | vert.x-eventloop-thread-1 | INFO  | PeerDiscoveryAgent | Writing node record to disk. NodeRecord{seq=5, publicKey=0x03002023b67fccce9110e31238050dc1403624656c13da18331023d22277d0a319, udpAddress=Optional[/0.0.0.0:30303], tcpAddress=Optional[/0.0.0.0:30303], udp6Address=Optional.empty, tcp6Address=Optional.empty, asBase64=-Je4QNN4eD3-sKsEHyCck7MAhQeMzEuFy6bmTe6Dzrmzv1ENFzyO7AZn5HXfJHgzD4PWjnMzgwR4s0E-OfOIIAiq2bQFg2V0aMfGhHgXe9aAgmlkgnY0gmlwhAAAAACJc2VjcDI1NmsxoQMAICO2f8zOkRDjEjgFDcFANiRlbBPaGDMQI9Iid9CjGYN0Y3CCdl-DdWRwgnZf, nodeId=0x37c5c205f31f70372ccc014408b574a7b91f722f312e8d8966cb90e65a9b3a57, customFields={tcp=30303, udp=30303, eth=[[0x78177bd6, 0x]], id=V4, ip=0x00000000, secp256k1=0x03002023b67fccce9110e31238050dc1403624656c13da18331023d22277d0a319}}
2026-04-01 09:18:19.398-0500 | main | INFO  | DefaultP2PNetwork | Enode URL enode://002023b67fccce9110e31238050dc1403624656c13da18331023d22277d0a319cbe1ea67b101317659b43b117998188439834f519776993f9d58499c02eedb17@0.0.0.0:30303
2026-04-01 09:18:19.398-0500 | main | INFO  | DefaultP2PNetwork | Node address 0x08b574a7b91f722f312e8d8966cb90e65a9b3a57
2026-04-01 09:18:19.402-0500 | main | INFO  | NetworkRunner | Supported capabilities: [eth/68, eth/69], [istanbul/100], [snap/1]
2026-04-01 09:18:19.402-0500 | main | INFO  | DefaultSynchronizer | Starting synchronizer.
2026-04-01 09:18:19.404-0500 | main | INFO  | TransactionPoolFactory | Enabling transaction handling following initial sync
2026-04-01 09:18:19.404-0500 | main | INFO  | BftMiningCoordinator | Starting BFT mining coordinator following initial sync
2026-04-01 09:18:19.839-0500 | main | INFO  | FullSyncDownloader | Starting full sync.
2026-04-01 09:18:19.840-0500 | main | INFO  | FullSyncTargetManager | Unable to find sync target. Waiting for 5 peers minimum. Currently checking 0 peers for usefulness
2026-04-01 09:18:19.842-0500 | main | INFO  | Runner | Ethereum main loop is up.
2026-04-01 09:19:25.080-0500 | EthScheduler-Workers-0 | INFO  | PersistBlockTask | Imported empty block #13,440 / 0 tx / 0 om / 0 (0.0%) gas / (0x0192f348c2e4a3d934f5242842361f9fe28451c6c5db5671861c3022910b499e) in 0.022s. Peers: 3
2026-04-01 09:19:29.058-0500 | EthScheduler-Workers-0 | INFO  | PersistBlockTask | Imported empty block #13,441 / 0 tx / 0 om / 0 (0.0%) gas / (0x73365676428b60892fe3be2f5ab2f93ee71d154df7bb5096635dbc62ff21612e) in 0.005s. Peers: 3
2026-04-01 09:19:34.033-0500 | EthScheduler-Workers-0 | INFO  | PersistBlockTask | Imported empty block #13,442 / 0 tx / 0 om / 0 (0.0%) gas / (0xa3fd4217de09da5939802d40b4383760256c406abec717ea99d84e4d32304315) in 0.002s. Peers: 4
2026-04-01 09:19:39.036-0500 | EthScheduler-Workers-0 | INFO  | PersistBlockTask | Imported empty block #13,443 / 0 tx / 0 om / 0 (0.0%) gas / (0x8f0161d223f43f363e1f3e1c394e12dc7ce5129f1dc7d9f476f5f17dd9385b92) in 0.003s. Peers: 5
2026-04-01 09:19:44.033-0500 | EthScheduler-Workers-0 | INFO  | PersistBlockTask | Imported empty block #13,444 / 0 tx / 0 om / 0 (0.0%) gas / (0x4da2e7ef96b674d051d1b55c4cf3f3017681f594562357c702482a2c5d441763) in 0.002s. Peers: 5
2026-04-01 09:19:49.022-0500 | EthScheduler-Workers-0 | INFO  | PersistBlockTask | Imported empty block #13,445 / 0 tx / 0 om / 0 (0.0%) gas / (0x962d0c005b801b6a10fe8c1e22780af1265ea3f04e77637ebc8a8b96cf612f0f) in 0.003s. Peers: 7
2026-04-01 09:19:54.022-0500 | EthScheduler-Workers-0 | INFO  | PersistBlockTask | Imported empty block #13,446 / 0 tx / 0 om / 0 (0.0%) gas / (0x3094ee8a1dc255e48769306ccee5974c9234480013e94984b074c6cf2fa6ad90) in 0.003s. Peers: 6
2026-04-01 09:20:08.273-0500 | EthScheduler-Workers-0 | INFO  | PersistBlockTask | Imported empty block #13,447 / 0 tx / 0 om / 0 (0.0%) gas / (0xd17470378e83d8bccf1deace1298d13b0bdd2f66546300eb0c6ce79b6dd1337a) in 0.003s. Peers: 4
2026-04-01 09:20:13.022-0500 | EthScheduler-Workers-0 | INFO  | PersistBlockTask | Imported empty block #13,448 / 0 tx / 0 om / 0 (0.0%) gas / (0x65bac48548dcdfdb23ebb6d461a3f308944b1f0f2855a2e045c92976d55e0972) in 0.003s. Peers: 4
2026-04-01 09:20:18.033-0500 | EthScheduler-Workers-0 | INFO  | PersistBlockTask | Imported empty block #13,449 / 0 tx / 0 om / 0 (0.0%) gas / (0x4c67c15f2cabfd00120c5736e743876feafac4506daa3e578dda0c0ed255b4e9) in 0.006s. Peers: 7
2026-04-01 09:20:23.035-0500 | EthScheduler-Workers-0 | INFO  | PersistBlockTask | Imported empty block #13,450 / 0 tx / 0 om / 0 (0.0%) gas / (0xcb6f04855b2d68a3f856f9d0500c694b2c309d75e039876ba8f6eb471c279c98) in 0.006s. Peers: 7
2026-04-01 09:20:36.975-0500 | EthScheduler-Workers-0 | INFO  | PersistBlockTask | Imported empty block #13,451 / 0 tx / 0 om / 0 (0.0%) gas / (0xeb3bcc55f98da9c63cef78004acfb4978d8ae289e66f7b69d85ef2eb993c0348) in 0.004s. Peers: 7
2026-04-01 09:20:41.023-0500 | EthScheduler-Workers-0 | INFO  | PersistBlockTask | Imported empty block #13,452 / 0 tx / 0 om / 0 (0.0%) gas / (0xb11d438365458d91ee32e1e2380103c2c4895b835d00b34ebad77673216ae7c2) in 0.003s. Peers: 7
2026-04-01 09:20:46.025-0500 | EthScheduler-Workers-0 | INFO  | PersistBlockTask | Imported empty block #13,453 / 0 tx / 0 om / 0 (0.0%) gas / (0x6acea19ae90f54bc8511e2d3bf7b971ea19bb10ca1fe4c0d8bcce7700b410d5d) in 0.003s. Peers: 7
2026-04-01 09:20:51.016-0500 | EthScheduler-Workers-0 | INFO  | PersistBlockTask | Imported empty block #13,454 / 0 tx / 0 om / 0 (0.0%) gas / (0xd1e2aaa910d8ae9beb30abf1268d87c16a5dc4b22f892e34331efe3038455ddb) in 0.002s. Peers: 7
2026-04-01 09:20:56.020-0500 | EthScheduler-Workers-0 | INFO  | PersistBlockTask | Imported empty block #13,455 / 0 tx / 0 om / 0 (0.0%) gas / (0x36591630777401b2e55482eddd0d228d100f4009d115a53600f109a37f5b6510) in 0.004s. Peers: 7
2026-04-01 09:21:10.103-0500 | EthScheduler-Workers-0 | INFO  | PersistBlockTask | Imported empty block #13,456 / 0 tx / 0 om / 0 (0.0%) gas / (0x62a5a7a38eedf2babb028dd46d177bbdf5a4458fbb828095779c6a93919eaf9f) in 0.004s. Peers: 7
2026-04-01 09:21:15.021-0500 | EthScheduler-Workers-0 | INFO  | PersistBlockTask | Imported empty block #13,457 / 0 tx / 0 om / 0 (0.0%) gas / (0x0b6ba10d4463059b9f9b420df86ad97cc57488d5f856329b1131e8b332e56734) in 0.005s. Peers: 7
2026-04-01 09:21:20.018-0500 | EthScheduler-Workers-0 | INFO  | PersistBlockTask | Imported empty block #13,458 / 0 tx / 0 om / 0 (0.0%) gas / (0x075d88116f5e7cf1594e02e682c0ae19bf1b30c3c880864b28dc3e21f000fda8) in 0.002s. Peers: 7
2026-04-01 09:21:25.023-0500 | EthScheduler-Workers-0 | INFO  | PersistBlockTask | Imported empty block #13,459 / 0 tx / 0 om / 0 (0.0%) gas / (0x29cbd560a65045175dfe15d232fb61d0937d410573e689424436f5b113abb677) in 0.003s. Peers: 7
2026-04-01 09:21:38.918-0500 | EthScheduler-Workers-0 | INFO  | PersistBlockTask | Imported empty block #13,460 / 0 tx / 0 om / 0 (0.0%) gas / (0x71b1ae362ff17832185010e427feab7c693888da8743998433606d6e9891dbdc) in 0.005s. Peers: 7
2026-04-01 09:21:43.031-0500 | EthScheduler-Workers-0 | INFO  | PersistBlockTask | Imported empty block #13,461 / 0 tx / 0 om / 0 (0.0%) gas / (0xac32d0bde620495b74d4c83f2e37b06da239084c9f2db202af3b3c432299374e) in 0.007s. Peers: 7
2026-04-01 09:21:48.027-0500 | EthScheduler-Workers-0 | INFO  | PersistBlockTask | Imported empty block #13,462 / 0 tx / 0 om / 0 (0.0%) gas / (0x5c066fa73dd6c4446b8278a20e51304cd6414b8f678172b334e8cdedf79cb441) in 0.006s. Peers: 7
2026-04-01 09:21:53.019-0500 | EthScheduler-Workers-0 | INFO  | PersistBlockTask | Imported empty block #13,463 / 0 tx / 0 om / 0 (0.0%) gas / (0x0ac5fc895363a0801f9501a187400a9daa8a22330f2659fa2cdcb74086ba5867) in 0.003s. Peers: 7
2026-04-01 09:21:58.017-0500 | EthScheduler-Workers-0 | INFO  | PersistBlockTask | Imported empty block #13,464 / 0 tx / 0 om / 0 (0.0%) gas / (0xa13e4a67cd8a278bd52c2a25969f0507f99ae197394dee515a3d345eaebb9c73) in 0.003s. Peers: 7
2026-04-01 09:22:11.782-0500 | EthScheduler-Workers-0 | INFO  | PersistBlockTask | Imported empty block #13,465 / 0 tx / 0 om / 0 (0.0%) gas / (0xc5b41d04de5614539f7e3ab0411b217230ead12c69bfeacf3a8204aa9e8759d7) in 0.007s. Peers: 7
2026-04-01 09:22:16.021-0500 | EthScheduler-Workers-0 | INFO  | PersistBlockTask | Imported empty block #13,466 / 0 tx / 0 om / 0 (0.0%) gas / (0xa1ec6cbe751c14a9524b0d72b3bbba894aaea074240e1ce21fcb6b96a7ffe763) in 0.004s. Peers: 7
2026-04-01 09:22:21.024-0500 | EthScheduler-Workers-0 | INFO  | PersistBlockTask | Imported empty block #13,467 / 0 tx / 0 om / 0 (0.0%) gas / (0x2d459e79de8cab4a042d7b2c37ea51d7938378e70fae47abbc562982d77dd4d0) in 0.005s. Peers: 7
2026-04-01 09:22:26.018-0500 | EthScheduler-Workers-0 | INFO  | PersistBlockTask | Imported empty block #13,468 / 0 tx / 0 om / 0 (0.0%) gas / (0x74682ac587a8a3462d92832bc5cd02b66957c7f20441cc7223ba0191d020fc5d) in 0.003s. Peers: 7
2026-04-01 09:22:39.779-0500 | EthScheduler-Workers-0 | INFO  | PersistBlockTask | Imported empty block #13,469 / 0 tx / 0 om / 0 (0.0%) gas / (0x45f181ffbcf652ad227e8389c520a7a4a02edfb77d3fa1cec415341f21f34caa) in 0.004s. Peers: 7
2026-04-01 09:22:44.023-0500 | EthScheduler-Workers-0 | INFO  | PersistBlockTask | Imported empty block #13,470 / 0 tx / 0 om / 0 (0.0%) gas / (0x1ba295e04fff6c8fc254adaa3ff38553579e67634b0de5829858d8a9c7f2bc62) in 0.002s. Peers: 7
2026-04-01 09:22:49.020-0500 | EthScheduler-Workers-0 | INFO  | PersistBlockTask | Imported empty block #13,471 / 0 tx / 0 om / 0 (0.0%) gas / (0xdcfe0d83f196a18685f9b2cf750720b9d064c2329c945041a79b533e5bd448e5) in 0.004s. Peers: 7
2026-04-01 09:22:54.019-0500 | EthScheduler-Workers-0 | INFO  | PersistBlockTask | Imported empty block #13,472 / 0 tx / 0 om / 0 (0.0%) gas / (0xf05c8f2759cc11bb59f1a8484bf22a6c6af1fae03752ea6c90e15ded888bf9d0) in 0.004s. Peers: 7
2026-04-01 09:22:59.018-0500 | EthScheduler-Workers-0 | INFO  | PersistBlockTask | Imported empty block #13,473 / 0 tx / 0 om / 0 (0.0%) gas / (0xb6d0b0a231d3ceaf68149fad42645a25236fbb780b348586d31cc352ec48c101) in 0.003s. Peers: 7
2026-04-01 09:23:12.827-0500 | EthScheduler-Workers-0 | INFO  | PersistBlockTask | Imported empty block #13,474 / 0 tx / 0 om / 0 (0.0%) gas / (0x3554f049d8f9892c18402adfa80e71bfa615e8c4d42a3ba525ae9328e102f803) in 0.003s. Peers: 7
2026-04-01 09:23:17.019-0500 | EthScheduler-Workers-0 | INFO  | PersistBlockTask | Imported empty block #13,475 / 0 tx / 0 om / 0 (0.0%) gas / (0xd0feb046102e3606ca6fbb13b1098054203f28d206172857ed3ab488ca0c8b37) in 0.003s. Peers: 7
2026-04-01 09:23:22.016-0500 | EthScheduler-Workers-0 | INFO  | PersistBlockTask | Imported empty block #13,476 / 0 tx / 0 om / 0 (0.0%) gas / (0x6d74aeeb468bde8c4534396670335bfed559f4027a70bacefef88cc0375f2fc3) in 0.003s. Peers: 7
2026-04-01 09:23:27.018-0500 | EthScheduler-Workers-0 | INFO  | PersistBlockTask | Imported empty block #13,477 / 0 tx / 0 om / 0 (0.0%) gas / (0x0a6ca36e58b2f38c02b4e1197092f7943e43ba50d542ee690da251c338b3b72d) in 0.004s. Peers: 7
2026-04-01 09:23:32.018-0500 | EthScheduler-Workers-0 | INFO  | PersistBlockTask | Imported empty block #13,478 / 0 tx / 0 om / 0 (0.0%) gas / (0x31a1c05e314e5b1c4d1d20cc4ea7dac31b4a8c455de58b800a55f35cb09d9e09) in 0.003s. Peers: 7
2026-04-01 09:23:45.831-0500 | EthScheduler-Workers-0 | INFO  | PersistBlockTask | Imported empty block #13,479 / 0 tx / 0 om / 0 (0.0%) gas / (0x055b0ae6ec1925f678fd46b1e24f1e8a0bf099f65230e4eb5e1eb0956944c949) in 0.004s. Peers: 7
2026-04-01 09:23:50.028-0500 | EthScheduler-Workers-0 | INFO  | PersistBlockTask | Imported empty block #13,480 / 0 tx / 0 om / 0 (0.0%) gas / (0x61cf391c66d0f04f54ec8653d4222751a4f78985b7b58981ec84d43caf8b4133) in 0.004s. Peers: 7
2026-04-01 09:23:55.019-0500 | EthScheduler-Workers-0 | INFO  | PersistBlockTask | Imported empty block #13,481 / 0 tx / 0 om / 0 (0.0%) gas / (0x655e6ae735efc2dab922ebd759dccc8253723b2e079c4b9158e73bd4276d6647) in 0.003s. Peers: 7
2026-04-01 09:24:00.023-0500 | EthScheduler-Workers-0 | INFO  | PersistBlockTask | Imported empty block #13,482 / 0 tx / 0 om / 0 (0.0%) gas / (0x9c81a394ccceb8ce5f7e0b4c814dcd973641e5d44fa6f5ff19257bfdd3d21d07) in 0.005s. Peers: 7
2026-04-01 09:24:13.847-0500 | EthScheduler-Workers-0 | INFO  | PersistBlockTask | Imported empty block #13,483 / 0 tx / 0 om / 0 (0.0%) gas / (0x198b1fa819d7f829f8702bf478ff5a28303d331e9f51f9409d089d6d6dd6104d) in 0.003s. Peers: 7
2026-04-01 09:24:18.019-0500 | EthScheduler-Workers-0 | INFO  | PersistBlockTask | Imported empty block #13,484 / 0 tx / 0 om / 0 (0.0%) gas / (0x309249621c93908ada362ad9b05088e16537be4f8cd289eef81a8d6b5ee9b043) in 0.003s. Peers: 7
2026-04-01 09:24:23.026-0500 | EthScheduler-Workers-0 | INFO  | PersistBlockTask | Imported empty block #13,485 / 0 tx / 0 om / 0 (0.0%) gas / (0x57ad3ef3ea8ad7d503beb8189dc933d4a2634a8b347ec6ed4d867d408d2ba36e) in 0.005s. Peers: 7
2026-04-01 09:24:28.017-0500 | EthScheduler-Workers-0 | INFO  | PersistBlockTask | Imported empty block #13,486 / 0 tx / 0 om / 0 (0.0%) gas / (0xf691accf728595213c15bfa68d859ab63c7d2fc3178e884944adc605f99890e3) in 0.002s. Peers: 7
2026-04-01 09:24:33.018-0500 | EthScheduler-Workers-0 | INFO  | PersistBlockTask | Imported empty block #13,487 / 0 tx / 0 om / 0 (0.0%) gas / (0xe298fb1707307dc505d22b3a35517e25c05881d2ac77d9774f83f83bd92dba03) in 0.004s. Peers: 7
2026-04-01 09:24:46.825-0500 | EthScheduler-Workers-0 | INFO  | PersistBlockTask | Imported empty block #13,488 / 0 tx / 0 om / 0 (0.0%) gas / (0x8bb70a01898774acf4b334175ea82cad22c35fc9e8ae302d26c1d4ae52b518c7) in 0.003s. Peers: 7
2026-04-01 09:24:51.017-0500 | EthScheduler-Workers-0 | INFO  | PersistBlockTask | Imported empty block #13,489 / 0 tx / 0 om / 0 (0.0%) gas / (0x02f58ed483a4a6f12217467c48bc061d22b475d8c54364a7bd221f576d1120ba) in 0.002s. Peers: 7
2026-04-01 09:24:56.018-0500 | EthScheduler-Workers-0 | INFO  | PersistBlockTask | Imported empty block #13,490 / 0 tx / 0 om / 0 (0.0%) gas / (0x9fa2add694398041d3c62750e0fed756aaa91fc54fb0334e21114ba56e8b7b05) in 0.003s. Peers: 7
2026-04-01 09:25:01.016-0500 | EthScheduler-Workers-0 | INFO  | PersistBlockTask | Imported empty block #13,491 / 0 tx / 0 om / 0 (0.0%) gas / (0x93a9a6f9dffe9b9897a153dfdffa6c86362c3612d19fea8376b420358c1955b2) in 0.003s. Peers: 7
2026-04-01 09:25:06.013-0500 | EthScheduler-Workers-0 | INFO  | PersistBlockTask | Imported empty block #13,492 / 0 tx / 0 om / 0 (0.0%) gas / (0x3e6c8ab0b3cc73866a4b7e06b463189d8ab4b8e8c45fac458d5e921e43b6f545) in 0.002s. Peers: 7
2026-04-01 09:25:19.792-0500 | EthScheduler-Workers-0 | INFO  | PersistBlockTask | Imported empty block #13,493 / 0 tx / 0 om / 0 (0.0%) gas / (0x5eb2229e2f6446ba463770c37b8a8f7a1ad4f612535a7743a7fc9ee7e819faff) in 0.005s. Peers: 7
2026-04-01 09:25:24.025-0500 | EthScheduler-Workers-0 | INFO  | PersistBlockTask | Imported empty block #13,494 / 0 tx / 0 om / 0 (0.0%) gas / (0xdb98299c1982bf1394e7121766a53bc57f27295a4c1b0d4699835a851c63fb0b) in 0.003s. Peers: 7
2026-04-01 09:25:29.013-0500 | EthScheduler-Workers-0 | INFO  | PersistBlockTask | Imported empty block #13,495 / 0 tx / 0 om / 0 (0.0%) gas / (0x766b96d8c5450bcae270d001794ddc961dac272e644ab868ff9af65f7ad52f9b) in 0.002s. Peers: 7
2026-04-01 09:25:34.015-0500 | EthScheduler-Workers-0 | INFO  | PersistBlockTask | Imported empty block #13,496 / 0 tx / 0 om / 0 (0.0%) gas / (0xa2c74d47c37598b1be38b87ba242f03d3bbcdf54ba419868229624c4e1dc5c93) in 0.002s. Peers: 7
2026-04-01 09:25:47.769-0500 | EthScheduler-Workers-0 | INFO  | PersistBlockTask | Imported empty block #13,497 / 0 tx / 0 om / 0 (0.0%) gas / (0x5c8668bf7a68b9c732cccc979b6a97d2c3e1490f3f5c018f7f02b95094edb1a1) in 0.004s. Peers: 7
2026-04-01 09:25:52.016-0500 | EthScheduler-Workers-0 | INFO  | PersistBlockTask | Imported empty block #13,498 / 0 tx / 0 om / 0 (0.0%) gas / (0x9d8150c1bfef50e71732abc85b9845bc41e946488c55441a0f252478c65c25cd) in 0.002s. Peers: 7
2026-04-01 09:25:57.014-0500 | EthScheduler-Workers-0 | INFO  | PersistBlockTask | Imported empty block #13,499 / 0 tx / 0 om / 0 (0.0%) gas / (0x725d9905823ab152ab9cea886c3d1bd6531ef4cb63b84f7ff881db154357dbef) in 0.003s. Peers: 7
2026-04-01 09:26:02.016-0500 | EthScheduler-Workers-0 | INFO  | PersistBlockTask | Imported empty block #13,500 / 0 tx / 0 om / 0 (0.0%) gas / (0x0823ba254a3ebacb9d8012af50ed274068b4fed1a5c3470abc8dc20a50bff510) in 0.002s. Peers: 7
2026-04-01 09:26:07.025-0500 | EthScheduler-Workers-0 | INFO  | PersistBlockTask | Imported empty block #13,501 / 0 tx / 0 om / 0 (0.0%) gas / (0xbdac77945891bddcdd4ef68c06c44c0fb79c802a3197a175ccc3f4f9005c9379) in 0.003s. Peers: 7
2026-04-01 09:26:20.771-0500 | EthScheduler-Workers-0 | INFO  | PersistBlockTask | Imported empty block #13,502 / 0 tx / 0 om / 0 (0.0%) gas / (0x2f39d51d479168ebdab087638ab4ec26c08dad44712326869c210a5d794e01e9) in 0.004s. Peers: 7
2026-04-01 09:26:25.017-0500 | EthScheduler-Workers-0 | INFO  | PersistBlockTask | Imported empty block #13,503 / 0 tx / 0 om / 0 (0.0%) gas / (0x5c872995fe499be4ab23b686e45ec7a53958a51fef7eea28af03d1811e554948) in 0.004s. Peers: 7
2026-04-01 09:26:30.020-0500 | EthScheduler-Workers-0 | INFO  | PersistBlockTask | Imported empty block #13,504 / 0 tx / 0 om / 0 (0.0%) gas / (0x313fb2983cf7952721768e7cd71927194335a46ffcaf4747a01e27e66c748bc6) in 0.003s. Peers: 7
2026-04-01 09:26:35.016-0500 | EthScheduler-Workers-0 | INFO  | PersistBlockTask | Imported empty block #13,505 / 0 tx / 0 om / 0 (0.0%) gas / (0xa55f58fb7c4562068e6070383b439dde938c82ed9bb919294f22ffd0367018c4) in 0.003s. Peers: 7
2026-04-01 09:26:48.741-0500 | EthScheduler-Workers-0 | INFO  | PersistBlockTask | Imported empty block #13,506 / 0 tx / 0 om / 0 (0.0%) gas / (0xc583a8572288688838f98094abbd14fd372e9cf71b8401e9e7d1812dfb9be12e) in 0.002s. Peers: 7
2026-04-01 09:26:53.013-0500 | EthScheduler-Workers-0 | INFO  | PersistBlockTask | Imported empty block #13,507 / 0 tx / 0 om / 0 (0.0%) gas / (0x8fc898d08e61c5386bf19ffe5bff55d909084f5a5127c3b9eec01fea224f9b6b) in 0.002s. Peers: 7
2026-04-01 09:26:58.014-0500 | EthScheduler-Workers-0 | INFO  | PersistBlockTask | Imported empty block #13,508 / 0 tx / 0 om / 0 (0.0%) gas / (0xd2537c0f53ec56e2d2b3f6e62506bd0cf970b219a100fc699c767c59a53d4a16) in 0.002s. Peers: 7
2026-04-01 09:27:03.015-0500 | EthScheduler-Workers-0 | INFO  | PersistBlockTask | Imported empty block #13,509 / 0 tx / 0 om / 0 (0.0%) gas / (0xb56f09ec50ec798b28df056f4736652975467a96d3eb921d338b2ed224c6bc53) in 0.003s. Peers: 7
2026-04-01 09:27:08.019-0500 | EthScheduler-Workers-0 | INFO  | PersistBlockTask | Imported empty block #13,510 / 0 tx / 0 om / 0 (0.0%) gas / (0x926fd1b191cedc61ba822f94b5856f62992428ca33afbf6a5fb1b1ad72fee097) in 0.003s. Peers: 7
2026-04-01 09:27:21.781-0500 | EthScheduler-Workers-0 | INFO  | PersistBlockTask | Imported empty block #13,511 / 0 tx / 0 om / 0 (0.0%) gas / (0x0b8ffd1f3397ddc7526db5a06be89aafc57e07d46a0720faf716352d4f7ad368) in 0.003s. Peers: 7
2026-04-01 09:27:26.017-0500 | EthScheduler-Workers-0 | INFO  | PersistBlockTask | Imported empty block #13,512 / 0 tx / 0 om / 0 (0.0%) gas / (0xe95577a0b62c5ac5b8d10cb1ca8abd55fd262f020d8018be3b0cff5f991e358d) in 0.004s. Peers: 7
2026-04-01 09:27:31.017-0500 | EthScheduler-Workers-0 | INFO  | PersistBlockTask | Imported empty block #13,513 / 0 tx / 0 om / 0 (0.0%) gas / (0x12a667277beee83ad6f3ed76d43df6c8af664af27159d0aaedb9374ba59c1294) in 0.003s. Peers: 7
2026-04-01 09:27:36.024-0500 | EthScheduler-Workers-0 | INFO  | PersistBlockTask | Imported empty block #13,514 / 0 tx / 0 om / 0 (0.0%) gas / (0xddaf0503f4d83812fee763660dacd656a6cd0dee356cb8c2d7f130819e9ea72a) in 0.005s. Peers: 7
2026-04-01 09:27:41.017-0500 | EthScheduler-Workers-0 | INFO  | PersistBlockTask | Imported empty block #13,515 / 0 tx / 0 om / 0 (0.0%) gas / (0x3710c914372458196bc4432f1f3dcf73d2f35a080d2b8a8fc221f4136f208c94) in 0.004s. Peers: 7
2026-04-01 09:27:54.798-0500 | EthScheduler-Workers-0 | INFO  | PersistBlockTask | Imported empty block #13,516 / 0 tx / 0 om / 0 (0.0%) gas / (0x7e9d4c618487c7be01d8f855cdb9b81994ecadd5ba5b0ba1c19214a960044c81) in 0.004s. Peers: 7
2026-04-01 09:27:59.014-0500 | EthScheduler-Workers-0 | INFO  | PersistBlockTask | Imported empty block #13,517 / 0 tx / 0 om / 0 (0.0%) gas / (0x323e6ce7e0b4c836b31f9b03354d12221437f0a2e366a7798ec0f5886e66abf8) in 0.002s. Peers: 7
2026-04-01 09:28:04.013-0500 | EthScheduler-Workers-0 | INFO  | PersistBlockTask | Imported empty block #13,518 / 0 tx / 0 om / 0 (0.0%) gas / (0x596d6ab7dcf0d11301c0130962c5d5827e601deca417ce50898be81d51ad624a) in 0.002s. Peers: 7
2026-04-01 09:28:09.019-0500 | EthScheduler-Workers-0 | INFO  | PersistBlockTask | Imported empty block #13,519 / 0 tx / 0 om / 0 (0.0%) gas / (0x35118b7ab5557ba0920a4bddb263e10565b836ba49f7480f49bcbc315538493b) in 0.003s. Peers: 7
2026-04-01 09:28:22.797-0500 | EthScheduler-Workers-0 | INFO  | PersistBlockTask | Imported empty block #13,520 / 0 tx / 0 om / 0 (0.0%) gas / (0x46ac7de713b3e7cd6f9c7826b8483b19c27f0bb90e80b12a5f8995a6e114f6fa) in 0.004s. Peers: 7
2026-04-01 09:28:27.015-0500 | EthScheduler-Workers-0 | INFO  | PersistBlockTask | Imported empty block #13,521 / 0 tx / 0 om / 0 (0.0%) gas / (0x9e7eee1a80c54440c8209d74a776041b3c6ddc97878ddc71dee12c654c371512) in 0.002s. Peers: 7
2026-04-01 09:28:32.015-0500 | EthScheduler-Workers-0 | INFO  | PersistBlockTask | Imported empty block #13,522 / 0 tx / 0 om / 0 (0.0%) gas / (0x5250b72673f9b20fa7473da27447ed80a1b4db278bbcfb95c463393e1baa82bc) in 0.003s. Peers: 7
2026-04-01 09:28:37.018-0500 | EthScheduler-Workers-0 | INFO  | PersistBlockTask | Imported empty block #13,523 / 0 tx / 0 om / 0 (0.0%) gas / (0x7b578de1c267631780d8361308a10e742bc53418479939af0ec264771bd070ef) in 0.003s. Peers: 7
2026-04-01 09:28:42.014-0500 | EthScheduler-Workers-0 | INFO  | PersistBlockTask | Imported empty block #13,524 / 0 tx / 0 om / 0 (0.0%) gas / (0xffabe4ca1f61f965d65f8814d1b97424f5e3ab8455b5282395234df7cc36c640) in 0.003s. Peers: 7
2026-04-01 09:28:55.804-0500 | EthScheduler-Workers-0 | INFO  | PersistBlockTask | Imported empty block #13,525 / 0 tx / 0 om / 0 (0.0%) gas / (0xb59b6d72bd95faacfdad7c27b215c59e297c4089158d05b823df7ec851b29582) in 0.003s. Peers: 7
2026-04-01 09:29:00.014-0500 | EthScheduler-Workers-0 | INFO  | PersistBlockTask | Imported empty block #13,526 / 0 tx / 0 om / 0 (0.0%) gas / (0x09a5cd73058ec86561c7f5c14927ccc06026e73a5f25b9b609345431fe27e93b) in 0.003s. Peers: 7
2026-04-01 09:29:05.021-0500 | EthScheduler-Workers-0 | INFO  | PersistBlockTask | Imported empty block #13,527 / 0 tx / 0 om / 0 (0.0%) gas / (0xe6949e5b27e95a7b8a40e9b1f514d669f10c47539a06f407156a235d00383cf9) in 0.003s. Peers: 7
2026-04-01 09:29:10.018-0500 | EthScheduler-Workers-0 | INFO  | PersistBlockTask | Imported empty block #13,528 / 0 tx / 0 om / 0 (0.0%) gas / (0x07f9f28012f1ba11e1fed3fb9fab804010ec821bab10722be429734b9ffe0305) in 0.003s. Peers: 7
2026-04-01 09:29:23.799-0500 | EthScheduler-Workers-0 | INFO  | PersistBlockTask | Imported empty block #13,529 / 0 tx / 0 om / 0 (0.0%) gas / (0xfe0a771e9daa2e5d81fc3ea848660203cd40ba8bd0a6504bef4f909f696d59f0) in 0.004s. Peers: 7
2026-04-01 09:29:28.019-0500 | EthScheduler-Workers-0 | INFO  | PersistBlockTask | Imported empty block #13,530 / 0 tx / 0 om / 0 (0.0%) gas / (0xfdb8cecb69911bd6333860bdee4f450d3b8ba68f968c66fc5070b72b0c5b5745) in 0.003s. Peers: 7
2026-04-01 09:29:33.015-0500 | EthScheduler-Workers-0 | INFO  | PersistBlockTask | Imported empty block #13,531 / 0 tx / 0 om / 0 (0.0%) gas / (0xf7b4483e02d7656ace75507574577499d63ac9d35e5c610363bc1da138fba0cf) in 0.002s. Peers: 7
2026-04-01 09:29:38.030-0500 | EthScheduler-Workers-0 | INFO  | PersistBlockTask | Imported empty block #13,532 / 0 tx / 0 om / 0 (0.0%) gas / (0x9f563cde6c6f59e37b568910e0aeb055957b9b084fbe4b0a9535b1fed7a9aee2) in 0.004s. Peers: 7
2026-04-01 09:29:43.013-0500 | EthScheduler-Workers-0 | INFO  | PersistBlockTask | Imported empty block #13,533 / 0 tx / 0 om / 0 (0.0%) gas / (0x70cf022e1a0f806e2bc09190c4b7cecec095aefddc03440b6d32ba7cb83d3168) in 0.002s. Peers: 7
2026-04-01 09:29:56.606-0500 | EthScheduler-Workers-0 | INFO  | PersistBlockTask | Imported empty block #13,534 / 0 tx / 0 om / 0 (0.0%) gas / (0xd1ad1c0845a42a9b0c4836c6dcf101abff3562ee58d73a8a00ccea58f3fbd17f) in 0.004s. Peers: 7
2026-04-01 09:30:01.015-0500 | EthScheduler-Workers-0 | INFO  | PersistBlockTask | Imported empty block #13,535 / 0 tx / 0 om / 0 (0.0%) gas / (0x226fe25d2345673a12fb22a9252a9f6abb7b9457b990ba92ea42dc5258a38da6) in 0.002s. Peers: 7
2026-04-01 09:30:06.024-0500 | EthScheduler-Workers-0 | INFO  | PersistBlockTask | Imported empty block #13,536 / 0 tx / 0 om / 0 (0.0%) gas / (0x56333d9cec371bcf52551b5b2b16ecb9c8d38024a9b3b4ff5bd8afa000b12aa6) in 0.007s. Peers: 7
2026-04-01 09:30:11.013-0500 | EthScheduler-Workers-0 | INFO  | PersistBlockTask | Imported empty block #13,537 / 0 tx / 0 om / 0 (0.0%) gas / (0xf9556484d8332290db8b0c61a2092f66246ba44f324b0a94b83e5fb1fa7ccc70) in 0.002s. Peers: 7
2026-04-01 09:30:24.776-0500 | EthScheduler-Workers-0 | INFO  | PersistBlockTask | Imported empty block #13,538 / 0 tx / 0 om / 0 (0.0%) gas / (0x30c5df96d36b8558df314aaf0d3caf84909a49179d26778f1a16de59335bbf11) in 0.002s. Peers: 7
2026-04-01 09:30:29.021-0500 | EthScheduler-Workers-0 | INFO  | PersistBlockTask | Imported empty block #13,539 / 0 tx / 0 om / 0 (0.0%) gas / (0xd22b39dbec1fbabf285ec145b4f77a6013f77cfd200582efb8f7df845bd6adfa) in 0.006s. Peers: 7
2026-04-01 09:30:34.021-0500 | EthScheduler-Workers-0 | INFO  | PersistBlockTask | Imported empty block #13,540 / 0 tx / 0 om / 0 (0.0%) gas / (0xf86ba3474a7bb684c701c2979e17a56057f7747999832d3ef2b73f20d796ca86) in 0.004s. Peers: 7
2026-04-01 09:30:39.012-0500 | EthScheduler-Workers-0 | INFO  | PersistBlockTask | Imported empty block #13,541 / 0 tx / 0 om / 0 (0.0%) gas / (0x6422c6413a34bf260e11f1b9f98760942920e3fa796ef400828a5ef57be2b39b) in 0.002s. Peers: 7
2026-04-01 09:30:44.015-0500 | EthScheduler-Workers-0 | INFO  | PersistBlockTask | Imported empty block #13,542 / 0 tx / 0 om / 0 (0.0%) gas / (0x29841f8b9c2517297b7056c516d9755734bf30a6241a7c414ad0231e9b0fca28) in 0.003s. Peers: 7
2026-04-01 09:30:57.750-0500 | EthScheduler-Workers-0 | INFO  | PersistBlockTask | Imported empty block #13,543 / 0 tx / 0 om / 0 (0.0%) gas / (0xc6039b979d63bd4dcf9670e1fd1956373822e5d2cd51f5d927a8aecf387a308b) in 0.002s. Peers: 7
2026-04-01 09:31:02.023-0500 | EthScheduler-Workers-0 | INFO  | PersistBlockTask | Imported empty block #13,544 / 0 tx / 0 om / 0 (0.0%) gas / (0xa6dc5d5a7baf0c461b45764e55bd218f7a76fe119b786537292822f30fdcd671) in 0.002s. Peers: 7
2026-04-01 09:31:07.016-0500 | EthScheduler-Workers-0 | INFO  | PersistBlockTask | Imported empty block #13,545 / 0 tx / 0 om / 0 (0.0%) gas / (0x8b122dc17cc6bc977e2e6252db5c683e783c80166878f4fc91f380c77200cfa3) in 0.003s. Peers: 7
2026-04-01 09:31:12.023-0500 | EthScheduler-Workers-0 | INFO  | PersistBlockTask | Imported empty block #13,546 / 0 tx / 0 om / 0 (0.0%) gas / (0x33f2b021ee22a50f468111ba2d6fd89a0e0c77aaa6880c4872919efa77afde9f) in 0.003s. Peers: 7
2026-04-01 09:31:17.018-0500 | EthScheduler-Workers-0 | INFO  | PersistBlockTask | Imported empty block #13,547 / 0 tx / 0 om / 0 (0.0%) gas / (0xb16a4e43c5fe75bb730bd8d051081616cb48fc4230e285a8024f7e5b6ba029f0) in 0.004s. Peers: 7
2026-04-01 09:31:30.718-0500 | EthScheduler-Workers-0 | INFO  | PersistBlockTask | Imported empty block #13,548 / 0 tx / 0 om / 0 (0.0%) gas / (0x60c32e24755af4475ca0b27c44afc8f99cbfccbb130fea7680a71f0628fcc550) in 0.005s. Peers: 7
2026-04-01 09:31:35.015-0500 | EthScheduler-Workers-0 | INFO  | PersistBlockTask | Imported empty block #13,549 / 0 tx / 0 om / 0 (0.0%) gas / (0x314e8cbfd324678018e7a358a6fe7107137191032c3e427f3fad20d4cadc5c9c) in 0.002s. Peers: 7
2026-04-01 09:31:40.021-0500 | EthScheduler-Workers-0 | INFO  | PersistBlockTask | Imported empty block #13,550 / 0 tx / 0 om / 0 (0.0%) gas / (0xc1adc6c12c954249419acbb050f594c3bc4a503de984bf496952e10121c542dd) in 0.002s. Peers: 7
2026-04-01 09:31:45.018-0500 | EthScheduler-Workers-0 | INFO  | PersistBlockTask | Imported empty block #13,551 / 0 tx / 0 om / 0 (0.0%) gas / (0xe007914107ebe2e7a560592c45ef7fb56248d0897ebe226383386e681032c7ab) in 0.003s. Peers: 7
2026-04-01 09:31:58.753-0500 | EthScheduler-Workers-0 | INFO  | PersistBlockTask | Imported empty block #13,552 / 0 tx / 0 om / 0 (0.0%) gas / (0x25920ce54093983b38e86586b7844bdf514e156b2ade27830e77ad0d0a8589dd) in 0.003s. Peers: 7
2026-04-01 09:32:03.016-0500 | EthScheduler-Workers-0 | INFO  | PersistBlockTask | Imported empty block #13,553 / 0 tx / 0 om / 0 (0.0%) gas / (0xc04ad7eac2edfc7f8cc54b6f2be6432093fd7f248f0beb0b8b42ce3566d62776) in 0.003s. Peers: 7
2026-04-01 09:32:08.016-0500 | EthScheduler-Workers-0 | INFO  | PersistBlockTask | Imported empty block #13,554 / 0 tx / 0 om / 0 (0.0%) gas / (0x7ba95943e6dafcce26c7067371f1ea5621a7885554cd8b732994a716fda72f3b) in 0.002s. Peers: 7
2026-04-01 09:32:13.012-0500 | EthScheduler-Workers-0 | INFO  | PersistBlockTask | Imported empty block #13,555 / 0 tx / 0 om / 0 (0.0%) gas / (0x20d8e918b57cfd358489e246c74d4f81e86b4fa48554090a823930a003f00864) in 0.002s. Peers: 7
2026-04-01 09:32:18.012-0500 | EthScheduler-Workers-0 | INFO  | PersistBlockTask | Imported empty block #13,556 / 0 tx / 0 om / 0 (0.0%) gas / (0x4003d19b6cdea68c3333837c13a7010630b5f1aac35d422f7f0b8c57e89e75b3) in 0.002s. Peers: 7
2026-04-01 09:32:31.638-0500 | EthScheduler-Workers-0 | INFO  | PersistBlockTask | Imported empty block #13,557 / 0 tx / 0 om / 0 (0.0%) gas / (0x659e499ce795ddf8e81b87b38b5a0ee094db95387426c82040855dc808e0dd33) in 0.003s. Peers: 7
2026-04-01 09:32:36.022-0500 | EthScheduler-Workers-0 | INFO  | PersistBlockTask | Imported empty block #13,558 / 0 tx / 0 om / 0 (0.0%) gas / (0x35e2749689508493f50bf2d3b1d03515b4cd995e47e6f760a9ce361805231e5a) in 0.002s. Peers: 7
2026-04-01 09:32:41.016-0500 | EthScheduler-Workers-0 | INFO  | PersistBlockTask | Imported empty block #13,559 / 0 tx / 0 om / 0 (0.0%) gas / (0xfece416289cad21dcbf87ffd6eec9b17908007566d26904ca125a7a9f3622dfb) in 0.003s. Peers: 7
2026-04-01 09:32:46.014-0500 | EthScheduler-Workers-0 | INFO  | PersistBlockTask | Imported empty block #13,560 / 0 tx / 0 om / 0 (0.0%) gas / (0x671ee938f9413e56d99192d9df0d72a07f3820991312a1576d18dd732d7e5c94) in 0.003s. Peers: 7
2026-04-01 09:32:59.475-0500 | EthScheduler-Workers-0 | INFO  | PersistBlockTask | Imported empty block #13,561 / 0 tx / 0 om / 0 (0.0%) gas / (0x8f2d4ac7824b3d309a26a20f322c89f4c8638aca43bcccc733941cae56e08ad5) in 0.003s. Peers: 7
2026-04-01 09:33:04.012-0500 | EthScheduler-Workers-0 | INFO  | PersistBlockTask | Imported empty block #13,562 / 0 tx / 0 om / 0 (0.0%) gas / (0xc2d37a075df11b2f86614486ebc0643cc676cee0d3f752fa646c882de14c6ff1) in 0.001s. Peers: 7
2026-04-01 09:33:09.026-0500 | EthScheduler-Workers-0 | INFO  | PersistBlockTask | Imported empty block #13,563 / 0 tx / 0 om / 0 (0.0%) gas / (0x2b6df101c95e3aea711ef85b5984a3108643ad0b03c863db390dbf7af0a9a13d) in 0.004s. Peers: 7
2026-04-01 09:33:14.018-0500 | EthScheduler-Workers-0 | INFO  | PersistBlockTask | Imported empty block #13,564 / 0 tx / 0 om / 0 (0.0%) gas / (0x35101a898fd772728ae891fc4c539e051f4a699579c83feb8ae2f46c02cd5bed) in 0.003s. Peers: 7
2026-04-01 09:33:19.026-0500 | EthScheduler-Workers-0 | INFO  | PersistBlockTask | Imported empty block #13,565 / 0 tx / 0 om / 0 (0.0%) gas / (0x060c179365d4cf5d6db4b04ed06af69ce911169db1253fbacb8e244e204e9488) in 0.006s. Peers: 7
2026-04-01 09:33:32.428-0500 | EthScheduler-Workers-0 | INFO  | PersistBlockTask | Imported empty block #13,566 / 0 tx / 0 om / 0 (0.0%) gas / (0x74b33b741fae893183be2914f846b2c2bf3efa6c9cfcaaed62e2c613c6830337) in 0.008s. Peers: 7
2026-04-01 09:33:37.036-0500 | EthScheduler-Workers-0 | INFO  | PersistBlockTask | Imported empty block #13,567 / 0 tx / 0 om / 0 (0.0%) gas / (0x07713c5e9f734433535069c4fd2113b4956de31ee9e37fed716d1de2669244e4) in 0.010s. Peers: 7
2026-04-01 09:33:42.034-0500 | EthScheduler-Workers-0 | INFO  | PersistBlockTask | Imported empty block #13,568 / 0 tx / 0 om / 0 (0.0%) gas / (0x9b69db835fae3ffedcc47c971153f4e3c8ec609c7c41ab65966e4b486d29a692) in 0.006s. Peers: 7
2026-04-01 09:33:47.019-0500 | EthScheduler-Workers-0 | INFO  | PersistBlockTask | Imported empty block #13,569 / 0 tx / 0 om / 0 (0.0%) gas / (0x23dba8367d887fd2a4e15b5de0cdd1189f271e7f311a140eb6f9d9b3c19c016b) in 0.004s. Peers: 7
2026-04-01 09:33:52.035-0500 | EthScheduler-Workers-0 | INFO  | PersistBlockTask | Imported empty block #13,570 / 0 tx / 0 om / 0 (0.0%) gas / (0x59fa129dda7bc945e52fb3569d7ef11cdec15ff914095de7a996f0dce40db1eb) in 0.010s. Peers: 7
2026-04-01 09:34:05.697-0500 | EthScheduler-Workers-0 | INFO  | PersistBlockTask | Imported empty block #13,571 / 0 tx / 0 om / 0 (0.0%) gas / (0xf6092aab6dadf1afbc5bc8f01156de548ddea206fae568ce0365d6bfa3d0b416) in 0.004s. Peers: 7
2026-04-01 09:34:10.018-0500 | EthScheduler-Workers-0 | INFO  | PersistBlockTask | Imported empty block #13,572 / 0 tx / 0 om / 0 (0.0%) gas / (0x9db64fd464756638a2715381429ecc5310619946b9c6fa5d1794a24c4351f866) in 0.003s. Peers: 7
2026-04-01 09:34:15.026-0500 | EthScheduler-Workers-0 | INFO  | PersistBlockTask | Imported empty block #13,573 / 0 tx / 0 om / 0 (0.0%) gas / (0x106b9814aa96bbc46ca93c2be4d1ec2411b6be7d7689f39f226a541cc4f6c6da) in 0.004s. Peers: 7
2026-04-01 09:34:20.025-0500 | EthScheduler-Workers-0 | INFO  | PersistBlockTask | Imported empty block #13,574 / 0 tx / 0 om / 0 (0.0%) gas / (0xf3cf3a18c822f2d94950323e78ea9c55b0da20b01e8d8ee4b34fa3914f139b30) in 0.004s. Peers: 7
2026-04-01 09:34:33.528-0500 | EthScheduler-Workers-0 | INFO  | PersistBlockTask | Imported empty block #13,575 / 0 tx / 0 om / 0 (0.0%) gas / (0x31a214ce13c0c24339f72ce7a14a1a4449941ab7a6ebe8de92c5a599e91dc39e) in 0.005s. Peers: 7
2026-04-01 09:34:38.019-0500 | EthScheduler-Workers-0 | INFO  | PersistBlockTask | Imported empty block #13,576 / 0 tx / 0 om / 0 (0.0%) gas / (0x011a767a7a9d9d033c11f6dae550e4e5c26ca3e9d884fd4f08d343bc8049cf41) in 0.003s. Peers: 7
2026-04-01 09:34:43.033-0500 | EthScheduler-Workers-0 | INFO  | PersistBlockTask | Imported empty block #13,577 / 0 tx / 0 om / 0 (0.0%) gas / (0x16b934e461e3f4351f4bb9d356ed74897ca58e2e0c71b96ab78115f7a9ce39de) in 0.003s. Peers: 7
2026-04-01 09:34:48.039-0500 | EthScheduler-Workers-0 | INFO  | PersistBlockTask | Imported empty block #13,578 / 0 tx / 0 om / 0 (0.0%) gas / (0xa2ce385afcf04a89bf865e905bd3c8a8b2e4d982cb87e2d7be819860f65b8bf7) in 0.007s. Peers: 7
2026-04-01 09:34:53.029-0500 | EthScheduler-Workers-0 | INFO  | PersistBlockTask | Imported empty block #13,579 / 0 tx / 0 om / 0 (0.0%) gas / (0x73052c9957d9d832c8b0c3f02ad36778750731decaf7fe1da94d6107c297ca93) in 0.003s. Peers: 7
2026-04-01 09:35:06.588-0500 | EthScheduler-Workers-0 | INFO  | PersistBlockTask | Imported empty block #13,580 / 0 tx / 0 om / 0 (0.0%) gas / (0xc5350fd4e90b54f748fce8646b62f83a142a56a1baec8d456768201abd210402) in 0.008s. Peers: 7
2026-04-01 09:35:11.030-0500 | EthScheduler-Workers-0 | INFO  | PersistBlockTask | Imported empty block #13,581 / 0 tx / 0 om / 0 (0.0%) gas / (0x5dc862ba766af2a57750aebc95787b46f57a11206c285acc5e4d2162f6382ddc) in 0.006s. Peers: 7
2026-04-01 09:35:16.030-0500 | EthScheduler-Workers-0 | INFO  | PersistBlockTask | Imported empty block #13,582 / 0 tx / 0 om / 0 (0.0%) gas / (0x3d963747e2ef03786b7bdf6b975e1de1f4603a34c4da4d974e64217701de0edc) in 0.007s. Peers: 7
2026-04-01 09:35:21.024-0500 | EthScheduler-Workers-0 | INFO  | PersistBlockTask | Imported empty block #13,583 / 0 tx / 0 om / 0 (0.0%) gas / (0x16dbccb358c3babc6bfec49bf50a982efacc4f019ecf0f6a15b8356ed422bfb2) in 0.004s. Peers: 7
2026-04-01 09:35:34.481-0500 | EthScheduler-Workers-0 | INFO  | PersistBlockTask | Imported empty block #13,584 / 0 tx / 0 om / 0 (0.0%) gas / (0x6a081bd5299dc23cbbb751c98ede402430e74c714f67fd16a8c4cf7c4a45a2d1) in 0.012s. Peers: 7
2026-04-01 09:35:39.040-0500 | EthScheduler-Workers-0 | INFO  | PersistBlockTask | Imported empty block #13,585 / 0 tx / 0 om / 0 (0.0%) gas / (0x7f76bffb9194f0c694c63a5991da0e1b26e3985c0f8e5cdff6c15920c771e6aa) in 0.011s. Peers: 7
2026-04-01 09:35:44.045-0500 | EthScheduler-Workers-0 | INFO  | PersistBlockTask | Imported empty block #13,586 / 0 tx / 0 om / 0 (0.0%) gas / (0x7a271a9b749e5018a8521875cc73820da5b9ba37be4209e984ebcc7994273c1d) in 0.008s. Peers: 7
2026-04-01 09:35:49.021-0500 | EthScheduler-Workers-0 | INFO  | PersistBlockTask | Imported empty block #13,587 / 0 tx / 0 om / 0 (0.0%) gas / (0x68c04a3643c6b47e9052e8f19a935faffbaafb74d0edb011f036054870ea014a) in 0.003s. Peers: 7
2026-04-01 09:35:54.026-0500 | EthScheduler-Workers-0 | INFO  | PersistBlockTask | Imported empty block #13,588 / 0 tx / 0 om / 0 (0.0%) gas / (0x24335890ab1a9f2516c572817bf7667d7c242c56afbdbe3a5b4536290405d7ee) in 0.005s. Peers: 7
2026-04-01 09:36:07.474-0500 | EthScheduler-Workers-0 | INFO  | PersistBlockTask | Imported empty block #13,589 / 0 tx / 0 om / 0 (0.0%) gas / (0x2f0c663a6f184041bd472e13d1bc83de5f4e0eaa5fe1344f44a127709c7c5d8f) in 0.007s. Peers: 7
2026-04-01 09:36:12.028-0500 | EthScheduler-Workers-0 | INFO  | PersistBlockTask | Imported empty block #13,590 / 0 tx / 0 om / 0 (0.0%) gas / (0x7516c52a8aeb23684e29fc85e7f22f07738eaf0e27161a69c49605851dd86d9f) in 0.005s. Peers: 7
2026-04-01 09:36:17.022-0500 | EthScheduler-Workers-0 | INFO  | PersistBlockTask | Imported empty block #13,591 / 0 tx / 0 om / 0 (0.0%) gas / (0x5a44a26087749a840294e98887eef99ea57617511ed08eda79a24075460173d2) in 0.002s. Peers: 7
2026-04-01 09:36:22.024-0500 | EthScheduler-Workers-0 | INFO  | PersistBlockTask | Imported empty block #13,592 / 0 tx / 0 om / 0 (0.0%) gas / (0xd5a5cd43ae2da68ebc63bbbbe28432c559ad0113fabacf50e98c6db9b53051dc) in 0.005s. Peers: 7
2026-04-01 09:36:35.561-0500 | EthScheduler-Workers-0 | INFO  | PersistBlockTask | Imported empty block #13,593 / 0 tx / 0 om / 0 (0.0%) gas / (0x52b7dc62351ebf0f7866ca0d5c6bb986c2c1d74f252130f5a913ec1ed07c618a) in 0.005s. Peers: 7
2026-04-01 09:36:40.022-0500 | EthScheduler-Workers-0 | INFO  | PersistBlockTask | Imported empty block #13,594 / 0 tx / 0 om / 0 (0.0%) gas / (0x03bb2fe21a149ce06eff236049b994210c49af1090b6d3d746f30f0e2474cdf0) in 0.003s. Peers: 7
2026-04-01 09:36:45.021-0500 | EthScheduler-Workers-0 | INFO  | PersistBlockTask | Imported empty block #13,595 / 0 tx / 0 om / 0 (0.0%) gas / (0x803fbc723f07f725f14351213985a5c597fb6b831bb06cec2c50e9ca78bec760) in 0.004s. Peers: 7
2026-04-01 09:36:50.021-0500 | EthScheduler-Workers-0 | INFO  | PersistBlockTask | Imported empty block #13,596 / 0 tx / 0 om / 0 (0.0%) gas / (0x24c159391471060457feb02d99e914c2a799e6b4471682faeeeac39eb42bf3d8) in 0.002s. Peers: 7
2026-04-01 09:36:55.017-0500 | EthScheduler-Workers-0 | INFO  | PersistBlockTask | Imported empty block #13,597 / 0 tx / 0 om / 0 (0.0%) gas / (0xc5d9e2a0775619db3de29df1699f1111214aa8ac4deed7ee2e2fa50eb478da6e) in 0.002s. Peers: 7
2026-04-01 09:37:08.511-0500 | EthScheduler-Workers-0 | INFO  | PersistBlockTask | Imported empty block #13,598 / 0 tx / 0 om / 0 (0.0%) gas / (0xb8c6606aa3c44402deb1a90b0ddc7c81a643d36880c1323fb4040a839cd7e732) in 0.005s. Peers: 7
2026-04-01 09:37:13.026-0500 | EthScheduler-Workers-0 | INFO  | PersistBlockTask | Imported empty block #13,599 / 0 tx / 0 om / 0 (0.0%) gas / (0xe600c45fe185f7af9ea17c4ccd5f17417236814ebf6ba8901eb4050300c26a87) in 0.005s. Peers: 7
2026-04-01 09:37:18.025-0500 | EthScheduler-Workers-0 | INFO  | PersistBlockTask | Imported empty block #13,600 / 0 tx / 0 om / 0 (0.0%) gas / (0x3f59d520c44cd2c59a7b3928534589d27dfb9508e3cb735dd7a1394781de3d68) in 0.005s. Peers: 7
2026-04-01 09:37:23.024-0500 | EthScheduler-Workers-0 | INFO  | PersistBlockTask | Imported empty block #13,601 / 0 tx / 0 om / 0 (0.0%) gas / (0xd8db2b25cb3c1e585db336652dc74b17fdd8d5c4c78722036575e438ccfba384) in 0.005s. Peers: 7
2026-04-01 09:37:36.522-0500 | EthScheduler-Workers-0 | INFO  | PersistBlockTask | Imported empty block #13,602 / 0 tx / 0 om / 0 (0.0%) gas / (0x0377676e9fe60197c844457ae7c75e209145c174df85feb6952d84475ae67c5a) in 0.005s. Peers: 7
2026-04-01 09:37:41.026-0500 | EthScheduler-Workers-0 | INFO  | PersistBlockTask | Imported empty block #13,603 / 0 tx / 0 om / 0 (0.0%) gas / (0x77651e65da2743b20310a20e0eacceba6cb42b8e2b3273ffff53eca6b993cede) in 0.003s. Peers: 7
2026-04-01 09:37:46.020-0500 | EthScheduler-Workers-0 | INFO  | PersistBlockTask | Imported empty block #13,604 / 0 tx / 0 om / 0 (0.0%) gas / (0x60dd2f9d1e7da0c90b2b985c0ed980a796f1f3ab01cc81c33b50b65f8cc25a59) in 0.004s. Peers: 7
2026-04-01 09:37:51.024-0500 | EthScheduler-Workers-0 | INFO  | PersistBlockTask | Imported empty block #13,605 / 0 tx / 0 om / 0 (0.0%) gas / (0x4e0cbac0ad82528878bac8f95e06dc825aeb7e3a80d67e92ad60677c10cc5208) in 0.005s. Peers: 7
2026-04-01 09:37:56.017-0500 | EthScheduler-Workers-0 | INFO  | PersistBlockTask | Imported empty block #13,606 / 0 tx / 0 om / 0 (0.0%) gas / (0x76478aa85dd9ec36825e8fbbcfb07cef13d25c082e81521b8dd4494ca32f1075) in 0.003s. Peers: 7
2026-04-01 09:38:09.545-0500 | EthScheduler-Workers-0 | INFO  | PersistBlockTask | Imported empty block #13,607 / 0 tx / 0 om / 0 (0.0%) gas / (0x320c3a07156a206e7a47cad9498be1e374b322745ee4f082735154047a7d0837) in 0.005s. Peers: 7
2026-04-01 09:38:14.022-0500 | EthScheduler-Workers-0 | INFO  | PersistBlockTask | Imported empty block #13,608 / 0 tx / 0 om / 0 (0.0%) gas / (0x287b372db1574988b7bb4351bc5a822174ffa9be85f06faff820352e2473cb2e) in 0.004s. Peers: 7
2026-04-01 09:38:19.019-0500 | EthScheduler-Workers-0 | INFO  | PersistBlockTask | Imported empty block #13,609 / 0 tx / 0 om / 0 (0.0%) gas / (0x86be695c0a7048e3c4b355abe9cef9fb4a33624b300155a0c05154fd1771a01b) in 0.004s. Peers: 7
2026-04-01 09:38:24.021-0500 | EthScheduler-Workers-0 | INFO  | PersistBlockTask | Imported empty block #13,610 / 0 tx / 0 om / 0 (0.0%) gas / (0x342c8387ebc48b8a7d016cb0c262935bed2110be438011555177d32a00e223e4) in 0.005s. Peers: 7
2026-04-01 09:38:37.490-0500 | EthScheduler-Workers-0 | INFO  | PersistBlockTask | Imported empty block #13,611 / 0 tx / 0 om / 0 (0.0%) gas / (0x4a44a63b47e1f773dd03ff11c40785b1f72c1bad7d1bb03049e9cf60a311f9e0) in 0.003s. Peers: 7
2026-04-01 09:38:42.028-0500 | EthScheduler-Workers-0 | INFO  | PersistBlockTask | Imported empty block #13,612 / 0 tx / 0 om / 0 (0.0%) gas / (0xf008688528ebfdc79bd40963b610b235175fb53d501e4ea5f7de37243164ce37) in 0.005s. Peers: 7
2026-04-01 09:38:47.031-0500 | EthScheduler-Workers-0 | INFO  | PersistBlockTask | Imported empty block #13,613 / 0 tx / 0 om / 0 (0.0%) gas / (0x3c23458a05ae96c96bb89127614b869e2fd5c97eab48a3b682127c5ef92bd440) in 0.009s. Peers: 7
2026-04-01 09:38:52.023-0500 | EthScheduler-Workers-0 | INFO  | PersistBlockTask | Imported empty block #13,614 / 0 tx / 0 om / 0 (0.0%) gas / (0xb3310b1b2c8136c71976e96623f6f47bd59245691c7c3807f86fb750a4f8e13d) in 0.004s. Peers: 7
2026-04-01 09:38:57.019-0500 | EthScheduler-Workers-0 | INFO  | PersistBlockTask | Imported empty block #13,615 / 0 tx / 0 om / 0 (0.0%) gas / (0xd06dc1e70e71d1d626fadb3ce36b59563565b8137a7d144f756b5224e8f2ad79) in 0.004s. Peers: 7
2026-04-01 09:39:10.492-0500 | EthScheduler-Workers-0 | INFO  | PersistBlockTask | Imported empty block #13,616 / 0 tx / 0 om / 0 (0.0%) gas / (0x59b496336265eee287e1750942f9b91dadc2c5b11451eedb0b0225e4e75d964b) in 0.007s. Peers: 7
2026-04-01 09:39:15.029-0500 | EthScheduler-Workers-0 | INFO  | PersistBlockTask | Imported empty block #13,617 / 0 tx / 0 om / 0 (0.0%) gas / (0x2e279bc3cf45ea840ef57e3185d65ad7e3ed67ef395002b75e6a3c40a6f8434b) in 0.006s. Peers: 7
2026-04-01 09:39:20.019-0500 | EthScheduler-Workers-0 | INFO  | PersistBlockTask | Imported empty block #13,618 / 0 tx / 0 om / 0 (0.0%) gas / (0x7eabbdd6dea7e87d610e2037161a9317c2536a5a7e3535706a43d687b455a989) in 0.003s. Peers: 7
2026-04-01 09:39:25.019-0500 | EthScheduler-Workers-0 | INFO  | PersistBlockTask | Imported empty block #13,619 / 0 tx / 0 om / 0 (0.0%) gas / (0xa7a70698f173ac98ab701589a91814793e0be034fc7ae29bb11d0c6fa833f081) in 0.005s. Peers: 7
2026-04-01 09:39:30.017-0500 | EthScheduler-Workers-0 | INFO  | PersistBlockTask | Imported empty block #13,620 / 0 tx / 0 om / 0 (0.0%) gas / (0x9c240c5ab98d9fc4f510293c1ffc72e7bc054067457908723551e13ce9280fe4) in 0.002s. Peers: 7
2026-04-01 09:39:43.528-0500 | EthScheduler-Workers-0 | INFO  | PersistBlockTask | Imported empty block #13,621 / 0 tx / 0 om / 0 (0.0%) gas / (0xc76e8d9341319cce92e4f8386f0e3f5d10eef5dcec7a99e7eb2c7c2a7be95a6e) in 0.006s. Peers: 7
2026-04-01 09:39:48.022-0500 | EthScheduler-Workers-0 | INFO  | PersistBlockTask | Imported empty block #13,622 / 0 tx / 0 om / 0 (0.0%) gas / (0xce981d1adf2b2a4fcff503fcfad79144adfdd262e5429bbaed92309d5660ab2e) in 0.007s. Peers: 7
2026-04-01 09:39:53.018-0500 | EthScheduler-Workers-0 | INFO  | PersistBlockTask | Imported empty block #13,623 / 0 tx / 0 om / 0 (0.0%) gas / (0x686418f14614a86431bb37d82d4fb5537d0b5fa1e8cd8f2401e73b92d9187da9) in 0.002s. Peers: 7
2026-04-01 09:39:58.020-0500 | EthScheduler-Workers-0 | INFO  | PersistBlockTask | Imported empty block #13,624 / 0 tx / 0 om / 0 (0.0%) gas / (0xc65ef7e53bab12034a0d79d30ae50954f36f922e12b69b670c42c0ac535c6a1c) in 0.004s. Peers: 7
2026-04-01 09:40:11.524-0500 | EthScheduler-Workers-0 | INFO  | PersistBlockTask | Imported empty block #13,625 / 0 tx / 0 om / 0 (0.0%) gas / (0xfd774b158d524de67d1ed34d6d270c1556850b83808e8b0daddd6f2d2c3a4848) in 0.005s. Peers: 7
2026-04-01 09:40:16.049-0500 | EthScheduler-Workers-0 | INFO  | PersistBlockTask | Imported empty block #13,626 / 0 tx / 0 om / 0 (0.0%) gas / (0xb19657922e66c4223b97a5917362163067263aed0ea33a01f974b3b8bdbddc0d) in 0.007s. Peers: 7
2026-04-01 09:40:21.024-0500 | EthScheduler-Workers-0 | INFO  | PersistBlockTask | Imported empty block #13,627 / 0 tx / 0 om / 0 (0.0%) gas / (0x55023b390d70c2416838be4b848137f6d0eaa8471621f5b7c98a64fe746f156b) in 0.006s. Peers: 7
2026-04-01 09:40:26.021-0500 | EthScheduler-Workers-0 | INFO  | PersistBlockTask | Imported empty block #13,628 / 0 tx / 0 om / 0 (0.0%) gas / (0xc90bd3554167291fb67a4949c2ffc56ee90eb200366749e9f9a3129e359fe44b) in 0.005s. Peers: 7
2026-04-01 09:40:31.022-0500 | EthScheduler-Workers-0 | INFO  | PersistBlockTask | Imported empty block #13,629 / 0 tx / 0 om / 0 (0.0%) gas / (0x85afc6098e44d1a0139cafd1a35ebfe8550bdb1f6bf1b3254e1ab205da2bf9bc) in 0.007s. Peers: 7
2026-04-01 09:40:44.527-0500 | EthScheduler-Workers-0 | INFO  | PersistBlockTask | Imported empty block #13,630 / 0 tx / 0 om / 0 (0.0%) gas / (0x76520169f3db0d2d16178e9c480c1f037a364a8d08a8c1c6a5847056c10dd5f6) in 0.006s. Peers: 7
2026-04-01 09:40:49.026-0500 | EthScheduler-Workers-0 | INFO  | PersistBlockTask | Imported empty block #13,631 / 0 tx / 0 om / 0 (0.0%) gas / (0x6f252f6deb5dce43397f902990e312dc7eb988537de5eef707796d95fc814fb3) in 0.010s. Peers: 7
2026-04-01 09:40:54.025-0500 | EthScheduler-Workers-0 | INFO  | PersistBlockTask | Imported empty block #13,632 / 0 tx / 0 om / 0 (0.0%) gas / (0x4978111e587d611400bf0bd967267d72e72d7087a74925aa414c40bd7e44f773) in 0.006s. Peers: 7
2026-04-01 09:40:59.025-0500 | EthScheduler-Workers-0 | INFO  | PersistBlockTask | Imported empty block #13,633 / 0 tx / 0 om / 0 (0.0%) gas / (0xd9dc8d38164f225437f0c87c3fe8c44b30852a15d9078c30bf5814365b73ebe5) in 0.006s. Peers: 7
2026-04-01 09:41:12.468-0500 | EthScheduler-Workers-0 | INFO  | PersistBlockTask | Imported empty block #13,634 / 0 tx / 0 om / 0 (0.0%) gas / (0x32d05b7fd814f0d14e67fefe0fb37a43486df31004049afca52f833d76b68f73) in 0.006s. Peers: 7
2026-04-01 09:41:17.024-0500 | EthScheduler-Workers-0 | INFO  | PersistBlockTask | Imported empty block #13,635 / 0 tx / 0 om / 0 (0.0%) gas / (0x0bf452156385e95f09b099e21bc7628527e97974a7de7150927682cad140f24a) in 0.005s. Peers: 7
2026-04-01 09:41:22.038-0500 | EthScheduler-Workers-0 | INFO  | PersistBlockTask | Imported empty block #13,636 / 0 tx / 0 om / 0 (0.0%) gas / (0xb7cd22ff9739b9d006e63b96362a31896e7ad8c895f12e93a32eaecf1a5a7cd1) in 0.009s. Peers: 7
2026-04-01 09:41:27.020-0500 | EthScheduler-Workers-0 | INFO  | PersistBlockTask | Imported empty block #13,637 / 0 tx / 0 om / 0 (0.0%) gas / (0x118865d76fa166a651700133b115c39d395d7adeca99ea96dd0d373dcc2e3d7d) in 0.005s. Peers: 7
2026-04-01 09:41:32.018-0500 | EthScheduler-Workers-0 | INFO  | PersistBlockTask | Imported empty block #13,638 / 0 tx / 0 om / 0 (0.0%) gas / (0x77ce1051315ee5c2cc534b6092adc9fe0b6a9654b79fdf9c58332afa6715769b) in 0.003s. Peers: 7
2026-04-01 09:41:45.419-0500 | EthScheduler-Workers-0 | INFO  | PersistBlockTask | Imported empty block #13,639 / 0 tx / 0 om / 0 (0.0%) gas / (0xbe43d7f246624fa4dc620c1356415f6d6fe44e48464dac875d68027344f701f9) in 0.006s. Peers: 7
2026-04-01 09:41:50.020-0500 | EthScheduler-Workers-0 | INFO  | PersistBlockTask | Imported empty block #13,640 / 0 tx / 0 om / 0 (0.0%) gas / (0x586c93a4ff5b7df4655e29de25083857abaa9fcbf807ac5d61e591cc16bf45fc) in 0.006s. Peers: 7
2026-04-01 09:41:55.019-0500 | EthScheduler-Workers-0 | INFO  | PersistBlockTask | Imported empty block #13,641 / 0 tx / 0 om / 0 (0.0%) gas / (0x2e601cc99698e53ff138f1e4861ae8d1e9e8a76c96e10bd6cc8cf159fd9eff00) in 0.003s. Peers: 7
2026-04-01 09:42:00.021-0500 | EthScheduler-Workers-0 | INFO  | PersistBlockTask | Imported empty block #13,642 / 0 tx / 0 om / 0 (0.0%) gas / (0xa450a3d1278da13dae6f5be33358787e18989bf949737359882a5bd031c45b20) in 0.005s. Peers: 7
2026-04-01 09:42:13.460-0500 | EthScheduler-Workers-0 | INFO  | PersistBlockTask | Imported empty block #13,643 / 0 tx / 0 om / 0 (0.0%) gas / (0x4bdd7b606a99473acbefc9aa30c26df202f36f006c097c1bb92809c428753be7) in 0.012s. Peers: 7
2026-04-01 09:42:18.016-0500 | EthScheduler-Workers-0 | INFO  | PersistBlockTask | Imported empty block #13,644 / 0 tx / 0 om / 0 (0.0%) gas / (0x329a7ce7589aed297707a091ffb92ce2aa8526cba0d9113ec418276cdd55b115) in 0.005s. Peers: 7
2026-04-01 09:42:23.013-0500 | EthScheduler-Workers-0 | INFO  | PersistBlockTask | Imported empty block #13,645 / 0 tx / 0 om / 0 (0.0%) gas / (0x3293b798ceb87c763673deddf1a9d02b5e1ef585e125fa549108249af3feae3a) in 0.004s. Peers: 7
2026-04-01 09:42:28.019-0500 | EthScheduler-Workers-0 | INFO  | PersistBlockTask | Imported empty block #13,646 / 0 tx / 0 om / 0 (0.0%) gas / (0xae55a02c9bec68a71343ec9df39f9b6d12fd5b90fed95fc4162512572517d5b6) in 0.005s. Peers: 7
2026-04-01 09:42:33.017-0500 | EthScheduler-Workers-0 | INFO  | PersistBlockTask | Imported empty block #13,647 / 0 tx / 0 om / 0 (0.0%) gas / (0x2fdc77d90311a008ae988bc82ad34424c9c53c7386549b0c8deb92a21b4d12db) in 0.004s. Peers: 7
2026-04-01 09:42:46.533-0500 | EthScheduler-Workers-0 | INFO  | PersistBlockTask | Imported empty block #13,648 / 0 tx / 0 om / 0 (0.0%) gas / (0xbf108f8842b880fd7ca80dfa2ea48cb958bf07bf77fcad16b9cf2f635032aed1) in 0.009s. Peers: 7
2026-04-01 09:42:51.016-0500 | EthScheduler-Workers-0 | INFO  | PersistBlockTask | Imported empty block #13,649 / 0 tx / 0 om / 0 (0.0%) gas / (0x372d46264970f8d1fdf82a318aa7b1db8a3cbf129bb9f40c5452aaab0e5711c1) in 0.002s. Peers: 7
2026-04-01 09:42:56.018-0500 | EthScheduler-Workers-0 | INFO  | PersistBlockTask | Imported empty block #13,650 / 0 tx / 0 om / 0 (0.0%) gas / (0x038173917b1edf5f9ff84298d371e70b9c424e5b76dca2117e368d8ed8755586) in 0.004s. Peers: 7
2026-04-01 09:43:01.016-0500 | EthScheduler-Workers-0 | INFO  | PersistBlockTask | Imported empty block #13,651 / 0 tx / 0 om / 0 (0.0%) gas / (0xcf2dc7257ce57981026f46b7de26079c347adabb3834980e798605f89ba4f973) in 0.003s. Peers: 7
2026-04-01 09:43:14.501-0500 | EthScheduler-Workers-0 | INFO  | PersistBlockTask | Imported empty block #13,652 / 0 tx / 0 om / 0 (0.0%) gas / (0x3254e85388b23c51442a155c9a5f0d2ee2e381321e63728ec2ad070f48126c03) in 0.006s. Peers: 7
2026-04-01 09:43:19.018-0500 | EthScheduler-Workers-0 | INFO  | PersistBlockTask | Imported empty block #13,653 / 0 tx / 0 om / 0 (0.0%) gas / (0x6962fa4f9652ce0e6e086493030120423ead57c64176e55ce4807f7a1c06ec31) in 0.004s. Peers: 7
2026-04-01 09:43:24.018-0500 | EthScheduler-Workers-0 | INFO  | PersistBlockTask | Imported empty block #13,654 / 0 tx / 0 om / 0 (0.0%) gas / (0x792148e4446b9561c140f6f62622caeb8c402da7a78add919213e59107e9a8fa) in 0.004s. Peers: 7
2026-04-01 09:43:29.019-0500 | EthScheduler-Workers-0 | INFO  | PersistBlockTask | Imported empty block #13,655 / 0 tx / 0 om / 0 (0.0%) gas / (0xc9c68b1d50cb229ff05a3fbb0e87d785c14ac4bb0484ded85a421a516c203450) in 0.003s. Peers: 7
2026-04-01 09:43:34.017-0500 | EthScheduler-Workers-0 | INFO  | PersistBlockTask | Imported empty block #13,656 / 0 tx / 0 om / 0 (0.0%) gas / (0x9a23e5970dcc61e9eb3ca9f3bd431d790eb330e94072b4c39510c24089c3c42d) in 0.003s. Peers: 7
2026-04-01 09:43:47.500-0500 | EthScheduler-Workers-0 | INFO  | PersistBlockTask | Imported empty block #13,657 / 0 tx / 0 om / 0 (0.0%) gas / (0x3b485d2e956f3b52f9d48e5abc20e05ec8d9840d1092211223eef16779f3dadd) in 0.005s. Peers: 7
2026-04-01 09:43:52.012-0500 | EthScheduler-Workers-0 | INFO  | PersistBlockTask | Imported empty block #13,658 / 0 tx / 0 om / 0 (0.0%) gas / (0xe944b22fa5da8dc6464069a6d3a9cd90dbc71adb3bc2d1e50c82f2cc8ee15046) in 0.002s. Peers: 7
2026-04-01 09:43:57.013-0500 | EthScheduler-Workers-0 | INFO  | PersistBlockTask | Imported empty block #13,659 / 0 tx / 0 om / 0 (0.0%) gas / (0x8a5bfa7b91b00bd733ae826e3b19a6fb311cb5dce4fad8e689c6bcf18138688c) in 0.002s. Peers: 7
2026-04-01 09:44:02.017-0500 | EthScheduler-Workers-0 | INFO  | PersistBlockTask | Imported empty block #13,660 / 0 tx / 0 om / 0 (0.0%) gas / (0xe468a54df83a717f81301baf61c6fb9e37e21b0c6942b1f173b21feba54df410) in 0.004s. Peers: 7
2026-04-01 09:44:15.490-0500 | EthScheduler-Workers-0 | INFO  | PersistBlockTask | Imported empty block #13,661 / 0 tx / 0 om / 0 (0.0%) gas / (0x210443e9c1a5f50e91993a6de7f9c34030ce16eaa5282135de2be2d69ac38528) in 0.003s. Peers: 7
2026-04-01 09:44:20.026-0500 | EthScheduler-Workers-0 | INFO  | PersistBlockTask | Imported empty block #13,662 / 0 tx / 0 om / 0 (0.0%) gas / (0xa01d094d403acdf1507f5c5d8a88a8842da708ad1824233d1fbdda158af3c672) in 0.003s. Peers: 7
2026-04-01 09:44:25.018-0500 | EthScheduler-Workers-0 | INFO  | PersistBlockTask | Imported empty block #13,663 / 0 tx / 0 om / 0 (0.0%) gas / (0x947ab4fa029877e34cfa131161eff077076761a433664416baaee80fe508e9bd) in 0.005s. Peers: 7
2026-04-01 09:44:30.020-0500 | EthScheduler-Workers-0 | INFO  | PersistBlockTask | Imported empty block #13,664 / 0 tx / 0 om / 0 (0.0%) gas / (0x192f2a5d07289247c2da2e8a48dd4c87d94aa156658a9ede36af6ed88f38bcd4) in 0.007s. Peers: 7
2026-04-01 09:44:35.015-0500 | EthScheduler-Workers-0 | INFO  | PersistBlockTask | Imported empty block #13,665 / 0 tx / 0 om / 0 (0.0%) gas / (0xe446a0e5166cf876cfb0e6418b00ba328613395966ceff8f9d2b30932c4517b6) in 0.003s. Peers: 7
2026-04-01 09:44:48.428-0500 | EthScheduler-Workers-0 | INFO  | PersistBlockTask | Imported empty block #13,666 / 0 tx / 0 om / 0 (0.0%) gas / (0x8698e376bd4d18169fa452747ec46e2b015733810f430b55ff0ce9fa7a80c2f0) in 0.006s. Peers: 7
2026-04-01 09:44:53.019-0500 | EthScheduler-Workers-0 | INFO  | PersistBlockTask | Imported empty block #13,667 / 0 tx / 0 om / 0 (0.0%) gas / (0x02ef1fa19c2e6346f017a43fb72528c146ad4b529bdf0b0f00bae6b78756caf9) in 0.004s. Peers: 7
2026-04-01 09:44:58.029-0500 | EthScheduler-Workers-0 | INFO  | PersistBlockTask | Imported empty block #13,668 / 0 tx / 0 om / 0 (0.0%) gas / (0xa458ad724acc4b7199a869c61580b38a18a1999a5388e1786e1ad1fe8dab9efa) in 0.003s. Peers: 7
2026-04-01 09:45:03.026-0500 | EthScheduler-Workers-0 | INFO  | PersistBlockTask | Imported empty block #13,669 / 0 tx / 0 om / 0 (0.0%) gas / (0x7e5a9704571ac6319f969c08646b16162f9e799f9e86b102cdb28af515187d44) in 0.003s. Peers: 7
2026-04-01 09:45:08.013-0500 | EthScheduler-Workers-0 | INFO  | PersistBlockTask | Imported empty block #13,670 / 0 tx / 0 om / 0 (0.0%) gas / (0x7c9e9f38713949fbd024e761666e8a30d060fcea7d1dbb4c0bc77332d10fff27) in 0.003s. Peers: 7
2026-04-01 09:45:21.492-0500 | EthScheduler-Workers-0 | INFO  | PersistBlockTask | Imported empty block #13,671 / 0 tx / 0 om / 0 (0.0%) gas / (0x98a5f095c8daee50e645e96b01d15ae896c55af53da37f58cde0b97b79988928) in 0.007s. Peers: 7
2026-04-01 09:45:26.024-0500 | EthScheduler-Workers-0 | INFO  | PersistBlockTask | Imported empty block #13,672 / 0 tx / 0 om / 0 (0.0%) gas / (0x7bdf74995a72aed5195bc8cdb090acf1de8a56cc90c4653b7497f83a5963d961) in 0.004s. Peers: 7
2026-04-01 09:45:31.020-0500 | EthScheduler-Workers-0 | INFO  | PersistBlockTask | Imported empty block #13,673 / 0 tx / 0 om / 0 (0.0%) gas / (0x910a85d23ea7d980f91aac38209111c1348a2f7536c4f813754d6dc2a069f191) in 0.004s. Peers: 7
2026-04-01 09:45:36.014-0500 | EthScheduler-Workers-0 | INFO  | PersistBlockTask | Imported empty block #13,674 / 0 tx / 0 om / 0 (0.0%) gas / (0x6d350b6f3b1e0f13e34954adb437f90cb5457cc4ab8e54f88116f9164a5e8b4f) in 0.003s. Peers: 7
2026-04-01 09:45:49.487-0500 | EthScheduler-Workers-0 | INFO  | PersistBlockTask | Imported empty block #13,675 / 0 tx / 0 om / 0 (0.0%) gas / (0x755d7ebf4c975e5c04db805a1a4e127a04746f963b0757552fc7a990eaa2670c) in 0.010s. Peers: 7
2026-04-01 09:45:54.024-0500 | EthScheduler-Workers-0 | INFO  | PersistBlockTask | Imported empty block #13,676 / 0 tx / 0 om / 0 (0.0%) gas / (0x0f722deaa8b7a30188e38a72de246d41a2e69010fa3afa01dd6a6bc1c8ccd441) in 0.003s. Peers: 7
2026-04-01 09:45:59.016-0500 | EthScheduler-Workers-0 | INFO  | PersistBlockTask | Imported empty block #13,677 / 0 tx / 0 om / 0 (0.0%) gas / (0x95f31397d01a0107ffed9b13b4ef3f019f3e1898f7ba4c3af9790aec541e8369) in 0.005s. Peers: 7
2026-04-01 09:46:04.020-0500 | EthScheduler-Workers-0 | INFO  | PersistBlockTask | Imported empty block #13,678 / 0 tx / 0 om / 0 (0.0%) gas / (0x988b268195475c462c0d0794ada761649cbf49f65b4921aab8629038c653ae22) in 0.003s. Peers: 7
2026-04-01 09:46:09.015-0500 | EthScheduler-Workers-0 | INFO  | PersistBlockTask | Imported empty block #13,679 / 0 tx / 0 om / 0 (0.0%) gas / (0x3933371cf4dbecc58a7501d9583495b194aaa73fcbaa84f00fa47896cccb7178) in 0.003s. Peers: 7
2026-04-01 09:46:22.480-0500 | EthScheduler-Workers-0 | INFO  | PersistBlockTask | Imported empty block #13,680 / 0 tx / 0 om / 0 (0.0%) gas / (0x9907b64fd270a765599a4be036b023649bdf717aa72baf9f939f1f025b064647) in 0.007s. Peers: 7
2026-04-01 09:46:27.014-0500 | EthScheduler-Workers-0 | INFO  | PersistBlockTask | Imported empty block #13,681 / 0 tx / 0 om / 0 (0.0%) gas / (0x0e18f0aa95840e441fbf5a682c60c927981fa471a73be61441856c4370905deb) in 0.003s. Peers: 7
2026-04-01 09:46:32.018-0500 | EthScheduler-Workers-0 | INFO  | PersistBlockTask | Imported empty block #13,682 / 0 tx / 0 om / 0 (0.0%) gas / (0xe816b7fcbd491861b6f93101b46ae9dc6b32a201d45a07e2ab7f49e7ed5837c1) in 0.003s. Peers: 7
2026-04-01 09:46:37.019-0500 | EthScheduler-Workers-0 | INFO  | PersistBlockTask | Imported empty block #13,683 / 0 tx / 0 om / 0 (0.0%) gas / (0x12ccb7a719e5bc597199c48bd98a9a134d2dace08621211d4359ab9a2df21a6d) in 0.005s. Peers: 7
2026-04-01 09:46:50.458-0500 | EthScheduler-Workers-0 | INFO  | PersistBlockTask | Imported empty block #13,684 / 0 tx / 0 om / 0 (0.0%) gas / (0xb23e603ac33808a1c7fac184a20b77d65cf377972be7fd513950c4f33b813f08) in 0.008s. Peers: 7
2026-04-01 09:46:55.022-0500 | EthScheduler-Workers-0 | INFO  | PersistBlockTask | Imported empty block #13,685 / 0 tx / 0 om / 0 (0.0%) gas / (0x83e953198d8ad74aa821493d3451a5e2a4c764bcc187ff641fe983106c9cf2f6) in 0.004s. Peers: 7
2026-04-01 09:47:00.017-0500 | EthScheduler-Workers-0 | INFO  | PersistBlockTask | Imported empty block #13,686 / 0 tx / 0 om / 0 (0.0%) gas / (0xdfe42f7e50b2bc3a06b8b3f61510ae20f1cddf242f7f109117ceafc796eb8a6d) in 0.004s. Peers: 7
2026-04-01 09:47:05.018-0500 | EthScheduler-Workers-0 | INFO  | PersistBlockTask | Imported empty block #13,687 / 0 tx / 0 om / 0 (0.0%) gas / (0x249034c3dab2c4d969aa1f436d680134cd0492ee70733cae4b0fd511d9cb11d4) in 0.005s. Peers: 7
2026-04-01 09:47:10.023-0500 | EthScheduler-Workers-0 | INFO  | PersistBlockTask | Imported empty block #13,688 / 0 tx / 0 om / 0 (0.0%) gas / (0xe1fa8c22b2285c50f26abbe138e84c52f4d6175df477b135e2b2694f3762c80c) in 0.006s. Peers: 7
2026-04-01 09:47:23.342-0500 | EthScheduler-Workers-0 | INFO  | PersistBlockTask | Imported empty block #13,689 / 0 tx / 0 om / 0 (0.0%) gas / (0x6def452f707c14306dbad0fbeb2ae44a12177f7aba8699b0ff393839f4dc5c0a) in 0.003s. Peers: 7
2026-04-01 09:47:28.016-0500 | EthScheduler-Workers-0 | INFO  | PersistBlockTask | Imported empty block #13,690 / 0 tx / 0 om / 0 (0.0%) gas / (0xfc668056dfab7972029461504cc332c76763d54907ecc2ca1437b9b0b1fdc1ab) in 0.005s. Peers: 7
2026-04-01 09:47:33.026-0500 | EthScheduler-Workers-0 | INFO  | PersistBlockTask | Imported empty block #13,691 / 0 tx / 0 om / 0 (0.0%) gas / (0xf56d3b94ae817fd1c9fef3c67949b022b35b0bd367259ac3f9827210288ef24e) in 0.006s. Peers: 7
2026-04-01 09:47:38.019-0500 | EthScheduler-Workers-0 | INFO  | PersistBlockTask | Imported empty block #13,692 / 0 tx / 0 om / 0 (0.0%) gas / (0x9b0b7e40056509b0305482efe72167ca3a105df67208a7deadde8bcbf2693830) in 0.005s. Peers: 7
2026-04-01 09:47:51.420-0500 | EthScheduler-Workers-0 | INFO  | PersistBlockTask | Imported empty block #13,693 / 0 tx / 0 om / 0 (0.0%) gas / (0xed216884b30ae1381c55d80c7357202deeccc4804f8a3d58577999f0a752a03a) in 0.004s. Peers: 7
2026-04-01 09:47:56.016-0500 | EthScheduler-Workers-0 | INFO  | PersistBlockTask | Imported empty block #13,694 / 0 tx / 0 om / 0 (0.0%) gas / (0xebdbdcd5ae295a037fda36630fb99f801d3228e7ab0a29c83455180d95e1639d) in 0.004s. Peers: 7
2026-04-01 09:48:01.023-0500 | EthScheduler-Workers-0 | INFO  | PersistBlockTask | Imported empty block #13,695 / 0 tx / 0 om / 0 (0.0%) gas / (0x9af1fcba6a2af085a50bc7a05f52387aed99f14dd8a9cb46590dc73d24ecd744) in 0.006s. Peers: 7
2026-04-01 09:48:06.014-0500 | EthScheduler-Workers-0 | INFO  | PersistBlockTask | Imported empty block #13,696 / 0 tx / 0 om / 0 (0.0%) gas / (0x86d096d4422d3604c0a239f12d74c619ae4a82c804c1ee38109e222e9476e1c9) in 0.004s. Peers: 7
2026-04-01 09:48:11.014-0500 | EthScheduler-Workers-0 | INFO  | PersistBlockTask | Imported empty block #13,697 / 0 tx / 0 om / 0 (0.0%) gas / (0x147a44fc74dd877a9453522a8d0c327f768956660fc4d9f7d4707d73879b6fae) in 0.002s. Peers: 7
2026-04-01 09:48:24.496-0500 | EthScheduler-Workers-0 | INFO  | PersistBlockTask | Imported empty block #13,698 / 0 tx / 0 om / 0 (0.0%) gas / (0x3ab783b1ac606c1370b5447b866e1105a509f60e78fa1633ea87d923d7bd3ccb) in 0.005s. Peers: 7
2026-04-01 09:48:29.013-0500 | EthScheduler-Workers-0 | INFO  | PersistBlockTask | Imported empty block #13,699 / 0 tx / 0 om / 0 (0.0%) gas / (0x5567df095ec8123e2600c5e6208e9d107987dd18569760fdbfc6750dfbdad6e3) in 0.003s. Peers: 7
2026-04-01 09:48:34.035-0500 | EthScheduler-Workers-0 | INFO  | PersistBlockTask | Imported empty block #13,700 / 0 tx / 0 om / 0 (0.0%) gas / (0x626b236f449cae9cdb7f9a56acee19fc6dcda06dffd43708fff4a06962876d62) in 0.003s. Peers: 7
2026-04-01 09:48:39.016-0500 | EthScheduler-Workers-0 | INFO  | PersistBlockTask | Imported empty block #13,701 / 0 tx / 0 om / 0 (0.0%) gas / (0x6a3c4d9192a091c703ea15084734f3d5e1dbd1fdba96c4c0bc321a2e1afb7beb) in 0.002s. Peers: 7
2026-04-01 09:48:52.490-0500 | EthScheduler-Workers-0 | INFO  | PersistBlockTask | Imported empty block #13,702 / 0 tx / 0 om / 0 (0.0%) gas / (0xf3a17712848efa0e234a9e5a75746e333975d3845f092c6b2289b20e56377a32) in 0.008s. Peers: 7
2026-04-01 09:48:57.022-0500 | EthScheduler-Workers-0 | INFO  | PersistBlockTask | Imported empty block #13,703 / 0 tx / 0 om / 0 (0.0%) gas / (0xc74765e89c8eeafde5eea91a2c24c7f851c9347c5489da944141233f0237b1a0) in 0.003s. Peers: 7
2026-04-01 09:49:02.021-0500 | EthScheduler-Workers-0 | INFO  | PersistBlockTask | Imported empty block #13,704 / 0 tx / 0 om / 0 (0.0%) gas / (0xe3b04036d5b6b90dde701f160823b4013217239a4a6280cfd092d72f07be9f36) in 0.005s. Peers: 7
2026-04-01 09:49:07.019-0500 | EthScheduler-Workers-0 | INFO  | PersistBlockTask | Imported empty block #13,705 / 0 tx / 0 om / 0 (0.0%) gas / (0x491896adda515001d6544f1ffdadbc2119ba7e42d3b68667a823e263d18febd2) in 0.003s. Peers: 7
2026-04-01 09:49:12.015-0500 | EthScheduler-Workers-0 | INFO  | PersistBlockTask | Imported empty block #13,706 / 0 tx / 0 om / 0 (0.0%) gas / (0xeb60473a5530cfa225f42f87ffa21df5fb06bada355efd4ad7943b01603d4867) in 0.004s. Peers: 7
2026-04-01 09:49:25.470-0500 | EthScheduler-Workers-0 | INFO  | PersistBlockTask | Imported empty block #13,707 / 0 tx / 0 om / 0 (0.0%) gas / (0xa7ae0b8655a908f4a912c9f8844cf22486d1fd450046d699b1b4f229798f95f3) in 0.005s. Peers: 7
2026-04-01 09:49:30.027-0500 | EthScheduler-Workers-0 | INFO  | PersistBlockTask | Imported empty block #13,708 / 0 tx / 0 om / 0 (0.0%) gas / (0x87a6e0477731989339badb5554f3236c165588f8a507284a0838be212360f771) in 0.004s. Peers: 7
2026-04-01 09:49:35.013-0500 | EthScheduler-Workers-0 | INFO  | PersistBlockTask | Imported empty block #13,709 / 0 tx / 0 om / 0 (0.0%) gas / (0x91a150b57a94904ba432988452d0dcc2673078a5e06a0f6f115a21ede0b659ee) in 0.002s. Peers: 7
2026-04-01 09:49:40.013-0500 | EthScheduler-Workers-0 | INFO  | PersistBlockTask | Imported empty block #13,710 / 0 tx / 0 om / 0 (0.0%) gas / (0x0176f2d9b5f9107d6d005bd519ec2468d0588cd635967515910077ce5cf8b0ec) in 0.003s. Peers: 7
2026-04-01 09:49:53.447-0500 | EthScheduler-Workers-0 | INFO  | PersistBlockTask | Imported empty block #13,711 / 0 tx / 0 om / 0 (0.0%) gas / (0xb504b09241bfd3f9ed7209249ba60c70d6e2f9c480424701e4bcb67b0f7129a2) in 0.002s. Peers: 7
2026-04-01 09:49:58.017-0500 | EthScheduler-Workers-0 | INFO  | PersistBlockTask | Imported empty block #13,712 / 0 tx / 0 om / 0 (0.0%) gas / (0x80770ff0a3594e984d9542ad70e4f8711ec540faee4e090c79105144936d6467) in 0.003s. Peers: 7
2026-04-01 09:50:03.015-0500 | EthScheduler-Workers-0 | INFO  | PersistBlockTask | Imported empty block #13,713 / 0 tx / 0 om / 0 (0.0%) gas / (0x9142e6f6a06f95a02d755b933848e45e940152dd4dbe686edd80ed8fb3541d07) in 0.002s. Peers: 7
2026-04-01 09:50:08.014-0500 | EthScheduler-Workers-0 | INFO  | PersistBlockTask | Imported empty block #13,714 / 0 tx / 0 om / 0 (0.0%) gas / (0xd577752fb1d894efcbca99261b15ba5e7533e24ce75f45d537bfad6c01095295) in 0.004s. Peers: 7
2026-04-01 09:50:13.021-0500 | EthScheduler-Workers-0 | INFO  | PersistBlockTask | Imported empty block #13,715 / 0 tx / 0 om / 0 (0.0%) gas / (0xdd60cb09a3f1e69e91d4b28a01e57284487c9caff3d34cd4fe14c112749987f5) in 0.003s. Peers: 7
2026-04-01 09:50:26.459-0500 | EthScheduler-Workers-0 | INFO  | PersistBlockTask | Imported empty block #13,716 / 0 tx / 0 om / 0 (0.0%) gas / (0x8fb917b2bf23d13ea58441d0190ada156d31dc888e90b534bfb56cd0beccaafb) in 0.007s. Peers: 7
2026-04-01 09:50:31.013-0500 | EthScheduler-Workers-0 | INFO  | PersistBlockTask | Imported empty block #13,717 / 0 tx / 0 om / 0 (0.0%) gas / (0xa3c0f54036c13c1dc19b0aa468e78f38f251b51c37b50e25a958d8e43544c1b3) in 0.002s. Peers: 7
2026-04-01 09:50:36.020-0500 | EthScheduler-Workers-0 | INFO  | PersistBlockTask | Imported empty block #13,718 / 0 tx / 0 om / 0 (0.0%) gas / (0xaae951a5a4fadfa342c4b917d5540476ef675d9488f9d412f0b9df84fee6a0d4) in 0.003s. Peers: 7
2026-04-01 09:50:41.017-0500 | EthScheduler-Workers-0 | INFO  | PersistBlockTask | Imported empty block #13,719 / 0 tx / 0 om / 0 (0.0%) gas / (0x0ad5ccda9f57cf878badb5ced3a514d161aebda018ec1ea2aa3ec45acd0af831) in 0.003s. Peers: 7
2026-04-01 09:50:54.398-0500 | EthScheduler-Workers-0 | INFO  | PersistBlockTask | Imported empty block #13,720 / 0 tx / 0 om / 0 (0.0%) gas / (0x1b7091d0427ca9932fcdcefc4e2b2d3a681a0810765cbe578eac778eb7743775) in 0.004s. Peers: 7
2026-04-01 09:50:59.016-0500 | EthScheduler-Workers-0 | INFO  | PersistBlockTask | Imported empty block #13,721 / 0 tx / 0 om / 0 (0.0%) gas / (0xfa020dbe5b4c83121edd411521e717c7517304c4255672131e4560bc0904cd16) in 0.002s. Peers: 7
2026-04-01 09:51:04.023-0500 | EthScheduler-Workers-0 | INFO  | PersistBlockTask | Imported empty block #13,722 / 0 tx / 0 om / 0 (0.0%) gas / (0xdf7b4799299e62aef8e377b7864028e88393ecc9047e599c32dde0b60842b3bd) in 0.004s. Peers: 7
2026-04-01 09:51:09.013-0500 | EthScheduler-Workers-0 | INFO  | PersistBlockTask | Imported empty block #13,723 / 0 tx / 0 om / 0 (0.0%) gas / (0x0908d28e57345340e7ea98445279650850dfa739abc38b12314514db17d08aba) in 0.002s. Peers: 7
2026-04-01 09:51:14.014-0500 | EthScheduler-Workers-0 | INFO  | PersistBlockTask | Imported empty block #13,724 / 0 tx / 0 om / 0 (0.0%) gas / (0xb5f39243778496b6acabfc5a950be2557c598d4a553c3fcba461cd065becc8f2) in 0.003s. Peers: 7
2026-04-01 09:51:27.442-0500 | EthScheduler-Workers-0 | INFO  | PersistBlockTask | Imported empty block #13,725 / 0 tx / 0 om / 0 (0.0%) gas / (0x202310c625b6d343c688dd505d068210c8bf4f25ae704a73ead249f7f354a53d) in 0.003s. Peers: 7
2026-04-01 09:51:32.019-0500 | EthScheduler-Workers-0 | INFO  | PersistBlockTask | Imported empty block #13,726 / 0 tx / 0 om / 0 (0.0%) gas / (0x61bb44f78c379e33fa66efc8a2fb21b0835feb9c1ab4ba0d8ab4b60b7d2a9db2) in 0.003s. Peers: 7
2026-04-01 09:51:37.019-0500 | EthScheduler-Workers-0 | INFO  | PersistBlockTask | Imported empty block #13,727 / 0 tx / 0 om / 0 (0.0%) gas / (0x0f806bc5152e9bf68ecba226540c60b460e2415b3defee86ef6e780da557f210) in 0.004s. Peers: 7
2026-04-01 09:51:42.022-0500 | EthScheduler-Workers-0 | INFO  | PersistBlockTask | Imported empty block #13,728 / 0 tx / 0 om / 0 (0.0%) gas / (0xd2b50c5a8c9b4aab03df5bb5fcd00780097290cdb32aa8129271519a793e2c06) in 0.004s. Peers: 7
2026-04-01 09:51:55.458-0500 | EthScheduler-Workers-0 | INFO  | PersistBlockTask | Imported empty block #13,729 / 0 tx / 0 om / 0 (0.0%) gas / (0x404c1d97eca82a31a243fcd04a94d5bd61a62b842944451676c6f0894818d409) in 0.007s. Peers: 7
2026-04-01 09:52:00.016-0500 | EthScheduler-Workers-0 | INFO  | PersistBlockTask | Imported empty block #13,730 / 0 tx / 0 om / 0 (0.0%) gas / (0x87f8d9f720fecea0257fa26c4d8f061d866936b62b7657d42b58a4d9a8373dcb) in 0.004s. Peers: 7
2026-04-01 09:52:05.022-0500 | EthScheduler-Workers-0 | INFO  | PersistBlockTask | Imported empty block #13,731 / 0 tx / 0 om / 0 (0.0%) gas / (0xaabdc4c21ad93c4bd6f2a50371b92796703f61cdab10eefc0be5a7e982125ade) in 0.006s. Peers: 7
2026-04-01 09:52:10.019-0500 | EthScheduler-Workers-0 | INFO  | PersistBlockTask | Imported empty block #13,732 / 0 tx / 0 om / 0 (0.0%) gas / (0x2cfb4fc0a34c3b9595634881d0d64e18d0c72fbfb429673295a6118034909993) in 0.003s. Peers: 7
2026-04-01 09:52:15.024-0500 | EthScheduler-Workers-0 | INFO  | PersistBlockTask | Imported empty block #13,733 / 0 tx / 0 om / 0 (0.0%) gas / (0x8bcb134f7fdff53f9d4beb8eadd00a0e3ffda2909d932445251cf8b9232f4893) in 0.005s. Peers: 7
2026-04-01 09:52:28.441-0500 | EthScheduler-Workers-0 | INFO  | PersistBlockTask | Imported empty block #13,734 / 0 tx / 0 om / 0 (0.0%) gas / (0x8cd113fce5582e1dc51a0ea3de1b673aa270e057901b6a766bf1860754566b4c) in 0.006s. Peers: 7
2026-04-01 09:52:33.015-0500 | EthScheduler-Workers-0 | INFO  | PersistBlockTask | Imported empty block #13,735 / 0 tx / 0 om / 0 (0.0%) gas / (0xe617577215601f8fb2e5afc3af100d9c27cf6f51ee9c98696d6d74732721062b) in 0.004s. Peers: 7
2026-04-01 09:52:38.016-0500 | EthScheduler-Workers-0 | INFO  | PersistBlockTask | Imported empty block #13,736 / 0 tx / 0 om / 0 (0.0%) gas / (0x1faf7b537c68af4a957234f1c14a4ce5f00294cdd85321599116ef58ea5d6b58) in 0.003s. Peers: 7
2026-04-01 09:52:43.024-0500 | EthScheduler-Workers-0 | INFO  | PersistBlockTask | Imported empty block #13,737 / 0 tx / 0 om / 0 (0.0%) gas / (0x465e56c5405721029b066bf8ed116889e11102ea678565921f93a018d41ff54d) in 0.004s. Peers: 7
2026-04-01 09:52:48.022-0500 | EthScheduler-Workers-0 | INFO  | PersistBlockTask | Imported empty block #13,738 / 0 tx / 0 om / 0 (0.0%) gas / (0x3468bdfe51748dc80a0ac237c3404a859d0e25897548b0c953858b6fc3fe636b) in 0.003s. Peers: 7
2026-04-01 09:53:01.385-0500 | EthScheduler-Workers-0 | INFO  | PersistBlockTask | Imported empty block #13,739 / 0 tx / 0 om / 0 (0.0%) gas / (0xa4952b662f16cc043ef7a3c83c23eb7527bca23973aaa11fba4b6cdc7e76a50b) in 0.005s. Peers: 7
2026-04-01 09:53:06.016-0500 | EthScheduler-Workers-0 | INFO  | PersistBlockTask | Imported empty block #13,740 / 0 tx / 0 om / 0 (0.0%) gas / (0x2640447c37f11790d4d576b043fdb6d99c0270867cf613c54fa4df44d165e8cc) in 0.002s. Peers: 7
2026-04-01 09:53:11.018-0500 | EthScheduler-Workers-0 | INFO  | PersistBlockTask | Imported empty block #13,741 / 0 tx / 0 om / 0 (0.0%) gas / (0xbedf24c4afb58b8e8f45944b520f89b9ff376268fc5ae893c37f220c5e46fa0a) in 0.004s. Peers: 7
2026-04-01 09:53:16.012-0500 | EthScheduler-Workers-0 | INFO  | PersistBlockTask | Imported empty block #13,742 / 0 tx / 0 om / 0 (0.0%) gas / (0x7621b4faa8f84ee14e7699cf1efb8a8b33173dc6f532c5b91775308de38a8046) in 0.002s. Peers: 7
2026-04-01 09:53:29.422-0500 | EthScheduler-Workers-0 | INFO  | PersistBlockTask | Imported empty block #13,743 / 0 tx / 0 om / 0 (0.0%) gas / (0xfd681b6e5539fbbc555ef5fba55f4878f0c72197543bd3c58b54c06d560200a5) in 0.003s. Peers: 7
2026-04-01 09:53:34.023-0500 | EthScheduler-Workers-0 | INFO  | PersistBlockTask | Imported empty block #13,744 / 0 tx / 0 om / 0 (0.0%) gas / (0x2960708603eb51e9530b8ac736977259b3b4b55bb5c8e8e3e43c5f4abe84f46d) in 0.006s. Peers: 7
2026-04-01 09:53:39.014-0500 | EthScheduler-Workers-0 | INFO  | PersistBlockTask | Imported empty block #13,745 / 0 tx / 0 om / 0 (0.0%) gas / (0x5d6686287672d44f7957456573eda729806cbcacf02d192e26ebd5ebc8e2254b) in 0.002s. Peers: 7
2026-04-01 09:53:44.012-0500 | EthScheduler-Workers-0 | INFO  | PersistBlockTask | Imported empty block #13,746 / 0 tx / 0 om / 0 (0.0%) gas / (0x82fe7fe26081dfb09872f0b50c32164728f08080b6001d2d4fbf52948be26a2f) in 0.002s. Peers: 7
2026-04-01 09:53:49.015-0500 | EthScheduler-Workers-0 | INFO  | PersistBlockTask | Imported empty block #13,747 / 0 tx / 0 om / 0 (0.0%) gas / (0x15846e47f5a947474bf498051622aa7881ca6bc0b152f6f9e7b8473e63c246e4) in 0.004s. Peers: 7
2026-04-01 09:54:02.432-0500 | EthScheduler-Workers-0 | INFO  | PersistBlockTask | Imported empty block #13,748 / 0 tx / 0 om / 0 (0.0%) gas / (0xb77773d03d23d0e6cd30fc19dff03367d6541a44add6ad53d4e2f4b0c12965cd) in 0.004s. Peers: 7
2026-04-01 09:54:07.013-0500 | EthScheduler-Workers-0 | INFO  | PersistBlockTask | Imported empty block #13,749 / 0 tx / 0 om / 0 (0.0%) gas / (0x52c735a30914c365898442abe4937d5c531fa5011625710aedff5ba2a42163cb) in 0.002s. Peers: 7
2026-04-01 09:54:12.016-0500 | EthScheduler-Workers-0 | INFO  | PersistBlockTask | Imported empty block #13,750 / 0 tx / 0 om / 0 (0.0%) gas / (0x0a7bc23c3c91425267177b7d2abf047dc4bf013c920234427d407213fa66eb2a) in 0.002s. Peers: 7
2026-04-01 09:54:17.014-0500 | EthScheduler-Workers-0 | INFO  | PersistBlockTask | Imported empty block #13,751 / 0 tx / 0 om / 0 (0.0%) gas / (0xb58378b5c78bd69a17b3efe310d33739977b1213fd769dc6845b3ecff4c0475a) in 0.003s. Peers: 7
2026-04-01 09:54:30.439-0500 | EthScheduler-Workers-0 | INFO  | PersistBlockTask | Imported empty block #13,752 / 0 tx / 0 om / 0 (0.0%) gas / (0x079a13722fd2da2e41066d9b99d336d3551b4792213f1faef1a975f35702e13e) in 0.005s. Peers: 7
2026-04-01 09:54:35.014-0500 | EthScheduler-Workers-0 | INFO  | PersistBlockTask | Imported empty block #13,753 / 0 tx / 0 om / 0 (0.0%) gas / (0x0ef2a37681cb078c2b699e263c417305d92c22347e60a87c66b9be96e18a459a) in 0.002s. Peers: 7
2026-04-01 09:54:40.016-0500 | EthScheduler-Workers-0 | INFO  | PersistBlockTask | Imported empty block #13,754 / 0 tx / 0 om / 0 (0.0%) gas / (0xb33423c20e522515522f95f1aa0346c23a011b439294cbcdcbf2eaad934fd4a6) in 0.004s. Peers: 7
2026-04-01 09:54:45.012-0500 | EthScheduler-Workers-0 | INFO  | PersistBlockTask | Imported empty block #13,755 / 0 tx / 0 om / 0 (0.0%) gas / (0x5b860d336c196820a1ff815d980af49c42abec0f61e0babf69d5abadcf8708ad) in 0.002s. Peers: 7
2026-04-01 09:54:50.016-0500 | EthScheduler-Workers-0 | INFO  | PersistBlockTask | Imported empty block #13,756 / 0 tx / 0 om / 0 (0.0%) gas / (0xae99efb0820c18162229d4e3be156479844823582a892b3014a2aaf10d47056a) in 0.006s. Peers: 7
2026-04-01 09:55:03.451-0500 | EthScheduler-Workers-0 | INFO  | PersistBlockTask | Imported empty block #13,757 / 0 tx / 0 om / 0 (0.0%) gas / (0xa17755ba2906ae8d9ee89cad7a6e906480018e89b16d2d1d15f6ff5ca6a3bbea) in 0.006s. Peers: 7
2026-04-01 09:55:08.016-0500 | EthScheduler-Workers-0 | INFO  | PersistBlockTask | Imported empty block #13,758 / 0 tx / 0 om / 0 (0.0%) gas / (0xb1448fddef108b785182e9c203bf5e4952fdf7e19285f6ce7565b87e006e1b37) in 0.003s. Peers: 7
2026-04-01 09:55:13.028-0500 | EthScheduler-Workers-0 | INFO  | PersistBlockTask | Imported empty block #13,759 / 0 tx / 0 om / 0 (0.0%) gas / (0x60356fb9bb926af0087f38efe1d01698e17b7c804b442c4076e696da5240a1b8) in 0.004s. Peers: 7
2026-04-01 09:55:18.013-0500 | EthScheduler-Workers-0 | INFO  | PersistBlockTask | Imported empty block #13,760 / 0 tx / 0 om / 0 (0.0%) gas / (0x02dbe6e4c802f9b823e62f86602cb1799c35243bce8053207a5370ef26dd3e35) in 0.002s. Peers: 7
2026-04-01 09:55:31.429-0500 | EthScheduler-Workers-0 | INFO  | PersistBlockTask | Imported empty block #13,761 / 0 tx / 0 om / 0 (0.0%) gas / (0xf0f6f39beff6eedad5ab5917adab938f6034fccd36aa95d0a6546316834774c9) in 0.004s. Peers: 7
2026-04-01 09:55:36.014-0500 | EthScheduler-Workers-0 | INFO  | PersistBlockTask | Imported empty block #13,762 / 0 tx / 0 om / 0 (0.0%) gas / (0xd241fd811fa0e1bda8f04f6b161102808bf35b963d6c4c347ca863955f1333c4) in 0.002s. Peers: 7
2026-04-01 09:55:41.013-0500 | EthScheduler-Workers-0 | INFO  | PersistBlockTask | Imported empty block #13,763 / 0 tx / 0 om / 0 (0.0%) gas / (0xeca7aa7479113d422e481e6fe1702113cb7b92bd630b0fbc0e9b8ec67dd9f7a8) in 0.003s. Peers: 7
2026-04-01 09:55:46.012-0500 | EthScheduler-Workers-0 | INFO  | PersistBlockTask | Imported empty block #13,764 / 0 tx / 0 om / 0 (0.0%) gas / (0x918472466e8afac74873ba51987aef744820e3d7cff5690fd24db47b1ed5d0ae) in 0.002s. Peers: 7
2026-04-01 09:55:51.014-0500 | EthScheduler-Workers-0 | INFO  | PersistBlockTask | Imported empty block #13,765 / 0 tx / 0 om / 0 (0.0%) gas / (0x6f678bcfcd6b1793566a04cc4810583dcc5ac73d041e1824c1cedb87f8085812) in 0.004s. Peers: 7
2026-04-01 09:56:04.381-0500 | EthScheduler-Workers-0 | INFO  | PersistBlockTask | Imported empty block #13,766 / 0 tx / 0 om / 0 (0.0%) gas / (0xedb36a0a24c2ea897fa60dbce4a55f248ed18b71aae85c11b70b48ddd394ddb7) in 0.003s. Peers: 7
2026-04-01 09:56:09.014-0500 | EthScheduler-Workers-0 | INFO  | PersistBlockTask | Imported empty block #13,767 / 0 tx / 0 om / 0 (0.0%) gas / (0x6ebea87a9ade0a7050b154c55c304175280a79bf83846c67cc727fa3a00b3a9b) in 0.002s. Peers: 7
2026-04-01 09:56:14.019-0500 | EthScheduler-Workers-0 | INFO  | PersistBlockTask | Imported empty block #13,768 / 0 tx / 0 om / 0 (0.0%) gas / (0x48b03b117075c04694e9c14a8d2b4909687806d7fe391e1bb246c3a83534a33c) in 0.005s. Peers: 7
2026-04-01 09:56:19.020-0500 | EthScheduler-Workers-0 | INFO  | PersistBlockTask | Imported empty block #13,769 / 0 tx / 0 om / 0 (0.0%) gas / (0xa39e63d23a58383c18aa6fa57d4163d5259503b1b4a0b45fb4a85407c00fede2) in 0.006s. Peers: 7
2026-04-01 09:56:32.438-0500 | EthScheduler-Workers-0 | INFO  | PersistBlockTask | Imported empty block #13,770 / 0 tx / 0 om / 0 (0.0%) gas / (0xd1ebbf2396b26eafd6c975c3a7c4c21767a664fd8601c261401c755ebade00f4) in 0.003s. Peers: 7
2026-04-01 09:56:37.016-0500 | EthScheduler-Workers-0 | INFO  | PersistBlockTask | Imported empty block #13,771 / 0 tx / 0 om / 0 (0.0%) gas / (0xbd0e874c3eb87531fe9b715acbcf9b7031fc8775319886457a2ad8edf0a216bc) in 0.004s. Peers: 7
2026-04-01 09:56:42.011-0500 | EthScheduler-Workers-0 | INFO  | PersistBlockTask | Imported empty block #13,772 / 0 tx / 0 om / 0 (0.0%) gas / (0xd4e559015afc4860c3c37c7a175d5734c1723e48f11edfbed6293519d2a0d4f2) in 0.002s. Peers: 7
2026-04-01 09:56:47.023-0500 | EthScheduler-Workers-0 | INFO  | PersistBlockTask | Imported empty block #13,773 / 0 tx / 0 om / 0 (0.0%) gas / (0xa003be0aebd81418abad234afd39f5237048a6244ae2d4b4c50c8429807331e7) in 0.004s. Peers: 7
2026-04-01 09:56:52.011-0500 | EthScheduler-Workers-0 | INFO  | PersistBlockTask | Imported empty block #13,774 / 0 tx / 0 om / 0 (0.0%) gas / (0x9687972f4f6caddccef1e4084553623230bcf4fb79b375a8522d724c32c03bcc) in 0.003s. Peers: 7
2026-04-01 09:57:05.418-0500 | EthScheduler-Workers-0 | INFO  | PersistBlockTask | Imported empty block #13,775 / 0 tx / 0 om / 0 (0.0%) gas / (0xbb77a5a56ba04bcf475c49ed9086afdaf51d0db89c5b45ad09054b1e40ceb2ee) in 0.007s. Peers: 7
2026-04-01 09:57:10.017-0500 | EthScheduler-Workers-0 | INFO  | PersistBlockTask | Imported empty block #13,776 / 0 tx / 0 om / 0 (0.0%) gas / (0x693f1c89b3e47356a8472d8ced00c15cfbc034ce81f76e4302dcf321240afe97) in 0.003s. Peers: 7
2026-04-01 09:57:15.014-0500 | EthScheduler-Workers-0 | INFO  | PersistBlockTask | Imported empty block #13,777 / 0 tx / 0 om / 0 (0.0%) gas / (0xe062f21f860fe733012d00fcb0dd6bcd5e8232137545cb94f4a4d8cf102dbc36) in 0.002s. Peers: 7
2026-04-01 09:57:20.014-0500 | EthScheduler-Workers-0 | INFO  | PersistBlockTask | Imported empty block #13,778 / 0 tx / 0 om / 0 (0.0%) gas / (0x82d0f2fd4b41b9361b86ed854d0a1a435a67a4a35bae4aba9d50bf75f30e7f7a) in 0.002s. Peers: 7
2026-04-01 09:57:33.432-0500 | EthScheduler-Workers-0 | INFO  | PersistBlockTask | Imported empty block #13,779 / 0 tx / 0 om / 0 (0.0%) gas / (0x96327eb6cb3569b0c21a25a3080adaf6835453e5dc00c68b83de76e4c3b220e5) in 0.004s. Peers: 7
2026-04-01 09:57:38.019-0500 | EthScheduler-Workers-0 | INFO  | PersistBlockTask | Imported empty block #13,780 / 0 tx / 0 om / 0 (0.0%) gas / (0x5e9e54d4217164886e305feef881bf77b199eceb1fa082305d0b5b7ee6dbd874) in 0.004s. Peers: 7
2026-04-01 09:57:43.014-0500 | EthScheduler-Workers-0 | INFO  | PersistBlockTask | Imported empty block #13,781 / 0 tx / 0 om / 0 (0.0%) gas / (0x6a585b0f01a68a907fe14df6b8b867a37eece4117ccb46ff65a38248f9dfa59c) in 0.003s. Peers: 7
2026-04-01 09:57:48.012-0500 | EthScheduler-Workers-0 | INFO  | PersistBlockTask | Imported empty block #13,782 / 0 tx / 0 om / 0 (0.0%) gas / (0x9eb0cfe5a6c02108b7dfb0674064eed7d49a750e3f8c3d240e0b939efe416ac7) in 0.002s. Peers: 7
2026-04-01 09:57:53.020-0500 | EthScheduler-Workers-0 | INFO  | PersistBlockTask | Imported empty block #13,783 / 0 tx / 0 om / 0 (0.0%) gas / (0x50cff62da7f8281d6fdf2bfe795855e3de074fb9f15bc5f4b4ea6053347e78bd) in 0.005s. Peers: 7
2026-04-01 09:58:06.411-0500 | EthScheduler-Workers-0 | INFO  | PersistBlockTask | Imported empty block #13,784 / 0 tx / 0 om / 0 (0.0%) gas / (0xa9d14cf91ad65506674205b0622cc93b5de534098e898a5ce901d91ba111bf53) in 0.004s. Peers: 7
2026-04-01 09:58:11.016-0500 | EthScheduler-Workers-0 | INFO  | PersistBlockTask | Imported empty block #13,785 / 0 tx / 0 om / 0 (0.0%) gas / (0x9ceec0a1f501ead1f60c279558d68209ac54e55e7c067145d6c201fd7677d67f) in 0.003s. Peers: 7
2026-04-01 09:58:16.012-0500 | EthScheduler-Workers-0 | INFO  | PersistBlockTask | Imported empty block #13,786 / 0 tx / 0 om / 0 (0.0%) gas / (0x35de9fec0d83ffb164a2228caf5fc34deb08f1fd5edc402c2898f704516be084) in 0.002s. Peers: 7
2026-04-01 09:58:21.012-0500 | EthScheduler-Workers-0 | INFO  | PersistBlockTask | Imported empty block #13,787 / 0 tx / 0 om / 0 (0.0%) gas / (0xf16e4399873e75d736dee0aa4ab473055f8c19d2353c403b3e15a12e8bb967e3) in 0.001s. Peers: 7
2026-04-01 09:58:34.371-0500 | EthScheduler-Workers-0 | INFO  | PersistBlockTask | Imported empty block #13,788 / 0 tx / 0 om / 0 (0.0%) gas / (0x44d9c61b34efa0c2c4ec72f77832a501e2000147cc4eb21927ee9305c350e040) in 0.003s. Peers: 7
2026-04-01 09:58:39.013-0500 | EthScheduler-Workers-0 | INFO  | PersistBlockTask | Imported empty block #13,789 / 0 tx / 0 om / 0 (0.0%) gas / (0xb83ac7656a6043eb3ac492eddc34e320f38284b4b56800e282b4fd2d2a8ec45b) in 0.003s. Peers: 7
2026-04-01 09:58:44.023-0500 | EthScheduler-Workers-0 | INFO  | PersistBlockTask | Imported empty block #13,790 / 0 tx / 0 om / 0 (0.0%) gas / (0x4f5b68351f3e6b995f5ffdfa2eb674fc231d45a47528509d83b86203d8232864) in 0.005s. Peers: 7
2026-04-01 09:58:49.016-0500 | EthScheduler-Workers-0 | INFO  | PersistBlockTask | Imported empty block #13,791 / 0 tx / 0 om / 0 (0.0%) gas / (0x3d019c3bb21cd4dc6bd3ca3784250afa46d1bd5a810ab95cd96a8f9f141cbefc) in 0.004s. Peers: 7
2026-04-01 09:58:54.015-0500 | EthScheduler-Workers-0 | INFO  | PersistBlockTask | Imported empty block #13,792 / 0 tx / 0 om / 0 (0.0%) gas / (0x2b02558e61b338fbd4f7228a0066e1840bcd1a265cf1a31e2bcd544a3b058136) in 0.003s. Peers: 7
2026-04-01 09:59:07.425-0500 | EthScheduler-Workers-0 | INFO  | PersistBlockTask | Imported empty block #13,793 / 0 tx / 0 om / 0 (0.0%) gas / (0x7be29f3a4cf71bd3a531d9ea765b454c91725fb9e5a663e26bad6a7ae5e7febd) in 0.005s. Peers: 7
2026-04-01 09:59:12.013-0500 | EthScheduler-Workers-0 | INFO  | PersistBlockTask | Imported empty block #13,794 / 0 tx / 0 om / 0 (0.0%) gas / (0x47a8ea3a16faaaec263996c4038f27ae1a97401af785eb280a66f1ed5da2f647) in 0.003s. Peers: 7
2026-04-01 09:59:17.013-0500 | EthScheduler-Workers-0 | INFO  | PersistBlockTask | Imported empty block #13,795 / 0 tx / 0 om / 0 (0.0%) gas / (0xaa42ee4355ace022a1070b3e33e0e9b2a2f43137e58a26e558c755d9d72ea1eb) in 0.002s. Peers: 7
2026-04-01 09:59:22.013-0500 | EthScheduler-Workers-0 | INFO  | PersistBlockTask | Imported empty block #13,796 / 0 tx / 0 om / 0 (0.0%) gas / (0xab8d8d10688b7569b960c8455526c92c7e61fbe2d0e8f1caef0cb2031a99ecbe) in 0.003s. Peers: 7
2026-04-01 09:59:35.429-0500 | EthScheduler-Workers-0 | INFO  | PersistBlockTask | Imported empty block #13,797 / 0 tx / 0 om / 0 (0.0%) gas / (0xd800bdd06cf1297da99db8cae977196ead8df34f86b8e9d62af82b181b3737b3) in 0.004s. Peers: 7
2026-04-01 09:59:40.020-0500 | EthScheduler-Workers-0 | INFO  | PersistBlockTask | Imported empty block #13,798 / 0 tx / 0 om / 0 (0.0%) gas / (0xc6a31dc89ed7caeee3e362a3275573668b2fc704745599fbc1d2dd1013b00070) in 0.003s. Peers: 7
2026-04-01 09:59:45.014-0500 | EthScheduler-Workers-0 | INFO  | PersistBlockTask | Imported empty block #13,799 / 0 tx / 0 om / 0 (0.0%) gas / (0x54971f041476a228fbe8dea83c821a9996c119842b8cb1c4602c86f02ab76373) in 0.003s. Peers: 7
2026-04-01 09:59:50.019-0500 | EthScheduler-Workers-0 | INFO  | PersistBlockTask | Imported empty block #13,800 / 0 tx / 0 om / 0 (0.0%) gas / (0xcd8d0726bce50c4455e2b9d0f067fc9ddeb37856e356fde5d8792175b6334a9b) in 0.004s. Peers: 7
2026-04-01 09:59:55.014-0500 | EthScheduler-Workers-0 | INFO  | PersistBlockTask | Imported empty block #13,801 / 0 tx / 0 om / 0 (0.0%) gas / (0x1bffef854ef6165fa604f6afb5b614a56947b5346150e21fa8200bd07ae254c1) in 0.003s. Peers: 7
2026-04-01 10:00:08.414-0500 | EthScheduler-Workers-0 | INFO  | PersistBlockTask | Imported empty block #13,802 / 0 tx / 0 om / 0 (0.0%) gas / (0x0f17782e31b092311736c86adc875d2da2b356b7da8c652bddd64b0bb84fa23f) in 0.002s. Peers: 7
2026-04-01 10:00:13.012-0500 | EthScheduler-Workers-0 | INFO  | PersistBlockTask | Imported empty block #13,803 / 0 tx / 0 om / 0 (0.0%) gas / (0x07b87688859284c7136f02b93c54f4b7f851a11d69cd0e10be394a103f29af5f) in 0.002s. Peers: 7
2026-04-01 10:00:18.017-0500 | EthScheduler-Workers-0 | INFO  | PersistBlockTask | Imported empty block #13,804 / 0 tx / 0 om / 0 (0.0%) gas / (0x53e3fa56971fc94bb3b82d06524050044d7e19667a42be6037a731ad433c89a2) in 0.004s. Peers: 7
2026-04-01 10:00:23.017-0500 | EthScheduler-Workers-0 | INFO  | PersistBlockTask | Imported empty block #13,805 / 0 tx / 0 om / 0 (0.0%) gas / (0xcf59331938b73a0478ff304439a916c686a93977133a49ba7a417e3e1eee2d4f) in 0.005s. Peers: 7
2026-04-01 10:00:28.015-0500 | EthScheduler-Workers-0 | INFO  | PersistBlockTask | Imported empty block #13,806 / 0 tx / 0 om / 0 (0.0%) gas / (0xd11826888995c0deb96c61b24be4c09001fc635b93a15716f6481457faba9f7e) in 0.003s. Peers: 7
2026-04-01 10:00:41.400-0500 | EthScheduler-Workers-0 | INFO  | PersistBlockTask | Imported empty block #13,807 / 0 tx / 0 om / 0 (0.0%) gas / (0x3c54015002b115d693c0abf736a5bbc75f5d5bc0b895ef8a64e55b56bbbb1b35) in 0.005s. Peers: 7
2026-04-01 10:00:46.013-0500 | EthScheduler-Workers-0 | INFO  | PersistBlockTask | Imported empty block #13,808 / 0 tx / 0 om / 0 (0.0%) gas / (0x50ef3098537552af0795953191ed0ed2ea0a95ca558b4f1ea3f0b5f0b51f3201) in 0.002s. Peers: 7
2026-04-01 10:00:51.012-0500 | EthScheduler-Workers-0 | INFO  | PersistBlockTask | Imported empty block #13,809 / 0 tx / 0 om / 0 (0.0%) gas / (0xf8cb9c4952b1e94bae2d000fefb2263e53d9568c635d604f4a6649c5b48435ed) in 0.003s. Peers: 7
2026-04-01 10:00:56.013-0500 | EthScheduler-Workers-0 | INFO  | PersistBlockTask | Imported empty block #13,810 / 0 tx / 0 om / 0 (0.0%) gas / (0x1f826cbc7c2a87065ae939d5265081638a299f3be677f173f292c908ec10050b) in 0.002s. Peers: 7
2026-04-01 10:01:09.376-0500 | EthScheduler-Workers-0 | INFO  | PersistBlockTask | Imported empty block #13,811 / 0 tx / 0 om / 0 (0.0%) gas / (0x7a125fe104eaa37737aef63ce692881df389d2081af381d024d96984fd74fdf6) in 0.003s. Peers: 7
2026-04-01 10:01:14.012-0500 | EthScheduler-Workers-0 | INFO  | PersistBlockTask | Imported empty block #13,812 / 0 tx / 0 om / 0 (0.0%) gas / (0x31e1ccf71de9dae12491e13e30f9e69b82244bd17f5645ea8c83c201c9a79f64) in 0.002s. Peers: 7
2026-04-01 10:01:19.017-0500 | EthScheduler-Workers-0 | INFO  | PersistBlockTask | Imported empty block #13,813 / 0 tx / 0 om / 0 (0.0%) gas / (0x6d3168e04ae176f520255fb1c252c96a3d71449ce0ace5e500099163fab8887c) in 0.004s. Peers: 7
2026-04-01 10:01:24.013-0500 | EthScheduler-Workers-0 | INFO  | PersistBlockTask | Imported empty block #13,814 / 0 tx / 0 om / 0 (0.0%) gas / (0x2a5de7f7ca8a53171e275321832f8f882f551aa749445fd63e89e0640ba7d522) in 0.002s. Peers: 7
2026-04-01 10:01:29.017-0500 | EthScheduler-Workers-0 | INFO  | PersistBlockTask | Imported empty block #13,815 / 0 tx / 0 om / 0 (0.0%) gas / (0xf39a8559d7f74505c2c4dc7af64c5ec7c417d33a77e277454665b1dc28c4ae97) in 0.003s. Peers: 7
2026-04-01 10:01:42.406-0500 | EthScheduler-Workers-0 | INFO  | PersistBlockTask | Imported empty block #13,816 / 0 tx / 0 om / 0 (0.0%) gas / (0x8bba15be98e0c0019f82a14a6b6e5d5bb0700ca63bf94c084bd628952fa21204) in 0.005s. Peers: 7
2026-04-01 10:01:47.018-0500 | EthScheduler-Workers-0 | INFO  | PersistBlockTask | Imported empty block #13,817 / 0 tx / 0 om / 0 (0.0%) gas / (0x999de4ebf01c4efc757e3d8b5e4563c979773b21495e46acc595cb586b716d0a) in 0.003s. Peers: 7
2026-04-01 10:01:52.018-0500 | EthScheduler-Workers-0 | INFO  | PersistBlockTask | Imported empty block #13,818 / 0 tx / 0 om / 0 (0.0%) gas / (0xfd79df70e546313c43bf0701221c5047906d454273f6faa99a8edba60818ec80) in 0.005s. Peers: 7
2026-04-01 10:01:57.012-0500 | EthScheduler-Workers-0 | INFO  | PersistBlockTask | Imported empty block #13,819 / 0 tx / 0 om / 0 (0.0%) gas / (0xd9f2260e1f41afc211c7abf2fbd30e4532c3ca7718693d182a7a33eaacc89d19) in 0.003s. Peers: 7
2026-04-01 10:02:10.402-0500 | EthScheduler-Workers-0 | INFO  | PersistBlockTask | Imported empty block #13,820 / 0 tx / 0 om / 0 (0.0%) gas / (0x53e95d21e20f012399cb3206d8fea22fd28a5028c549157a2d2dffb957574859) in 0.003s. Peers: 7
2026-04-01 10:02:15.013-0500 | EthScheduler-Workers-0 | INFO  | PersistBlockTask | Imported empty block #13,821 / 0 tx / 0 om / 0 (0.0%) gas / (0x3d641ffc265197f8e60e0398dddb8ddec41c702ae3e5f2e3f317489534f0381f) in 0.002s. Peers: 7
2026-04-01 10:02:20.019-0500 | EthScheduler-Workers-0 | INFO  | PersistBlockTask | Imported empty block #13,822 / 0 tx / 0 om / 0 (0.0%) gas / (0x4570622bf904db37b01191e5c79b08723e95672024b659d6c16ed93df0b3d7d4) in 0.005s. Peers: 7
2026-04-01 10:02:25.036-0500 | EthScheduler-Workers-0 | INFO  | PersistBlockTask | Imported empty block #13,823 / 0 tx / 0 om / 0 (0.0%) gas / (0xf427e0bcb90da02f14d41808e8d02d69ee23a7c80c7232f1a893b717bb844315) in 0.010s. Peers: 7
2026-04-01 10:02:30.015-0500 | EthScheduler-Workers-0 | INFO  | PersistBlockTask | Imported empty block #13,824 / 0 tx / 0 om / 0 (0.0%) gas / (0x77cc5d59bc925b26ce078dabf5e8983c4db0e465c5d21024798f51cc6cb7bf3d) in 0.003s. Peers: 7
2026-04-01 10:02:43.414-0500 | EthScheduler-Workers-0 | INFO  | PersistBlockTask | Imported empty block #13,825 / 0 tx / 0 om / 0 (0.0%) gas / (0x6b4bf40aff70ddb9c0dc0c9fed8958f4edacb479b42beec9664fc7c69068008e) in 0.003s. Peers: 7
2026-04-01 10:02:48.016-0500 | EthScheduler-Workers-0 | INFO  | PersistBlockTask | Imported empty block #13,826 / 0 tx / 0 om / 0 (0.0%) gas / (0x003215e93ae75d75333b7e26c4d2c75c600a7ada1a20507416dc8faf57aeddec) in 0.003s. Peers: 7
2026-04-01 10:02:53.015-0500 | EthScheduler-Workers-0 | INFO  | PersistBlockTask | Imported empty block #13,827 / 0 tx / 0 om / 0 (0.0%) gas / (0x8153b3214566a773033de4dfb904346b49d5d31643f132b003ded0966b418a73) in 0.002s. Peers: 7
2026-04-01 10:02:58.020-0500 | EthScheduler-Workers-0 | INFO  | PersistBlockTask | Imported empty block #13,828 / 0 tx / 0 om / 0 (0.0%) gas / (0x7d880dcf3796c3af2c8da4b806b3dce601edd185bee737d4f53765ba8ad954ef) in 0.003s. Peers: 7
2026-04-01 10:03:11.377-0500 | EthScheduler-Workers-0 | INFO  | PersistBlockTask | Imported empty block #13,829 / 0 tx / 0 om / 0 (0.0%) gas / (0xeb2f3803cf620eea207a690098f1ff01c39b3b2a1336641ae29c13101956bb86) in 0.005s. Peers: 7
2026-04-01 10:03:16.016-0500 | EthScheduler-Workers-0 | INFO  | PersistBlockTask | Imported empty block #13,830 / 0 tx / 0 om / 0 (0.0%) gas / (0x657f29efd8a869720d3ee40dfa8ab2bdce4f831044e01c27f41ad4790463c624) in 0.003s. Peers: 7
2026-04-01 10:03:21.012-0500 | EthScheduler-Workers-0 | INFO  | PersistBlockTask | Imported empty block #13,831 / 0 tx / 0 om / 0 (0.0%) gas / (0x1a2d924fd8067bd549afa06031ef3102bdf3a82746e3a5dfe498f42912b9dffc) in 0.003s. Peers: 7
2026-04-01 10:03:26.013-0500 | EthScheduler-Workers-0 | INFO  | PersistBlockTask | Imported empty block #13,832 / 0 tx / 0 om / 0 (0.0%) gas / (0x09e0ee92077ccdf757086c763c4a75a15fdf7d63a0c4c452534c4c6d738d7833) in 0.002s. Peers: 7
2026-04-01 10:03:31.013-0500 | EthScheduler-Workers-0 | INFO  | PersistBlockTask | Imported empty block #13,833 / 0 tx / 0 om / 0 (0.0%) gas / (0x8bf39217f74259246d7cd4e8f66987ec48e7d3d9315afb9630530c9cd1a28f15) in 0.003s. Peers: 7
2026-04-01 10:03:44.344-0500 | EthScheduler-Workers-0 | INFO  | PersistBlockTask | Imported empty block #13,834 / 0 tx / 0 om / 0 (0.0%) gas / (0x32378e6cdd5ad2e95c4526ea134499c32516083369de4ffd7fadcb45d9207ec6) in 0.004s. Peers: 7
2026-04-01 10:03:49.029-0500 | EthScheduler-Workers-0 | INFO  | PersistBlockTask | Imported empty block #13,835 / 0 tx / 0 om / 0 (0.0%) gas / (0x3a2b746cb89d939a13667cd8138b14260e67d5868ad9ec2970d6809538b02d1b) in 0.009s. Peers: 7
2026-04-01 10:03:54.012-0500 | EthScheduler-Workers-0 | INFO  | PersistBlockTask | Imported empty block #13,836 / 0 tx / 0 om / 0 (0.0%) gas / (0x98ab2cd75a26e6af2f73bede486897a83a4f45d0e5ddeae46754b5afe8b93121) in 0.002s. Peers: 7
2026-04-01 10:03:59.013-0500 | EthScheduler-Workers-0 | INFO  | PersistBlockTask | Imported empty block #13,837 / 0 tx / 0 om / 0 (0.0%) gas / (0x3dcd149412501e66e6ff24f54cc846f0d26a57f3bb9965adad3e4fa9f82d1d89) in 0.004s. Peers: 7
2026-04-01 10:04:12.410-0500 | EthScheduler-Workers-0 | INFO  | PersistBlockTask | Imported empty block #13,838 / 0 tx / 0 om / 0 (0.0%) gas / (0x9dc631862fbdb7e9e0ee431e7f02fd3dece6848b67eb9fbb2bb9efadda21bd8a) in 0.006s. Peers: 7
2026-04-01 10:04:17.011-0500 | EthScheduler-Workers-0 | INFO  | PersistBlockTask | Imported empty block #13,839 / 0 tx / 0 om / 0 (0.0%) gas / (0xdb1c001a17d9e642fac9d50a3f6faf7f19459535a486f4b4796ae0a5054a505a) in 0.002s. Peers: 7
2026-04-01 10:04:22.015-0500 | EthScheduler-Workers-0 | INFO  | PersistBlockTask | Imported empty block #13,840 / 0 tx / 0 om / 0 (0.0%) gas / (0x5aafe4194dae4107519d8e8043f16f0810d580071754dc99070e2099b491625a) in 0.003s. Peers: 7
2026-04-01 10:04:27.019-0500 | EthScheduler-Workers-0 | INFO  | PersistBlockTask | Imported empty block #13,841 / 0 tx / 0 om / 0 (0.0%) gas / (0x9f19503679f5eac6ad5bdc12db4bc6ee8c50f2d943a9fc576988dc6bd6a02ca7) in 0.005s. Peers: 7
2026-04-01 10:04:32.020-0500 | EthScheduler-Workers-0 | INFO  | PersistBlockTask | Imported empty block #13,842 / 0 tx / 0 om / 0 (0.0%) gas / (0x9a94f3bb87c847d018c2cb1bf62c4b878f53617a115f9de08aa1a39b262bcce7) in 0.004s. Peers: 7
2026-04-01 10:04:45.394-0500 | EthScheduler-Workers-0 | INFO  | PersistBlockTask | Imported empty block #13,843 / 0 tx / 0 om / 0 (0.0%) gas / (0x31ec33f1bec9b0ea4e54c8b3a88fb5a2b0af1e83dbf4e157e9eb1dd7e581eb72) in 0.003s. Peers: 7
2026-04-01 10:04:50.015-0500 | EthScheduler-Workers-0 | INFO  | PersistBlockTask | Imported empty block #13,844 / 0 tx / 0 om / 0 (0.0%) gas / (0x4feeb05cd8d7cf04c8b9dc93212bc1054d0912bc26b1eec2ebead4ecfde17f7e) in 0.002s. Peers: 7
2026-04-01 10:04:55.019-0500 | EthScheduler-Workers-0 | INFO  | PersistBlockTask | Imported empty block #13,845 / 0 tx / 0 om / 0 (0.0%) gas / (0xfe330e4d7a188c8fbc76134734355a2751099a7c4ad68328e7b4b9cfa1474912) in 0.004s. Peers: 7
2026-04-01 10:05:00.014-0500 | EthScheduler-Workers-0 | INFO  | PersistBlockTask | Imported empty block #13,846 / 0 tx / 0 om / 0 (0.0%) gas / (0xbcd291457bfc6d31eb76329c2f96d0d8586d39078123706f73670f207ee6a6b6) in 0.004s. Peers: 7
2026-04-01 10:05:13.393-0500 | EthScheduler-Workers-0 | INFO  | PersistBlockTask | Imported empty block #13,847 / 0 tx / 0 om / 0 (0.0%) gas / (0xaafc90f1c0757b15cee1c4408f9d6f5abec2e3c16505209cd9f0a736e7aa2479) in 0.007s. Peers: 7
2026-04-01 10:05:18.014-0500 | EthScheduler-Workers-0 | INFO  | PersistBlockTask | Imported empty block #13,848 / 0 tx / 0 om / 0 (0.0%) gas / (0xeef5ab303d401d9bc65a76298e9ec7bf80e4987fba08915723114e1d4a9d943f) in 0.004s. Peers: 7
2026-04-01 10:05:23.015-0500 | EthScheduler-Workers-0 | INFO  | PersistBlockTask | Imported empty block #13,849 / 0 tx / 0 om / 0 (0.0%) gas / (0xdb9e450e254b369f2208e1b43148b32d4fa9e3c148ca0a82afd8da9e823cc90c) in 0.002s. Peers: 7
2026-04-01 10:05:28.014-0500 | EthScheduler-Workers-0 | INFO  | PersistBlockTask | Imported empty block #13,850 / 0 tx / 0 om / 0 (0.0%) gas / (0xc80552d677ae3db7e0f26e9c2f614dc167381a3797c24c8f7f0c5b88a067b58f) in 0.004s. Peers: 7
2026-04-01 10:05:33.012-0500 | EthScheduler-Workers-0 | INFO  | PersistBlockTask | Imported empty block #13,851 / 0 tx / 0 om / 0 (0.0%) gas / (0x1e70d29ee9d87cb925f5682ad8588a613f23d444f1ea46d55b35f3424f958f44) in 0.003s. Peers: 7
2026-04-01 10:05:46.357-0500 | EthScheduler-Workers-0 | INFO  | PersistBlockTask | Imported empty block #13,852 / 0 tx / 0 om / 0 (0.0%) gas / (0x7b048a0e8bd18a49fdc52ef0f910e0692ae08133201b1972581552e53548509b) in 0.002s. Peers: 7
2026-04-01 10:05:51.017-0500 | EthScheduler-Workers-0 | INFO  | PersistBlockTask | Imported empty block #13,853 / 0 tx / 0 om / 0 (0.0%) gas / (0xbb6bb3197e12aa98ed3cf59936a46714d13f2caf59b1de0b7633fdfecec5aa04) in 0.005s. Peers: 7
2026-04-01 10:05:56.012-0500 | EthScheduler-Workers-0 | INFO  | PersistBlockTask | Imported empty block #13,854 / 0 tx / 0 om / 0 (0.0%) gas / (0x330137e01de8869aa9ad5144c44fe19dfa4b0ec5ee0ad974258bece3d2d7562f) in 0.003s. Peers: 7
2026-04-01 10:06:01.022-0500 | EthScheduler-Workers-0 | INFO  | PersistBlockTask | Imported empty block #13,855 / 0 tx / 0 om / 0 (0.0%) gas / (0xbfb0b6ec3f2745b76fb7cdf9db558b569e521239e82ccd3ac85dbd3d0d9a4748) in 0.003s. Peers: 7
2026-04-01 10:06:14.334-0500 | EthScheduler-Workers-0 | INFO  | PersistBlockTask | Imported empty block #13,856 / 0 tx / 0 om / 0 (0.0%) gas / (0x2c190749799ff79bb6adbcc52f65a62defaea13473016f3267dd41ae4e3a6f9b) in 0.003s. Peers: 7
2026-04-01 10:06:19.016-0500 | EthScheduler-Workers-0 | INFO  | PersistBlockTask | Imported empty block #13,857 / 0 tx / 0 om / 0 (0.0%) gas / (0xb1c74626c12e341db95abc50e0e0504cc4b2a5541da39739df181f374c6df8f0) in 0.003s. Peers: 7
2026-04-01 10:06:24.016-0500 | EthScheduler-Workers-0 | INFO  | PersistBlockTask | Imported empty block #13,858 / 0 tx / 0 om / 0 (0.0%) gas / (0xc5a7f51856845ebdc2a4b3391e5acb83cff6a90ba16930a13e97831ce52d76e9) in 0.003s. Peers: 7
2026-04-01 10:06:29.014-0500 | EthScheduler-Workers-0 | INFO  | PersistBlockTask | Imported empty block #13,859 / 0 tx / 0 om / 0 (0.0%) gas / (0x917e69763c3787645b220fbcd0af0d18b62a39c4437e87a3e53037e168125fc1) in 0.003s. Peers: 7
2026-04-01 10:06:34.020-0500 | EthScheduler-Workers-0 | INFO  | PersistBlockTask | Imported empty block #13,860 / 0 tx / 0 om / 0 (0.0%) gas / (0xf199496b972ab54c1c2c239b073cc7e4f9e57e7887d3102e0f4a60d1ceace69d) in 0.005s. Peers: 7
2026-04-01 10:06:47.375-0500 | EthScheduler-Workers-0 | INFO  | PersistBlockTask | Imported empty block #13,861 / 0 tx / 0 om / 0 (0.0%) gas / (0xb5c75542305701a5b3ed8e6c6d6143b9d9e696e564085344b6205c71051ac828) in 0.003s. Peers: 7
2026-04-01 10:06:52.015-0500 | EthScheduler-Workers-0 | INFO  | PersistBlockTask | Imported empty block #13,862 / 0 tx / 0 om / 0 (0.0%) gas / (0xf8762ac344682fdb4b6085af6c9345a2ad35408c9ec10530a2c17535c2090565) in 0.002s. Peers: 7
2026-04-01 10:06:57.013-0500 | EthScheduler-Workers-0 | INFO  | PersistBlockTask | Imported empty block #13,863 / 0 tx / 0 om / 0 (0.0%) gas / (0xd95cc73cbd289eecc74cb7f63dd9ae9b22c8e0bab234d1188ae7a9619b130061) in 0.003s. Peers: 7
2026-04-01 10:07:02.013-0500 | EthScheduler-Workers-0 | INFO  | PersistBlockTask | Imported empty block #13,864 / 0 tx / 0 om / 0 (0.0%) gas / (0x045d048ec1f3cac6db336e9fa734a507a1e82bb217541c3b5fa1e2aa8be01b1e) in 0.003s. Peers: 7
2026-04-01 10:07:15.419-0500 | EthScheduler-Workers-0 | INFO  | PersistBlockTask | Imported empty block #13,865 / 0 tx / 0 om / 0 (0.0%) gas / (0x13cb905401a95298e54747b20641601cff30e79569774180070913cf30e5c7cf) in 0.002s. Peers: 7
2026-04-01 10:07:20.013-0500 | EthScheduler-Workers-0 | INFO  | PersistBlockTask | Imported empty block #13,866 / 0 tx / 0 om / 0 (0.0%) gas / (0x0764c59d0b658dad5dfb816a4fd1a3469d00868c79f690fcb700715e8a9994b2) in 0.003s. Peers: 7
2026-04-01 10:07:25.014-0500 | EthScheduler-Workers-0 | INFO  | PersistBlockTask | Imported empty block #13,867 / 0 tx / 0 om / 0 (0.0%) gas / (0xb79c67b0d4235b951b719d72be80aec5ec0c6b94e6cd3a6f16db9faefe9fdb74) in 0.003s. Peers: 7
2026-04-01 10:07:30.017-0500 | EthScheduler-Workers-0 | INFO  | PersistBlockTask | Imported empty block #13,868 / 0 tx / 0 om / 0 (0.0%) gas / (0xf3962b41c51aa0948577b3a0adf24ca8aee262fb93db093332d39c26d75bd2e1) in 0.006s. Peers: 7
2026-04-01 10:07:35.016-0500 | EthScheduler-Workers-0 | INFO  | PersistBlockTask | Imported empty block #13,869 / 0 tx / 0 om / 0 (0.0%) gas / (0x67e3da8ce5ad5fcb54fc209e70a3b408c79f00eac00b15de0c4dceb18af28f78) in 0.005s. Peers: 7
2026-04-01 10:07:48.384-0500 | EthScheduler-Workers-0 | INFO  | PersistBlockTask | Imported empty block #13,870 / 0 tx / 0 om / 0 (0.0%) gas / (0xd9bc9d100def94f2661c01d61814e1af1fb9e3d6ea8399b65f3121a4c957a090) in 0.002s. Peers: 7
2026-04-01 10:07:53.011-0500 | EthScheduler-Workers-0 | INFO  | PersistBlockTask | Imported empty block #13,871 / 0 tx / 0 om / 0 (0.0%) gas / (0x57405007233b81bf267ccc3010406137191b488993454a3bb9bda24b1e349856) in 0.002s. Peers: 7
2026-04-01 10:07:58.013-0500 | EthScheduler-Workers-0 | INFO  | PersistBlockTask | Imported empty block #13,872 / 0 tx / 0 om / 0 (0.0%) gas / (0xe88a38a61043d9e02cbe6e1b3d009e59d21005828b701ff43c7fbef7af33db8e) in 0.002s. Peers: 7
2026-04-01 10:08:03.014-0500 | EthScheduler-Workers-0 | INFO  | PersistBlockTask | Imported empty block #13,873 / 0 tx / 0 om / 0 (0.0%) gas / (0x351d505b44e373380572779fe047fe82dc3d5243c89d23a4d5a1201045f61161) in 0.003s. Peers: 7
2026-04-01 10:08:16.377-0500 | EthScheduler-Workers-0 | INFO  | PersistBlockTask | Imported empty block #13,874 / 0 tx / 0 om / 0 (0.0%) gas / (0x6cb325a1c24783216120e205d02e7e64cad784d3fc7ef66296ab1624fd7141b3) in 0.005s. Peers: 7
2026-04-01 10:08:21.027-0500 | EthScheduler-Workers-0 | INFO  | PersistBlockTask | Imported empty block #13,875 / 0 tx / 0 om / 0 (0.0%) gas / (0xcb74e3191f874a7e92e4ba4eb1a7f0a357bb41293f35f88ea7f5164a715ef3e2) in 0.005s. Peers: 7
2026-04-01 10:08:26.018-0500 | EthScheduler-Workers-0 | INFO  | PersistBlockTask | Imported empty block #13,876 / 0 tx / 0 om / 0 (0.0%) gas / (0x6972c7158fb49d80f055fac501bd7e2b9bec83da2740a6ae189d3f9058ba1c03) in 0.003s. Peers: 7
2026-04-01 10:08:31.015-0500 | EthScheduler-Workers-0 | INFO  | PersistBlockTask | Imported empty block #13,877 / 0 tx / 0 om / 0 (0.0%) gas / (0xdaf5eac4a9ffeae35a86b48cb4477525217aa2beeebcd1014015b22db2e5262b) in 0.002s. Peers: 7
2026-04-01 10:08:36.016-0500 | EthScheduler-Workers-0 | INFO  | PersistBlockTask | Imported empty block #13,878 / 0 tx / 0 om / 0 (0.0%) gas / (0x055f16ba99070572cd8a5661d9dd3cded7c2638a66ed6ccc8a715fab788ef612) in 0.002s. Peers: 7
2026-04-01 10:08:49.352-0500 | EthScheduler-Workers-0 | INFO  | PersistBlockTask | Imported empty block #13,879 / 0 tx / 0 om / 0 (0.0%) gas / (0x761fb6725c9c981bb8d7ce9a3ec740fb6e2011059a626b02db5992283d43b5ac) in 0.004s. Peers: 7
2026-04-01 10:08:54.017-0500 | EthScheduler-Workers-0 | INFO  | PersistBlockTask | Imported empty block #13,880 / 0 tx / 0 om / 0 (0.0%) gas / (0xcf6f114bdc02a74528208994d87254a6673e09de378ffeb7a539b9a43bbdc667) in 0.003s. Peers: 7
2026-04-01 10:08:59.015-0500 | EthScheduler-Workers-0 | INFO  | PersistBlockTask | Imported empty block #13,881 / 0 tx / 0 om / 0 (0.0%) gas / (0x72df4b1604cdaa625e1e516dea6a83c026695da7396f17924caf0154b6ba3c4e) in 0.003s. Peers: 7
2026-04-01 10:09:04.013-0500 | EthScheduler-Workers-0 | INFO  | PersistBlockTask | Imported empty block #13,882 / 0 tx / 0 om / 0 (0.0%) gas / (0x618a79d301c45a9061698102fc0842ca7b9261337831b5371126e801cb90b9f4) in 0.003s. Peers: 7
2026-04-01 10:09:17.337-0500 | EthScheduler-Workers-0 | INFO  | PersistBlockTask | Imported empty block #13,883 / 0 tx / 0 om / 0 (0.0%) gas / (0x9f9e5cf73b7938dc6561a756ef35efc8fbcdc2c0a658602305e8640438850b70) in 0.003s. Peers: 7
2026-04-01 10:09:22.012-0500 | EthScheduler-Workers-0 | INFO  | PersistBlockTask | Imported empty block #13,884 / 0 tx / 0 om / 0 (0.0%) gas / (0x9f524d7f978fee74bafbed2737643be8afd44ffa60b3272082f67d00df62c164) in 0.002s. Peers: 7
2026-04-01 10:09:27.010-0500 | EthScheduler-Workers-0 | INFO  | PersistBlockTask | Imported empty block #13,885 / 0 tx / 0 om / 0 (0.0%) gas / (0x2b8420fd4a47be7bad3a0e0fabdfbf4f1716e9b8b455c934f70f29bc0fb413b8) in 0.002s. Peers: 7
2026-04-01 10:09:32.016-0500 | EthScheduler-Workers-0 | INFO  | PersistBlockTask | Imported empty block #13,886 / 0 tx / 0 om / 0 (0.0%) gas / (0x4db57ae5421bc6ffb4a2b7c05c90ef3b91bf2ee8c8ac03248e09a0db33ef785f) in 0.003s. Peers: 7
2026-04-01 10:09:37.012-0500 | EthScheduler-Workers-0 | INFO  | PersistBlockTask | Imported empty block #13,887 / 0 tx / 0 om / 0 (0.0%) gas / (0xffc4a07e5fede0f79e493a07fc52e486711c2d18c4d2e2717348f0a1c35f1900) in 0.002s. Peers: 7
2026-04-01 10:09:50.415-0500 | EthScheduler-Workers-0 | INFO  | PersistBlockTask | Imported empty block #13,888 / 0 tx / 0 om / 0 (0.0%) gas / (0x4fa028588b16ad5a88480ac7dc8b72ba586ff267904989d34bd93970de69c237) in 0.008s. Peers: 7
2026-04-01 10:09:55.020-0500 | EthScheduler-Workers-0 | INFO  | PersistBlockTask | Imported empty block #13,889 / 0 tx / 0 om / 0 (0.0%) gas / (0x898dda6cb3de78a0c9a145f2257277d78bca7f2eded23e726735ac0416977f58) in 0.007s. Peers: 7
2026-04-01 10:10:00.012-0500 | EthScheduler-Workers-0 | INFO  | PersistBlockTask | Imported empty block #13,890 / 0 tx / 0 om / 0 (0.0%) gas / (0xd927d7c0722bb52a8a6bdaf96b9407eb843836564f2127eb585d4db5014fbd9a) in 0.002s. Peers: 7
2026-04-01 10:10:05.021-0500 | EthScheduler-Workers-0 | INFO  | PersistBlockTask | Imported empty block #13,891 / 0 tx / 0 om / 0 (0.0%) gas / (0x152fb2344a334d57d6e53d31033c2c7bea9b4a27d64ebc49354d9d99746215b0) in 0.005s. Peers: 7
2026-04-01 10:10:18.389-0500 | EthScheduler-Workers-0 | INFO  | PersistBlockTask | Imported empty block #13,892 / 0 tx / 0 om / 0 (0.0%) gas / (0x4944300ba72130018039b4d08d9607812bb229dd113ca81ba1934d500d9adece) in 0.003s. Peers: 7
2026-04-01 10:10:23.023-0500 | EthScheduler-Workers-0 | INFO  | PersistBlockTask | Imported empty block #13,893 / 0 tx / 0 om / 0 (0.0%) gas / (0x2a2c53b498bb40ae21e17e5603f719e0acbddab04ff61a288fa4691e969aefb8) in 0.005s. Peers: 7
2026-04-01 10:10:28.014-0500 | EthScheduler-Workers-0 | INFO  | PersistBlockTask | Imported empty block #13,894 / 0 tx / 0 om / 0 (0.0%) gas / (0x8c1d191d92a46ab6078e709daa4b0a13e271ac10c2145bdb2a74849b5015f893) in 0.003s. Peers: 7
2026-04-01 10:10:33.015-0500 | EthScheduler-Workers-0 | INFO  | PersistBlockTask | Imported empty block #13,895 / 0 tx / 0 om / 0 (0.0%) gas / (0x31f41a18b97c1774bbb98a4ba70964df8746c4527602c316b6467eb1d1332b03) in 0.003s. Peers: 7
2026-04-01 10:10:38.015-0500 | EthScheduler-Workers-0 | INFO  | PersistBlockTask | Imported empty block #13,896 / 0 tx / 0 om / 0 (0.0%) gas / (0x2e7e86449b2bc3c68b66f2f9d5ecf9aecd78c73171e29f0ed98497f08fd7d298) in 0.003s. Peers: 7
2026-04-01 10:10:51.385-0500 | EthScheduler-Workers-0 | INFO  | PersistBlockTask | Imported empty block #13,897 / 0 tx / 0 om / 0 (0.0%) gas / (0xb15b9cff3a57385e27bfe6d7f17ee39cf07ef636bf90056fb384c28f1980928f) in 0.004s. Peers: 7
2026-04-01 10:10:56.012-0500 | EthScheduler-Workers-0 | INFO  | PersistBlockTask | Imported empty block #13,898 / 0 tx / 0 om / 0 (0.0%) gas / (0xfb499e313d645df59e6ae9c20bbadc7083af39fc7f0eaf5e418891d4f4b7ca63) in 0.003s. Peers: 7
2026-04-01 10:11:01.012-0500 | EthScheduler-Workers-0 | INFO  | PersistBlockTask | Imported empty block #13,899 / 0 tx / 0 om / 0 (0.0%) gas / (0x1014579799c32d24fbe045f75f5d1c1f84b2de8764bc58e70fd69b466abdc1c1) in 0.003s. Peers: 7
2026-04-01 10:11:06.015-0500 | EthScheduler-Workers-0 | INFO  | PersistBlockTask | Imported empty block #13,900 / 0 tx / 0 om / 0 (0.0%) gas / (0xddbac7e7791470869ff81dc96ada56b99f9b4c9fa860d5373394df5ccf5a6eed) in 0.003s. Peers: 7
2026-04-01 10:11:19.374-0500 | EthScheduler-Workers-0 | INFO  | PersistBlockTask | Imported empty block #13,901 / 0 tx / 0 om / 0 (0.0%) gas / (0x196279af8888b0c8abb5bc3a998a45bd7cb380a11f81f9e19068390da6e106b7) in 0.002s. Peers: 7
2026-04-01 10:11:24.014-0500 | EthScheduler-Workers-0 | INFO  | PersistBlockTask | Imported empty block #13,902 / 0 tx / 0 om / 0 (0.0%) gas / (0xf5cf7eed30ffff50389a1b04c5cb26ee4d2a6d2ba6d092afc5641d9baab2079a) in 0.003s. Peers: 7
2026-04-01 10:11:29.016-0500 | EthScheduler-Workers-0 | INFO  | PersistBlockTask | Imported empty block #13,903 / 0 tx / 0 om / 0 (0.0%) gas / (0xb6cb94922c0fbff149b30d147fefda07299406009f9989fdcb8cf28d9d0a98a0) in 0.005s. Peers: 7
2026-04-01 10:11:34.013-0500 | EthScheduler-Workers-0 | INFO  | PersistBlockTask | Imported empty block #13,904 / 0 tx / 0 om / 0 (0.0%) gas / (0xeb2154f8e687beeeaadcc4fdb3fcd0992d378f0e2c1bc6a83ff7ee0d8ddfcaf0) in 0.004s. Peers: 7
2026-04-01 10:11:39.015-0500 | EthScheduler-Workers-0 | INFO  | PersistBlockTask | Imported empty block #13,905 / 0 tx / 0 om / 0 (0.0%) gas / (0xe2943417376acd0d327ae83391d7d83890b72848f7c2c65f878d418189c50dd8) in 0.002s. Peers: 7
2026-04-01 10:11:52.369-0500 | EthScheduler-Workers-0 | INFO  | PersistBlockTask | Imported empty block #13,906 / 0 tx / 0 om / 0 (0.0%) gas / (0x1e756b69ce5fd5cb029f411e5b95cd630220d9f661a7dcce0af77ef5c48e3b81) in 0.006s. Peers: 7
2026-04-01 10:11:57.017-0500 | EthScheduler-Workers-0 | INFO  | PersistBlockTask | Imported empty block #13,907 / 0 tx / 0 om / 0 (0.0%) gas / (0x10e26c9284fd9ee08c572a6b80abc5c8e7e1e9ca315797be9644570e7e25fc4e) in 0.005s. Peers: 7
2026-04-01 10:12:02.015-0500 | EthScheduler-Workers-0 | INFO  | PersistBlockTask | Imported empty block #13,908 / 0 tx / 0 om / 0 (0.0%) gas / (0x8719a4737434da4a461d438dc5bc70f2a0e359e97932a92c6bce097d5e27b66a) in 0.003s. Peers: 7
2026-04-01 10:12:07.020-0500 | EthScheduler-Workers-0 | INFO  | PersistBlockTask | Imported empty block #13,909 / 0 tx / 0 om / 0 (0.0%) gas / (0x9f64d04572e794a6baf306d180db56cf840efee2d8ba150c92b0dba56e8c236d) in 0.003s. Peers: 7
2026-04-01 10:12:12.012-0500 | EthScheduler-Workers-0 | INFO  | PersistBlockTask | Imported empty block #13,910 / 0 tx / 0 om / 0 (0.0%) gas / (0x8a18cce5038b8b6554d0bd02c2487e5f94cab6d6f397c4c949c0a68c2bf29ea4) in 0.002s. Peers: 7
2026-04-01 10:12:25.374-0500 | EthScheduler-Workers-0 | INFO  | PersistBlockTask | Imported empty block #13,911 / 0 tx / 0 om / 0 (0.0%) gas / (0xced33798dbcf33b99c0a2b29fb7d331161151ab903381836682cf4c47a5ff9fc) in 0.003s. Peers: 7
2026-04-01 10:12:30.022-0500 | EthScheduler-Workers-0 | INFO  | PersistBlockTask | Imported empty block #13,912 / 0 tx / 0 om / 0 (0.0%) gas / (0x8a6c1889a55e623e2892a202b0a94553026bc4bae18da4e7b16560cb5d099622) in 0.003s. Peers: 7
2026-04-01 10:12:35.011-0500 | EthScheduler-Workers-0 | INFO  | PersistBlockTask | Imported empty block #13,913 / 0 tx / 0 om / 0 (0.0%) gas / (0x0cac6f22d0b8d9a5d235252eced2c87c71aaa6eb956cf577ac7337bbea54ec8f) in 0.002s. Peers: 7
2026-04-01 10:12:40.023-0500 | EthScheduler-Workers-0 | INFO  | PersistBlockTask | Imported empty block #13,914 / 0 tx / 0 om / 0 (0.0%) gas / (0x97e1ffaff2d507d011313ecd8d4a3bbbff769543b439642e62a38508628b0d9b) in 0.008s. Peers: 7
2026-04-01 10:12:53.385-0500 | EthScheduler-Workers-0 | INFO  | PersistBlockTask | Imported empty block #13,915 / 0 tx / 0 om / 0 (0.0%) gas / (0xbbfba38a98caadae51e5700c9e8cba2f06fb6c01ce3e5878869c127eb80f580d) in 0.003s. Peers: 7
2026-04-01 10:12:58.014-0500 | EthScheduler-Workers-0 | INFO  | PersistBlockTask | Imported empty block #13,916 / 0 tx / 0 om / 0 (0.0%) gas / (0xacdf2a4fad7bbad7ac4b1dc875fbe5f39ce373f9b8b2a385b31b2f3a4820f41b) in 0.004s. Peers: 7
2026-04-01 10:13:03.017-0500 | EthScheduler-Workers-0 | INFO  | PersistBlockTask | Imported empty block #13,917 / 0 tx / 0 om / 0 (0.0%) gas / (0x9c14939ecb8457be1ace7de4a07c20577fbfc747397e99c4961b511d5cf402db) in 0.003s. Peers: 7
2026-04-01 10:13:08.013-0500 | EthScheduler-Workers-0 | INFO  | PersistBlockTask | Imported empty block #13,918 / 0 tx / 0 om / 0 (0.0%) gas / (0xf2060e2bf793a55bc060b75bf8feca143486edbafff924c326c4e9516b016484) in 0.003s. Peers: 7
2026-04-01 10:13:13.017-0500 | EthScheduler-Workers-0 | INFO  | PersistBlockTask | Imported empty block #13,919 / 0 tx / 0 om / 0 (0.0%) gas / (0x686815f892988bd2d789aa9067ea7f86ef9cb7864236f106c2a1e93fd0b60fb9) in 0.004s. Peers: 7
2026-04-01 10:13:26.358-0500 | EthScheduler-Workers-0 | INFO  | PersistBlockTask | Imported empty block #13,920 / 0 tx / 0 om / 0 (0.0%) gas / (0x18e08943fbd44b936da92e3720f2614dce19af20e5b01d289af16800c0d80b89) in 0.005s. Peers: 7
2026-04-01 10:13:31.016-0500 | EthScheduler-Workers-0 | INFO  | PersistBlockTask | Imported empty block #13,921 / 0 tx / 0 om / 0 (0.0%) gas / (0xb59a710160cbee7c4539d8e40b0c187209b03ca1c658c75d61f6b512390892e8) in 0.004s. Peers: 7
2026-04-01 10:13:36.015-0500 | EthScheduler-Workers-0 | INFO  | PersistBlockTask | Imported empty block #13,922 / 0 tx / 0 om / 0 (0.0%) gas / (0x34696e69f06fa2f265b02fbb64da716dfab853c1e8937d395805a3ab8b980116) in 0.002s. Peers: 7
2026-04-01 10:13:41.011-0500 | EthScheduler-Workers-0 | INFO  | PersistBlockTask | Imported empty block #13,923 / 0 tx / 0 om / 0 (0.0%) gas / (0x67add066ff980e112ad7d4aba2d3d5a65b848a607762fbdbee89e6d8e78f1bad) in 0.002s. Peers: 7
2026-04-01 10:13:54.350-0500 | EthScheduler-Workers-0 | INFO  | PersistBlockTask | Imported empty block #13,924 / 0 tx / 0 om / 0 (0.0%) gas / (0x9b6f50e2727901eed05ab5d1458b68b0ea12369de7142bae91ac4e98504169ee) in 0.008s. Peers: 7
2026-04-01 10:13:59.022-0500 | EthScheduler-Workers-0 | INFO  | PersistBlockTask | Imported empty block #13,925 / 0 tx / 0 om / 0 (0.0%) gas / (0x92793405b188e9769930f1935b9ea5d5cb36e03fa9cf731aaca13edd59f6a241) in 0.008s. Peers: 7
2026-04-01 10:14:04.013-0500 | EthScheduler-Workers-0 | INFO  | PersistBlockTask | Imported empty block #13,926 / 0 tx / 0 om / 0 (0.0%) gas / (0x5894e3e7bada899c7b7eb16a39289801d8b1ffaa5aa6bd07fc5091742348c696) in 0.003s. Peers: 7
2026-04-01 10:14:09.013-0500 | EthScheduler-Workers-0 | INFO  | PersistBlockTask | Imported empty block #13,927 / 0 tx / 0 om / 0 (0.0%) gas / (0x5e534f9b690524ac4b6fae2d6006635bccb43c0211913f853aead01cbf918a2b) in 0.002s. Peers: 7
2026-04-01 10:14:14.016-0500 | EthScheduler-Workers-0 | INFO  | PersistBlockTask | Imported empty block #13,928 / 0 tx / 0 om / 0 (0.0%) gas / (0x56395d2b3126bbe3cd7a3a02eb4a527d192b5dfea874bee86dca4f7b977492aa) in 0.003s. Peers: 7
2026-04-01 10:14:27.382-0500 | EthScheduler-Workers-0 | INFO  | PersistBlockTask | Imported empty block #13,929 / 0 tx / 0 om / 0 (0.0%) gas / (0xc34b16770f3e36573618d59474d5e627cadc56fd38897a0dc178df953f05a064) in 0.002s. Peers: 7
2026-04-01 10:14:32.018-0500 | EthScheduler-Workers-0 | INFO  | PersistBlockTask | Imported empty block #13,930 / 0 tx / 0 om / 0 (0.0%) gas / (0x5119c0e0ade472864a125c0fdced901edf8a07a8c6439927cdac1d5b34ecc039) in 0.004s. Peers: 7
2026-04-01 10:14:37.014-0500 | EthScheduler-Workers-0 | INFO  | PersistBlockTask | Imported empty block #13,931 / 0 tx / 0 om / 0 (0.0%) gas / (0x160f5a02a5838a4692a4146fe13545e48cefad03c7771331c422344b48a2f0d2) in 0.003s. Peers: 7
2026-04-01 10:14:42.015-0500 | EthScheduler-Workers-0 | INFO  | PersistBlockTask | Imported empty block #13,932 / 0 tx / 0 om / 0 (0.0%) gas / (0xec3786bf7080bc5cf4222c4d9bc7c5a9afd9f118cf7f02dddbf592bf4c775adb) in 0.004s. Peers: 7
2026-04-01 10:14:55.372-0500 | EthScheduler-Workers-0 | INFO  | PersistBlockTask | Imported empty block #13,933 / 0 tx / 0 om / 0 (0.0%) gas / (0x355a2f846d2126d9c1de4691642411856eaa38bbe7bad2892f9a967a26d76b59) in 0.008s. Peers: 7
2026-04-01 10:15:00.018-0500 | EthScheduler-Workers-0 | INFO  | PersistBlockTask | Imported empty block #13,934 / 0 tx / 0 om / 0 (0.0%) gas / (0xce486c0bc186ea6b66a2f061e5d37b1a6acb1efc671bdcb428c9a4fcb282a381) in 0.005s. Peers: 7
2026-04-01 10:15:05.015-0500 | EthScheduler-Workers-0 | INFO  | PersistBlockTask | Imported empty block #13,935 / 0 tx / 0 om / 0 (0.0%) gas / (0x946690b35cfef1418e106d09e831b835b786144b1797a5502c7c295a579e32c9) in 0.004s. Peers: 7
2026-04-01 10:15:10.021-0500 | EthScheduler-Workers-0 | INFO  | PersistBlockTask | Imported empty block #13,936 / 0 tx / 0 om / 0 (0.0%) gas / (0x64a6480d18cb6fd5cff89d14dfb44b1a66821479aa470ad4e05bca1f7cdf013e) in 0.004s. Peers: 7
2026-04-01 10:15:15.014-0500 | EthScheduler-Workers-0 | INFO  | PersistBlockTask | Imported empty block #13,937 / 0 tx / 0 om / 0 (0.0%) gas / (0x3d838962222f1f6c1a2b3ea91e2b2976636c921b2d2030fe615214b5ef73e60c) in 0.004s. Peers: 7
2026-04-01 10:15:28.365-0500 | EthScheduler-Workers-0 | INFO  | PersistBlockTask | Imported empty block #13,938 / 0 tx / 0 om / 0 (0.0%) gas / (0xe978b9030eb9093d6e46569ea6ad7a7466f5a43778f4c9637d30dc1d126467b4) in 0.004s. Peers: 7
2026-04-01 10:15:33.014-0500 | EthScheduler-Workers-0 | INFO  | PersistBlockTask | Imported empty block #13,939 / 0 tx / 0 om / 0 (0.0%) gas / (0xf1d109535f6765a699bd0f564f8e4f6c320d9061c294e1da6b5ab72d17832adb) in 0.005s. Peers: 7
2026-04-01 10:15:38.019-0500 | EthScheduler-Workers-0 | INFO  | PersistBlockTask | Imported empty block #13,940 / 0 tx / 0 om / 0 (0.0%) gas / (0x8a6e185ab79a0e21924555f0b25a93b22fa5fc9078b6176735512a00ab3cd1cb) in 0.004s. Peers: 7
2026-04-01 10:15:43.017-0500 | EthScheduler-Workers-0 | INFO  | PersistBlockTask | Imported empty block #13,941 / 0 tx / 0 om / 0 (0.0%) gas / (0x0d9d27e3d4db391d05412fc09860a6de412479cfd5d27aac31e0426b8d7cca19) in 0.003s. Peers: 7
2026-04-01 10:15:56.386-0500 | EthScheduler-Workers-0 | INFO  | PersistBlockTask | Imported empty block #13,942 / 0 tx / 0 om / 0 (0.0%) gas / (0x7db4461e27dd5c6a199940d6f9411d9717bc942d16db0a4fb5d2e7bea6e3bdd1) in 0.004s. Peers: 7
2026-04-01 10:16:01.013-0500 | EthScheduler-Workers-0 | INFO  | PersistBlockTask | Imported empty block #13,943 / 0 tx / 0 om / 0 (0.0%) gas / (0x847496618eecfc012470d8a8ec61c158a59bfb17976a31676f4ff5f58918865c) in 0.003s. Peers: 7
2026-04-01 10:16:06.015-0500 | EthScheduler-Workers-0 | INFO  | PersistBlockTask | Imported empty block #13,944 / 0 tx / 0 om / 0 (0.0%) gas / (0x5a79dec8d4eead35129a46f93c4e09545fe0000fefdaf2b9f050bc9b8d4d3dad) in 0.003s. Peers: 7
2026-04-01 10:16:11.013-0500 | EthScheduler-Workers-0 | INFO  | PersistBlockTask | Imported empty block #13,945 / 0 tx / 0 om / 0 (0.0%) gas / (0xb2b8bc35ee399cee02a4ac00f6999375837d9f153f8461088d6a13fca1f88047) in 0.002s. Peers: 7
2026-04-01 10:16:16.027-0500 | EthScheduler-Workers-0 | INFO  | PersistBlockTask | Imported empty block #13,946 / 0 tx / 0 om / 0 (0.0%) gas / (0xa7d9b757b38a099e3a4fd04169ef61b396553045dd0b3cfd69b51c233b00fced) in 0.005s. Peers: 7
2026-04-01 10:16:29.350-0500 | EthScheduler-Workers-0 | INFO  | PersistBlockTask | Imported empty block #13,947 / 0 tx / 0 om / 0 (0.0%) gas / (0x0fafbbf7d8a6897a412bf64012acf5de5bd5fca6511ecbf168229bfbe0ed62d3) in 0.002s. Peers: 7
2026-04-01 10:16:34.009-0500 | EthScheduler-Workers-0 | INFO  | PersistBlockTask | Imported empty block #13,948 / 0 tx / 0 om / 0 (0.0%) gas / (0xb6420b7c7d1438442c31772073fe523a159663637090ffd4a9a148291e533347) in 0.002s. Peers: 7
2026-04-01 10:16:39.020-0500 | EthScheduler-Workers-0 | INFO  | PersistBlockTask | Imported empty block #13,949 / 0 tx / 0 om / 0 (0.0%) gas / (0x37c0fffef5570489d04a1f9192c75c8a3959a5c0640b237177a1a534d941ceab) in 0.007s. Peers: 7
2026-04-01 10:16:44.020-0500 | EthScheduler-Workers-0 | INFO  | PersistBlockTask | Imported empty block #13,950 / 0 tx / 0 om / 0 (0.0%) gas / (0x02a1718f2a2ee475a68e97e55d90fa8f8474501f29e1d69b7c1821bec7c9dca1) in 0.009s. Peers: 7
2026-04-01 10:16:57.418-0500 | EthScheduler-Workers-0 | INFO  | PersistBlockTask | Imported empty block #13,951 / 0 tx / 0 om / 0 (0.0%) gas / (0x850bb254da66a9ba024558f76ad40a87bb3498982ff4f6d49d178144630c49a1) in 0.027s. Peers: 7
2026-04-01 10:17:02.018-0500 | EthScheduler-Workers-0 | INFO  | PersistBlockTask | Imported empty block #13,952 / 0 tx / 0 om / 0 (0.0%) gas / (0xa5303e47beb774b5bb7ec7b73784aeb010f9d82c6ed8206bef012c1cfaf100a2) in 0.005s. Peers: 7
2026-04-01 10:17:07.025-0500 | EthScheduler-Workers-0 | INFO  | PersistBlockTask | Imported empty block #13,953 / 0 tx / 0 om / 0 (0.0%) gas / (0x31c0046b071c09c5fb6e442011c69389c30161d82e24bc77ad90164d5eb5da69) in 0.003s. Peers: 7
2026-04-01 10:17:12.018-0500 | EthScheduler-Workers-0 | INFO  | PersistBlockTask | Imported empty block #13,954 / 0 tx / 0 om / 0 (0.0%) gas / (0xb3aad03fc25a01c7e2ae4450073c0d2bcbf54804bb00c711a6bce7d016181288) in 0.006s. Peers: 7
2026-04-01 10:17:17.021-0500 | EthScheduler-Workers-0 | INFO  | PersistBlockTask | Imported empty block #13,955 / 0 tx / 0 om / 0 (0.0%) gas / (0x19ffdc6ada0bfc9532989cdca75d4f939f0613fddedb0d7e1f941912f5762f31) in 0.004s. Peers: 7
2026-04-01 10:17:30.364-0500 | EthScheduler-Workers-0 | INFO  | PersistBlockTask | Imported empty block #13,956 / 0 tx / 0 om / 0 (0.0%) gas / (0x956b4d4c5d17d838c3dbcf4879ec36c3d7435c51fed6f9a67d4f7682c21c2938) in 0.004s. Peers: 7
2026-04-01 10:17:35.013-0500 | EthScheduler-Workers-0 | INFO  | PersistBlockTask | Imported empty block #13,957 / 0 tx / 0 om / 0 (0.0%) gas / (0xe695271a1dd03f1fdd5932600c2c6fd4d9a93f103d580049c0ae9ebedf39cb54) in 0.003s. Peers: 7
2026-04-01 10:17:40.013-0500 | EthScheduler-Workers-0 | INFO  | PersistBlockTask | Imported empty block #13,958 / 0 tx / 0 om / 0 (0.0%) gas / (0x4c4fde4ca5294f448dd469cde90077d0550e4765d96cf35168bc15482dbc1220) in 0.002s. Peers: 7
2026-04-01 10:17:45.015-0500 | EthScheduler-Workers-0 | INFO  | PersistBlockTask | Imported empty block #13,959 / 0 tx / 0 om / 0 (0.0%) gas / (0x5b1a699167b330bd9edff22a36511628194d63567545da764d9e23e0e5855b76) in 0.003s. Peers: 7
2026-04-01 10:17:58.363-0500 | EthScheduler-Workers-0 | INFO  | PersistBlockTask | Imported empty block #13,960 / 0 tx / 0 om / 0 (0.0%) gas / (0x18cc81f1e7fe1bffacbd9a705573a8e425f58c1021f4d40de032390401529a8d) in 0.003s. Peers: 7
2026-04-01 10:18:03.018-0500 | EthScheduler-Workers-0 | INFO  | PersistBlockTask | Imported empty block #13,961 / 0 tx / 0 om / 0 (0.0%) gas / (0xaa6365236748e4fb0af6b2f79dc8f0fb1822622fcbb5c36cc88f615ae97f511b) in 0.004s. Peers: 7
2026-04-01 10:18:08.015-0500 | EthScheduler-Workers-0 | INFO  | PersistBlockTask | Imported empty block #13,962 / 0 tx / 0 om / 0 (0.0%) gas / (0xb76bd1b809e7e306f628ec87bd8fcc7203953de86b8ed45240e286284c15306c) in 0.003s. Peers: 7
2026-04-01 10:18:13.017-0500 | EthScheduler-Workers-0 | INFO  | PersistBlockTask | Imported empty block #13,963 / 0 tx / 0 om / 0 (0.0%) gas / (0x7b73ac12bb7d2fee535f3437df209a604d7f9615e09032ce0ca4bac4c772bb2a) in 0.003s. Peers: 7
2026-04-01 10:18:18.015-0500 | EthScheduler-Workers-0 | INFO  | PersistBlockTask | Imported empty block #13,964 / 0 tx / 0 om / 0 (0.0%) gas / (0x5a55ccc1f712cbbd096ea0d1a373780a94a15d0c2fa8c2a8d29f4e652673870c) in 0.004s. Peers: 7
2026-04-01 10:18:31.342-0500 | EthScheduler-Workers-0 | INFO  | PersistBlockTask | Imported empty block #13,965 / 0 tx / 0 om / 0 (0.0%) gas / (0x837ead21139c4fac94dd92f846fc455b8e17fad4382cd610c136a16edcee61b6) in 0.003s. Peers: 7
2026-04-01 10:18:36.026-0500 | EthScheduler-Workers-0 | INFO  | PersistBlockTask | Imported empty block #13,966 / 0 tx / 0 om / 0 (0.0%) gas / (0x126946e787c6dfa64bc8d33be1262b0b053c798c88af9ce61a0d22ab853876ac) in 0.003s. Peers: 7
2026-04-01 10:18:41.019-0500 | EthScheduler-Workers-0 | INFO  | PersistBlockTask | Imported empty block #13,967 / 0 tx / 0 om / 0 (0.0%) gas / (0x60b263db8c919be816352908f5f7972badee0056cc53ba3c5736b9aece5853e4) in 0.005s. Peers: 7
2026-04-01 10:18:46.017-0500 | EthScheduler-Workers-0 | INFO  | PersistBlockTask | Imported empty block #13,968 / 0 tx / 0 om / 0 (0.0%) gas / (0x3f21db16c3f6760da99fd3ee6936c20d47d0fd496583bb8e5c33de5d05977aa8) in 0.004s. Peers: 7
2026-04-01 10:18:59.365-0500 | EthScheduler-Workers-0 | INFO  | PersistBlockTask | Imported empty block #13,969 / 0 tx / 0 om / 0 (0.0%) gas / (0xf13a98d4630713f219c8620dd5170eb59b5f274f72b580f5fec1149a3133c51f) in 0.005s. Peers: 7
2026-04-01 10:19:04.015-0500 | EthScheduler-Workers-0 | INFO  | PersistBlockTask | Imported empty block #13,970 / 0 tx / 0 om / 0 (0.0%) gas / (0x3e18b73f7ebf97b63c6ab545e20906b03a45f18284d7e9cd8017fab84099cfd9) in 0.004s. Peers: 7
2026-04-01 10:19:09.015-0500 | EthScheduler-Workers-0 | INFO  | PersistBlockTask | Imported empty block #13,971 / 0 tx / 0 om / 0 (0.0%) gas / (0xeca305d74ff327d7abfe6960933ff5a5828673339c84f7fb335e8aff8cea246b) in 0.003s. Peers: 7
2026-04-01 10:19:14.012-0500 | EthScheduler-Workers-0 | INFO  | PersistBlockTask | Imported empty block #13,972 / 0 tx / 0 om / 0 (0.0%) gas / (0x0e6e6ad1a8bfc498cf89fb7bed12671138af7ac79b569312b9094a55f114f950) in 0.002s. Peers: 7
2026-04-01 10:19:19.012-0500 | EthScheduler-Workers-0 | INFO  | PersistBlockTask | Imported empty block #13,973 / 0 tx / 0 om / 0 (0.0%) gas / (0x32292767e0bfd501a1e4b43340e9a4125acaf313c3cee62aa9bd6010cc16019d) in 0.003s. Peers: 7
2026-04-01 10:19:32.359-0500 | EthScheduler-Workers-0 | INFO  | PersistBlockTask | Imported empty block #13,974 / 0 tx / 0 om / 0 (0.0%) gas / (0xd671505e0e1372023085880f94df070d15313e45d9f55deb7f45f4a4c3ebeb3a) in 0.003s. Peers: 7
2026-04-01 10:19:37.011-0500 | EthScheduler-Workers-0 | INFO  | PersistBlockTask | Imported empty block #13,975 / 0 tx / 0 om / 0 (0.0%) gas / (0x3f55c32cbde8456a321218eb51d8c1b73a464432674f8873dea207bbccf583aa) in 0.003s. Peers: 7
2026-04-01 10:19:42.011-0500 | EthScheduler-Workers-0 | INFO  | PersistBlockTask | Imported empty block #13,976 / 0 tx / 0 om / 0 (0.0%) gas / (0x909f7319c9f989eea64143c50b3e1a5951ead5c3bb04e8cd359adc77bc06624a) in 0.002s. Peers: 7
2026-04-01 10:19:47.013-0500 | EthScheduler-Workers-0 | INFO  | PersistBlockTask | Imported empty block #13,977 / 0 tx / 0 om / 0 (0.0%) gas / (0xf20eb4faef4d61688b39d8865ca91400ef8a79e5b5a77b651ce1fce8d35440cc) in 0.003s. Peers: 7
2026-04-01 10:20:00.370-0500 | EthScheduler-Workers-0 | INFO  | PersistBlockTask | Imported empty block #13,978 / 0 tx / 0 om / 0 (0.0%) gas / (0x3f590edbbd69698b19a8373eaaf43709c35a2764ef09eed86e1c6214a5c0a3c1) in 0.004s. Peers: 7
2026-04-01 10:20:05.016-0500 | EthScheduler-Workers-0 | INFO  | PersistBlockTask | Imported empty block #13,979 / 0 tx / 0 om / 0 (0.0%) gas / (0x1537027bab79c7bf3a1b834dbf9ad36708d9ae19f5c648d0e51b26fd92f2cd39) in 0.002s. Peers: 7
2026-04-01 10:20:10.012-0500 | EthScheduler-Workers-0 | INFO  | PersistBlockTask | Imported empty block #13,980 / 0 tx / 0 om / 0 (0.0%) gas / (0x87d215af2af107fa3c8feb9732565732320ecd4e07b1f3df6a28a63271477500) in 0.003s. Peers: 7
2026-04-01 10:20:15.016-0500 | EthScheduler-Workers-0 | INFO  | PersistBlockTask | Imported empty block #13,981 / 0 tx / 0 om / 0 (0.0%) gas / (0xeec5dd21590884a292375426e24658983dedc0964589c294d4f24ca6f4465345) in 0.002s. Peers: 7
2026-04-01 10:20:20.010-0500 | EthScheduler-Workers-0 | INFO  | PersistBlockTask | Imported empty block #13,982 / 0 tx / 0 om / 0 (0.0%) gas / (0x441537b043f90ffd944bd76b45d8c3cd4a6cc30dde3bca791d0c3a826a09aafb) in 0.002s. Peers: 7
2026-04-01 10:20:33.316-0500 | EthScheduler-Workers-0 | INFO  | PersistBlockTask | Imported empty block #13,983 / 0 tx / 0 om / 0 (0.0%) gas / (0x2f1c9c342d291aa1cfec77c3e2c4497e6790078e484fff6d4e692ebdb9ef5101) in 0.003s. Peers: 7
2026-04-01 10:20:38.013-0500 | EthScheduler-Workers-0 | INFO  | PersistBlockTask | Imported empty block #13,984 / 0 tx / 0 om / 0 (0.0%) gas / (0xe14abf7d8d8a7f1ba5cf05463c6ad725e826ad07e735fca464d720f715ad86e5) in 0.002s. Peers: 7
2026-04-01 10:20:43.013-0500 | EthScheduler-Workers-0 | INFO  | PersistBlockTask | Imported empty block #13,985 / 0 tx / 0 om / 0 (0.0%) gas / (0x886174332221e8081a3a1b3f5ff3fab10aa82900b0b3ceb2d1c7848340adcf00) in 0.003s. Peers: 7
2026-04-01 10:20:48.011-0500 | EthScheduler-Workers-0 | INFO  | PersistBlockTask | Imported empty block #13,986 / 0 tx / 0 om / 0 (0.0%) gas / (0x0132a0bf9058b04cbea24f7cac43dd38ba2a89acda41849c1832b4a8d4b1ce01) in 0.001s. Peers: 7
2026-04-01 10:21:01.347-0500 | EthScheduler-Workers-0 | INFO  | PersistBlockTask | Imported empty block #13,987 / 0 tx / 0 om / 0 (0.0%) gas / (0x463d0bc55f0cb92e00da5970d87900063e9b341b5165edb31ad3d4a9b9428f08) in 0.004s. Peers: 7
2026-04-01 10:21:06.014-0500 | EthScheduler-Workers-0 | INFO  | PersistBlockTask | Imported empty block #13,988 / 0 tx / 0 om / 0 (0.0%) gas / (0xf08b3652c39f543d1bc6e3c0a4b2f4ff1827b70658cef4197f60f631479d9408) in 0.002s. Peers: 7
2026-04-01 10:21:11.016-0500 | EthScheduler-Workers-0 | INFO  | PersistBlockTask | Imported empty block #13,989 / 0 tx / 0 om / 0 (0.0%) gas / (0x254c8167183650a410271d40fdd7082b9ac7dd1c09fd69f7709cfa6a755bfd0f) in 0.003s. Peers: 7
2026-04-01 10:21:16.012-0500 | EthScheduler-Workers-0 | INFO  | PersistBlockTask | Imported empty block #13,990 / 0 tx / 0 om / 0 (0.0%) gas / (0x060fe9cdaa403895cfb0d3a48e8c5bcdb5e3d0ca868f430f837b814d86027a72) in 0.002s. Peers: 7
2026-04-01 10:21:21.019-0500 | EthScheduler-Workers-0 | INFO  | PersistBlockTask | Imported empty block #13,991 / 0 tx / 0 om / 0 (0.0%) gas / (0x4597849bcf3956898118f75177ec6bfa7ab6c33e82bc331207ae02ba22ef469c) in 0.002s. Peers: 7
2026-04-01 10:21:34.373-0500 | EthScheduler-Workers-0 | INFO  | PersistBlockTask | Imported empty block #13,992 / 0 tx / 0 om / 0 (0.0%) gas / (0x75bef02f0bdd5c04b576a245e092f4046a8bb927af0a101c0d7fa493e5ec2a97) in 0.003s. Peers: 7
2026-04-01 10:21:39.011-0500 | EthScheduler-Workers-0 | INFO  | PersistBlockTask | Imported empty block #13,993 / 0 tx / 0 om / 0 (0.0%) gas / (0x005a02eae7c82310a63cc51d1bcde537762f371fb6b540e0a5ee48ff4bd3b902) in 0.002s. Peers: 7
2026-04-01 10:21:44.013-0500 | EthScheduler-Workers-0 | INFO  | PersistBlockTask | Imported empty block #13,994 / 0 tx / 0 om / 0 (0.0%) gas / (0x2348d0a98139439e157a50b3e938fc97815a7ed452f980277869fe7026076fdf) in 0.002s. Peers: 7
2026-04-01 10:21:49.014-0500 | EthScheduler-Workers-0 | INFO  | PersistBlockTask | Imported empty block #13,995 / 0 tx / 0 om / 0 (0.0%) gas / (0x44d16508d7198db67df272e62f2c2d9010a4a403ef2fa40ef29c8f646c95ee01) in 0.003s. Peers: 7
2026-04-01 10:22:02.360-0500 | EthScheduler-Workers-0 | INFO  | PersistBlockTask | Imported empty block #13,996 / 0 tx / 0 om / 0 (0.0%) gas / (0xe49340d2e491c8b7051143226c14c149d06b970b7839ea1a4599d2aa4365419c) in 0.002s. Peers: 7
2026-04-01 10:22:07.011-0500 | EthScheduler-Workers-0 | INFO  | PersistBlockTask | Imported empty block #13,997 / 0 tx / 0 om / 0 (0.0%) gas / (0x687d52433892e3d2040b7a381483ffeb3e6dae2e6c0042197226a67eabb20c26) in 0.002s. Peers: 7
2026-04-01 10:22:12.014-0500 | EthScheduler-Workers-0 | INFO  | PersistBlockTask | Imported empty block #13,998 / 0 tx / 0 om / 0 (0.0%) gas / (0x6db5894ea7a2cfca70c5d29675f6c593d464278e0ccb174926c20b225c71326e) in 0.003s. Peers: 7
2026-04-01 10:22:17.026-0500 | EthScheduler-Workers-0 | INFO  | PersistBlockTask | Imported empty block #13,999 / 0 tx / 0 om / 0 (0.0%) gas / (0x9287172c78e763d60331238c6e40b655992cd6ee8d07cd6cfcbed41a80bdd71a) in 0.008s. Peers: 7
2026-04-01 10:22:22.013-0500 | EthScheduler-Workers-0 | INFO  | PersistBlockTask | Imported empty block #14,000 / 0 tx / 0 om / 0 (0.0%) gas / (0xdf028d4412bda32cc1a63f4acb8e811670c33553181cb80e5429a29c50076cbc) in 0.003s. Peers: 7
2026-04-01 10:22:35.343-0500 | EthScheduler-Workers-0 | INFO  | PersistBlockTask | Imported empty block #14,001 / 0 tx / 0 om / 0 (0.0%) gas / (0x2bf49b06d17650f046ef9f38224d135bdac28ec158cf0065a37fad962df88d9a) in 0.002s. Peers: 7
2026-04-01 10:22:40.011-0500 | EthScheduler-Workers-0 | INFO  | PersistBlockTask | Imported empty block #14,002 / 0 tx / 0 om / 0 (0.0%) gas / (0x9f0115f9556cfe7b0c2ea9ffe7217f0f290a309f081f494dd4ca9652dba55fdf) in 0.002s. Peers: 7
2026-04-01 10:22:45.016-0500 | EthScheduler-Workers-0 | INFO  | PersistBlockTask | Imported empty block #14,003 / 0 tx / 0 om / 0 (0.0%) gas / (0x2cca8024a9912bcca3311c159d37debe0eac3a4f540e5383f2a08e24109bc655) in 0.004s. Peers: 7
2026-04-01 10:22:50.016-0500 | EthScheduler-Workers-0 | INFO  | PersistBlockTask | Imported empty block #14,004 / 0 tx / 0 om / 0 (0.0%) gas / (0xdcdae145d4d892914ee1f37109c6b09fbb50d6f1062a4870cfc81db89b352d34) in 0.003s. Peers: 7
2026-04-01 10:23:03.344-0500 | EthScheduler-Workers-0 | INFO  | PersistBlockTask | Imported empty block #14,005 / 0 tx / 0 om / 0 (0.0%) gas / (0x8b37a092574714c8af7bce8b84031fd79e415b43163e2e431abc6f742646a140) in 0.003s. Peers: 7
2026-04-01 10:23:08.011-0500 | EthScheduler-Workers-0 | INFO  | PersistBlockTask | Imported empty block #14,006 / 0 tx / 0 om / 0 (0.0%) gas / (0x95bb7158cb3b5bda8924f8b5b8bf698dc40707c7a1f287ec01d1dfc8ec591bed) in 0.002s. Peers: 7
2026-04-01 10:23:13.012-0500 | EthScheduler-Workers-0 | INFO  | PersistBlockTask | Imported empty block #14,007 / 0 tx / 0 om / 0 (0.0%) gas / (0xb6e87762ea15b34f54f81938c7935ce1ac82ae34ec5b4c3e44885e7a3a280620) in 0.002s. Peers: 7
2026-04-01 10:23:18.010-0500 | EthScheduler-Workers-0 | INFO  | PersistBlockTask | Imported empty block #14,008 / 0 tx / 0 om / 0 (0.0%) gas / (0x76f5a75e9e4e8df39f6956bf2dee0e8e7f4b6d92d11a3c7c4ac960545e8ee9cc) in 0.002s. Peers: 7
2026-04-01 10:23:23.013-0500 | EthScheduler-Workers-0 | INFO  | PersistBlockTask | Imported empty block #14,009 / 0 tx / 0 om / 0 (0.0%) gas / (0xde4b8f80df02b142187a7d04ad8bf78fda9566dae454d63de46bf297ec34034b) in 0.002s. Peers: 7
2026-04-01 10:23:36.314-0500 | EthScheduler-Workers-0 | INFO  | PersistBlockTask | Imported empty block #14,010 / 0 tx / 0 om / 0 (0.0%) gas / (0x4783ac9577f5b058f0a2daea61d5a0028d6ad90bec485d530b9ce7df2921e23a) in 0.003s. Peers: 7
2026-04-01 10:23:41.010-0500 | EthScheduler-Workers-0 | INFO  | PersistBlockTask | Imported empty block #14,011 / 0 tx / 0 om / 0 (0.0%) gas / (0x8c9e0e1c5a00096cb945aaa6cde0c3c5ecd03168052b7cdca0f281fcbff673fb) in 0.002s. Peers: 7
2026-04-01 10:23:46.015-0500 | EthScheduler-Workers-0 | INFO  | PersistBlockTask | Imported empty block #14,012 / 0 tx / 0 om / 0 (0.0%) gas / (0x79f06704ba4f0b4dfaa280abd90aa3f026bcea7a3d215f3371209ee124815284) in 0.003s. Peers: 7
2026-04-01 10:23:51.011-0500 | EthScheduler-Workers-0 | INFO  | PersistBlockTask | Imported empty block #14,013 / 0 tx / 0 om / 0 (0.0%) gas / (0x3b306286deacbf519cb04d1bebfdce420b421f709b117b4bb44fb78d26cf2478) in 0.003s. Peers: 7
2026-04-01 10:24:04.369-0500 | EthScheduler-Workers-0 | INFO  | PersistBlockTask | Imported empty block #14,014 / 0 tx / 0 om / 0 (0.0%) gas / (0x1ba0dd6f8e718f452cfb08d5f5071d298845365dfb7387543cb8ce2905ac446e) in 0.002s. Peers: 7
2026-04-01 10:24:09.013-0500 | EthScheduler-Workers-0 | INFO  | PersistBlockTask | Imported empty block #14,015 / 0 tx / 0 om / 0 (0.0%) gas / (0x1ce9465199593f8808a54f6319cd7488f69a785ef74e123fcb1b1fed7b7b12ec) in 0.003s. Peers: 7
2026-04-01 10:24:14.011-0500 | EthScheduler-Workers-0 | INFO  | PersistBlockTask | Imported empty block #14,016 / 0 tx / 0 om / 0 (0.0%) gas / (0x311b673cdac66de1776f6921cf9f85fd9c3c78032ed49765fbfdf1ce8c6b589f) in 0.002s. Peers: 7
2026-04-01 10:24:19.011-0500 | EthScheduler-Workers-0 | INFO  | PersistBlockTask | Imported empty block #14,017 / 0 tx / 0 om / 0 (0.0%) gas / (0xb072752ab1f9f2956da2529991e03b13960b70e131b6548ce38324b0b2e4fc24) in 0.002s. Peers: 7
2026-04-01 10:24:24.017-0500 | EthScheduler-Workers-0 | INFO  | PersistBlockTask | Imported empty block #14,018 / 0 tx / 0 om / 0 (0.0%) gas / (0x8095fcf10cb2780d1bb28314a09e5e443aceda2a9ded116b5c2c9d565cdba606) in 0.002s. Peers: 7
2026-04-01 10:24:37.352-0500 | EthScheduler-Workers-0 | INFO  | PersistBlockTask | Imported empty block #14,019 / 0 tx / 0 om / 0 (0.0%) gas / (0xe33fcc518b88cdc9900e08447a94b959c30b091b349001e102dca52169d2e5d5) in 0.003s. Peers: 7
2026-04-01 10:24:42.018-0500 | EthScheduler-Workers-0 | INFO  | PersistBlockTask | Imported empty block #14,020 / 0 tx / 0 om / 0 (0.0%) gas / (0x5aa5198595ee69e168d3f9156fb3c76bf8c0c149541834fac11d0760d5134ff5) in 0.002s. Peers: 7
2026-04-01 10:24:47.011-0500 | EthScheduler-Workers-0 | INFO  | PersistBlockTask | Imported empty block #14,021 / 0 tx / 0 om / 0 (0.0%) gas / (0xc749b864248d8f59f91b598e1571af9a4c3f76636b2bcd458e81c81239b4b61e) in 0.002s. Peers: 7
2026-04-01 10:24:52.011-0500 | EthScheduler-Workers-0 | INFO  | PersistBlockTask | Imported empty block #14,022 / 0 tx / 0 om / 0 (0.0%) gas / (0xb092be7e2a9258634b26734f386effb93967efab977317fe3b8207420aed5564) in 0.003s. Peers: 7
2026-04-01 10:25:05.344-0500 | EthScheduler-Workers-0 | INFO  | PersistBlockTask | Imported empty block #14,023 / 0 tx / 0 om / 0 (0.0%) gas / (0x0884c4da65375b8e9cdc027cc2699e8bc46077db898e8b3fa8df20c93e1cf034) in 0.004s. Peers: 7
2026-04-01 10:25:10.011-0500 | EthScheduler-Workers-0 | INFO  | PersistBlockTask | Imported empty block #14,024 / 0 tx / 0 om / 0 (0.0%) gas / (0x3362ace39dd949d9ec431ff9ad5733649f5c3a5088758408d913e11034411609) in 0.002s. Peers: 7
2026-04-01 10:25:15.009-0500 | EthScheduler-Workers-0 | INFO  | PersistBlockTask | Imported empty block #14,025 / 0 tx / 0 om / 0 (0.0%) gas / (0x6d5c9876708555d8687a52b31bd0cd5272559a710d9fcfcac6df10c02091343e) in 0.002s. Peers: 7
2026-04-01 10:25:20.012-0500 | EthScheduler-Workers-0 | INFO  | PersistBlockTask | Imported empty block #14,026 / 0 tx / 0 om / 0 (0.0%) gas / (0x4111003295570226875e78fabb821a4498654632bddd3673b2f5f6edb895456d) in 0.002s. Peers: 7
2026-04-01 10:25:25.012-0500 | EthScheduler-Workers-0 | INFO  | PersistBlockTask | Imported empty block #14,027 / 0 tx / 0 om / 0 (0.0%) gas / (0x724366aeaab0a4f0fbcd1bb33895de935e92876e880664d2515239b4905a832d) in 0.003s. Peers: 7
2026-04-01 10:25:38.331-0500 | EthScheduler-Workers-0 | INFO  | PersistBlockTask | Imported empty block #14,028 / 0 tx / 0 om / 0 (0.0%) gas / (0x01b94b5c188de0cbc23b4a66acb1e69ac3146ef804e64550490976486230852b) in 0.003s. Peers: 7
2026-04-01 10:25:43.012-0500 | EthScheduler-Workers-0 | INFO  | PersistBlockTask | Imported empty block #14,029 / 0 tx / 0 om / 0 (0.0%) gas / (0x84db9bdb181dc851f2d61cefbad216ce177605e2555ef4dba3c47ea20422f62b) in 0.002s. Peers: 7
2026-04-01 10:25:48.011-0500 | EthScheduler-Workers-0 | INFO  | PersistBlockTask | Imported empty block #14,030 / 0 tx / 0 om / 0 (0.0%) gas / (0xb92df830ff21f71064a9ad6423328599fe12639ef92fd468abd9be2961f71c5b) in 0.003s. Peers: 7
2026-04-01 10:25:53.009-0500 | EthScheduler-Workers-0 | INFO  | PersistBlockTask | Imported empty block #14,031 / 0 tx / 0 om / 0 (0.0%) gas / (0xa83476b960fc96ecb774732b88a4b5524b22a35433af9fb7a7058acfc29bfd57) in 0.002s. Peers: 7
2026-04-01 10:26:06.313-0500 | EthScheduler-Workers-0 | INFO  | PersistBlockTask | Imported empty block #14,032 / 0 tx / 0 om / 0 (0.0%) gas / (0x5b7d2d3774a1b488d6b8db4e487aa89d90a507995320602953d0ef3d724ec4e2) in 0.004s. Peers: 7
2026-04-01 10:26:11.013-0500 | EthScheduler-Workers-0 | INFO  | PersistBlockTask | Imported empty block #14,033 / 0 tx / 0 om / 0 (0.0%) gas / (0xa8dc572264e4d013ab6f24e3a746213cc0b00e146225e36c7cd720a0f477c093) in 0.002s. Peers: 7
2026-04-01 10:26:16.010-0500 | EthScheduler-Workers-0 | INFO  | PersistBlockTask | Imported empty block #14,034 / 0 tx / 0 om / 0 (0.0%) gas / (0x8831926f5ef2c954e88679e5483c61ef8f118ebab214b02758535518f282854a) in 0.002s. Peers: 7
2026-04-01 10:26:21.013-0500 | EthScheduler-Workers-0 | INFO  | PersistBlockTask | Imported empty block #14,035 / 0 tx / 0 om / 0 (0.0%) gas / (0xf1488ce0de321b990b300e70fa1142f52626ad853ca7333bc2ef818ad256250e) in 0.002s. Peers: 7
2026-04-01 10:26:26.015-0500 | EthScheduler-Workers-0 | INFO  | PersistBlockTask | Imported empty block #14,036 / 0 tx / 0 om / 0 (0.0%) gas / (0x9f10a24d849ae22cfd41ba801ce3a1e97a273c2da772e9ff06acc2907eae1d22) in 0.004s. Peers: 7
2026-04-01 10:26:39.355-0500 | EthScheduler-Workers-0 | INFO  | PersistBlockTask | Imported empty block #14,037 / 0 tx / 0 om / 0 (0.0%) gas / (0x66e35128475b150b0b97161c0cf6667286d80c06c4b0619d8924f325561a2fe4) in 0.002s. Peers: 7
2026-04-01 10:26:44.011-0500 | EthScheduler-Workers-0 | INFO  | PersistBlockTask | Imported empty block #14,038 / 0 tx / 0 om / 0 (0.0%) gas / (0xb72fadb154c81edf6ff037190349f1c4971985e0d0b6d2f15277b4ce41137b7c) in 0.002s. Peers: 7
2026-04-01 10:26:49.029-0500 | EthScheduler-Workers-0 | INFO  | PersistBlockTask | Imported empty block #14,039 / 0 tx / 0 om / 0 (0.0%) gas / (0x969053b53f954e7246a4893c057a19f2993c89901931cc0d5b529aa18372bf2f) in 0.002s. Peers: 7
2026-04-01 10:26:54.025-0500 | EthScheduler-Workers-0 | INFO  | PersistBlockTask | Imported empty block #14,040 / 0 tx / 0 om / 0 (0.0%) gas / (0x31ed26a870adbe04dbe37c681fcb504fe61fe0bfe0b9e2ffbc3e3666fd6e3cae) in 0.002s. Peers: 7
2026-04-01 10:26:59.013-0500 | EthScheduler-Workers-0 | INFO  | PersistBlockTask | Imported empty block #14,041 / 0 tx / 0 om / 0 (0.0%) gas / (0x7fb7dcdbeb2a7bd3ea51a762af67d9f4d23e38276477d98b4247e0bacce9cd37) in 0.003s. Peers: 7
2026-04-01 10:27:12.362-0500 | EthScheduler-Workers-0 | INFO  | PersistBlockTask | Imported empty block #14,042 / 0 tx / 0 om / 0 (0.0%) gas / (0x340631fadd4f1be6f7fb342241e924da3d888a3650f5a22b70420be5719895fd) in 0.004s. Peers: 7
2026-04-01 10:27:17.011-0500 | EthScheduler-Workers-0 | INFO  | PersistBlockTask | Imported empty block #14,043 / 0 tx / 0 om / 0 (0.0%) gas / (0x22a2ff42f9ea21f803c448cbaa9d564b8a9d72184f98f2789cd6dc4746c03653) in 0.002s. Peers: 7
2026-04-01 10:27:22.012-0500 | EthScheduler-Workers-0 | INFO  | PersistBlockTask | Imported empty block #14,044 / 0 tx / 0 om / 0 (0.0%) gas / (0xb81dea4e7c027e0911a183bade34e7e185fdfc0dfd874eb3b1b094e1fd90669e) in 0.003s. Peers: 7
2026-04-01 10:27:27.018-0500 | EthScheduler-Workers-0 | INFO  | PersistBlockTask | Imported empty block #14,045 / 0 tx / 0 om / 0 (0.0%) gas / (0x45d26367a9420e09a0b17bebff235178779044318001ee28fb40e97cbd3f11c6) in 0.002s. Peers: 7
2026-04-01 10:27:40.349-0500 | EthScheduler-Workers-0 | INFO  | PersistBlockTask | Imported empty block #14,046 / 0 tx / 0 om / 0 (0.0%) gas / (0x2d4dec59565b73e0ca3dd34e7e5003adc6b5f0fd0834b054c71eb514b5aaf397) in 0.002s. Peers: 7
2026-04-01 10:27:45.013-0500 | EthScheduler-Workers-0 | INFO  | PersistBlockTask | Imported empty block #14,047 / 0 tx / 0 om / 0 (0.0%) gas / (0xf2f474d2ae12b3db07a96855d446197d516099b3c3d800942b7e50f5f914ffdd) in 0.003s. Peers: 7
2026-04-01 10:27:50.010-0500 | EthScheduler-Workers-0 | INFO  | PersistBlockTask | Imported empty block #14,048 / 0 tx / 0 om / 0 (0.0%) gas / (0x81793498caf23fd92f9a3704f012717827d084a8d77414591cf82b8981e047da) in 0.002s. Peers: 7
2026-04-01 10:27:55.012-0500 | EthScheduler-Workers-0 | INFO  | PersistBlockTask | Imported empty block #14,049 / 0 tx / 0 om / 0 (0.0%) gas / (0x1ac41bdfcd6c55bc31ee2dfb809699ceb0a2bb2cc7615fddb979b98dfdb87e4f) in 0.002s. Peers: 7
2026-04-01 10:28:00.021-0500 | EthScheduler-Workers-0 | INFO  | PersistBlockTask | Imported empty block #14,050 / 0 tx / 0 om / 0 (0.0%) gas / (0x326b7ebafa84353fee8f2d914024e0709a3114d121bdf7407890c531e7f92a0d) in 0.004s. Peers: 7
2026-04-01 10:28:13.324-0500 | EthScheduler-Workers-0 | INFO  | PersistBlockTask | Imported empty block #14,051 / 0 tx / 0 om / 0 (0.0%) gas / (0x4e8a76688bb3e0617614a30fb7ae4253bf5da3efeddbb278f8f57a5a3411d677) in 0.002s. Peers: 7
2026-04-01 10:28:18.019-0500 | EthScheduler-Workers-0 | INFO  | PersistBlockTask | Imported empty block #14,052 / 0 tx / 0 om / 0 (0.0%) gas / (0xdfab9a78360718413699de27727a0c0cbc931b0adab7070dca14c8522eceab05) in 0.002s. Peers: 7
2026-04-01 10:28:23.011-0500 | EthScheduler-Workers-0 | INFO  | PersistBlockTask | Imported empty block #14,053 / 0 tx / 0 om / 0 (0.0%) gas / (0x6cdbffb53bfc03601ba9a42177f1ec9af341cdb441b34088b5a8986648b4ec41) in 0.002s. Peers: 7
2026-04-01 10:28:28.011-0500 | EthScheduler-Workers-0 | INFO  | PersistBlockTask | Imported empty block #14,054 / 0 tx / 0 om / 0 (0.0%) gas / (0x48f604f902dc1bae698e8d5a089e561c187ad883c0c16285b981884759715eb2) in 0.003s. Peers: 7
2026-04-01 10:28:41.308-0500 | EthScheduler-Workers-0 | INFO  | PersistBlockTask | Imported empty block #14,055 / 0 tx / 0 om / 0 (0.0%) gas / (0xe58bd0b0caf92231985f5f4ef90f5145b0fb954584aaa0e8d8b0e22814dc3402) in 0.003s. Peers: 7
2026-04-01 10:28:46.009-0500 | EthScheduler-Workers-0 | INFO  | PersistBlockTask | Imported empty block #14,056 / 0 tx / 0 om / 0 (0.0%) gas / (0xcd8dfc306a01edc9710dad6024b3e9b90ed5289540058e7e7d4fc4ac69f5f9b2) in 0.001s. Peers: 7
2026-04-01 10:28:51.015-0500 | EthScheduler-Workers-0 | INFO  | PersistBlockTask | Imported empty block #14,057 / 0 tx / 0 om / 0 (0.0%) gas / (0x96bffb90b158fde1da1a95d98c3c4f392178b4fc36b10735c5a59cc54df7699d) in 0.002s. Peers: 7
2026-04-01 10:28:56.012-0500 | EthScheduler-Workers-0 | INFO  | PersistBlockTask | Imported empty block #14,058 / 0 tx / 0 om / 0 (0.0%) gas / (0x6c4644a350d254faca5a6f7b66dc59a8b6ad5dbb0447ff693b247ae3903fe024) in 0.003s. Peers: 7
2026-04-01 10:29:01.011-0500 | EthScheduler-Workers-0 | INFO  | PersistBlockTask | Imported empty block #14,059 / 0 tx / 0 om / 0 (0.0%) gas / (0x7e781643d57cc3f18687a27f6ffa7b846de18fb0536964604affdfdf942924a3) in 0.002s. Peers: 7
2026-04-01 10:29:14.347-0500 | EthScheduler-Workers-0 | INFO  | PersistBlockTask | Imported empty block #14,060 / 0 tx / 0 om / 0 (0.0%) gas / (0x5aac7871153be943fabfcdf8f36673ed842c8caefb1a254d3979fa464fdfb4d4) in 0.002s. Peers: 7
2026-04-01 10:29:19.011-0500 | EthScheduler-Workers-0 | INFO  | PersistBlockTask | Imported empty block #14,061 / 0 tx / 0 om / 0 (0.0%) gas / (0x8492af149e8e48f35dad312a79f1fbd0d39f298b3cb97192538f9144b37f9cd7) in 0.002s. Peers: 7
2026-04-01 10:29:24.014-0500 | EthScheduler-Workers-0 | INFO  | PersistBlockTask | Imported empty block #14,062 / 0 tx / 0 om / 0 (0.0%) gas / (0xc874dd8bcd33d6e3e9559c66d0ad276826cfc83d5274611f53035074c3061824) in 0.005s. Peers: 7
2026-04-01 10:29:29.012-0500 | EthScheduler-Workers-0 | INFO  | PersistBlockTask | Imported empty block #14,063 / 0 tx / 0 om / 0 (0.0%) gas / (0xe868e052b078a3605ca510e29647f9e7effee2f79eb4417fd78cabb2d88c975c) in 0.002s. Peers: 7
2026-04-01 10:29:42.340-0500 | EthScheduler-Workers-0 | INFO  | PersistBlockTask | Imported empty block #14,064 / 0 tx / 0 om / 0 (0.0%) gas / (0x2b1bfca1d02d8d537608cf2f17cce5631d6f14cb1100997292801823ad6c1f7e) in 0.003s. Peers: 7
2026-04-01 10:29:47.013-0500 | EthScheduler-Workers-0 | INFO  | PersistBlockTask | Imported empty block #14,065 / 0 tx / 0 om / 0 (0.0%) gas / (0x107c9b66d557c68f5fe912fcf4b33d4c68efe04ea1e4bc6ecd1cdc8b03eea08d) in 0.002s. Peers: 7
2026-04-01 10:29:52.015-0500 | EthScheduler-Workers-0 | INFO  | PersistBlockTask | Imported empty block #14,066 / 0 tx / 0 om / 0 (0.0%) gas / (0x7dbacffc6c37fe6d1d922a03909a1c7cafb429ce6a3f0b58a31ec7f4c613db48) in 0.003s. Peers: 7
2026-04-01 10:29:57.012-0500 | EthScheduler-Workers-0 | INFO  | PersistBlockTask | Imported empty block #14,067 / 0 tx / 0 om / 0 (0.0%) gas / (0xb258f5446653d5c52064475cbeeb4a2f3e22965cc217274d461a78367dd0e26f) in 0.002s. Peers: 7
2026-04-01 10:30:02.012-0500 | EthScheduler-Workers-0 | INFO  | PersistBlockTask | Imported empty block #14,068 / 0 tx / 0 om / 0 (0.0%) gas / (0x2d9d24e4d32891630ac14c42333bc9b6d850394dfeb1723932050f16019f76ca) in 0.002s. Peers: 7
2026-04-01 10:30:15.343-0500 | EthScheduler-Workers-0 | INFO  | PersistBlockTask | Imported empty block #14,069 / 0 tx / 0 om / 0 (0.0%) gas / (0x621d1529514094c804144790567535622d1bf852e4c5d44e4a751edbb4691130) in 0.002s. Peers: 7
2026-04-01 10:30:20.011-0500 | EthScheduler-Workers-0 | INFO  | PersistBlockTask | Imported empty block #14,070 / 0 tx / 0 om / 0 (0.0%) gas / (0x151507f644de1f59c8d2de704e3959a3b3a58e168ad9546c0d6d83f0c793aa2c) in 0.002s. Peers: 7
2026-04-01 10:30:25.013-0500 | EthScheduler-Workers-0 | INFO  | PersistBlockTask | Imported empty block #14,071 / 0 tx / 0 om / 0 (0.0%) gas / (0x89aa6e971a59dfa9957f17be5caab9d3d6f1ec8690fd688514c3f0a06a0fb1ad) in 0.003s. Peers: 7
2026-04-01 10:30:30.018-0500 | EthScheduler-Workers-0 | INFO  | PersistBlockTask | Imported empty block #14,072 / 0 tx / 0 om / 0 (0.0%) gas / (0xa393271adfc2c607a411bbf0dcfce93e3b2ff5cd515d5a2109be7c903bfc93a3) in 0.003s. Peers: 7
2026-04-01 10:30:43.329-0500 | EthScheduler-Workers-0 | INFO  | PersistBlockTask | Imported empty block #14,073 / 0 tx / 0 om / 0 (0.0%) gas / (0x51564a06d06e2061326b0d0bf97e5dd2399a0634e7b201ffe9956ea8a3175c37) in 0.002s. Peers: 7
2026-04-01 10:30:48.016-0500 | EthScheduler-Workers-0 | INFO  | PersistBlockTask | Imported empty block #14,074 / 0 tx / 0 om / 0 (0.0%) gas / (0x0a77c9f07a8aa7843667702c9900b9e65fbf2f609d426a1372af470255bf9ac2) in 0.004s. Peers: 7
2026-04-01 10:30:53.012-0500 | EthScheduler-Workers-0 | INFO  | PersistBlockTask | Imported empty block #14,075 / 0 tx / 0 om / 0 (0.0%) gas / (0x41b0364968e291ec500726fc3988f92e80335a92057bebd4f9d0662932f6d8ea) in 0.003s. Peers: 7
2026-04-01 10:30:58.016-0500 | EthScheduler-Workers-0 | INFO  | PersistBlockTask | Imported empty block #14,076 / 0 tx / 0 om / 0 (0.0%) gas / (0x5c965ddb68efe9868a14dd29d087e3f16f6af849ac3dfe49373a5ed28e8176f5) in 0.002s. Peers: 7
2026-04-01 10:31:03.012-0500 | EthScheduler-Workers-0 | INFO  | PersistBlockTask | Imported empty block #14,077 / 0 tx / 0 om / 0 (0.0%) gas / (0xde3d758fbcd2ac4bf00e1287f2a6641c21a29e7f05f88fedc772c694a744221f) in 0.002s. Peers: 7
2026-04-01 10:31:16.311-0500 | EthScheduler-Workers-0 | INFO  | PersistBlockTask | Imported empty block #14,078 / 0 tx / 0 om / 0 (0.0%) gas / (0x6e62d47e58eefe125fdc8c31b10fcba9f59ab709c405717a41c6e60e17e40bcd) in 0.004s. Peers: 7
2026-04-01 10:31:21.031-0500 | EthScheduler-Workers-0 | INFO  | PersistBlockTask | Imported empty block #14,079 / 0 tx / 0 om / 0 (0.0%) gas / (0xe9092e651f2a49447c72c6fc0781640aa3e697aedcfe91db7b80991c86fab9e5) in 0.021s. Peers: 7
2026-04-01 10:31:26.013-0500 | EthScheduler-Workers-0 | INFO  | PersistBlockTask | Imported empty block #14,080 / 0 tx / 0 om / 0 (0.0%) gas / (0x6dbfe42ee3ae6d4cc696b82bad03e02195990b7593574818b78c8d6e2c8fda4b) in 0.004s. Peers: 7
2026-04-01 10:31:31.008-0500 | EthScheduler-Workers-0 | INFO  | PersistBlockTask | Imported empty block #14,081 / 0 tx / 0 om / 0 (0.0%) gas / (0x9727e79465551e929d548e017578b9713fd6018aa5f0d684bc406d37bcedd129) in 0.001s. Peers: 7
2026-04-01 10:31:44.347-0500 | EthScheduler-Workers-0 | INFO  | PersistBlockTask | Imported empty block #14,082 / 0 tx / 0 om / 0 (0.0%) gas / (0xe16f56776bf4fde2cb46a14898c4b95ff3a31ff1877b6412b2e517808a1023bd) in 0.002s. Peers: 7
2026-04-01 10:31:49.012-0500 | EthScheduler-Workers-0 | INFO  | PersistBlockTask | Imported empty block #14,083 / 0 tx / 0 om / 0 (0.0%) gas / (0x3657a9326e8fe1b5c7fa5adb7285e5b5a778fe000f1a3f8c398212dc8fbb7082) in 0.002s. Peers: 7
2026-04-01 10:31:54.009-0500 | EthScheduler-Workers-0 | INFO  | PersistBlockTask | Imported empty block #14,084 / 0 tx / 0 om / 0 (0.0%) gas / (0x63000eb864823c64e6c71ce1f869132af39fc36fdbfaf8e0fad7d52dcd594d6c) in 0.001s. Peers: 7
2026-04-01 10:31:59.013-0500 | EthScheduler-Workers-0 | INFO  | PersistBlockTask | Imported empty block #14,085 / 0 tx / 0 om / 0 (0.0%) gas / (0x975ac2c73bb4209998ea807e0668ca01273ec26eee13c8b71d55380570c5e497) in 0.002s. Peers: 7
2026-04-01 10:32:04.012-0500 | EthScheduler-Workers-0 | INFO  | PersistBlockTask | Imported empty block #14,086 / 0 tx / 0 om / 0 (0.0%) gas / (0x1493902c4c8d7bdcdc66da1686adf871fb254929c767b8074ff8c3dca81d08ef) in 0.001s. Peers: 7
2026-04-01 10:32:17.323-0500 | EthScheduler-Workers-0 | INFO  | PersistBlockTask | Imported empty block #14,087 / 0 tx / 0 om / 0 (0.0%) gas / (0x6058301429a9a64bbee2081ad8fb23f8edcffecf862e9abac068e2e6dafbd44c) in 0.002s. Peers: 7
2026-04-01 10:32:22.012-0500 | EthScheduler-Workers-0 | INFO  | PersistBlockTask | Imported empty block #14,088 / 0 tx / 0 om / 0 (0.0%) gas / (0xf845705ab8bbdb043fbadf26b6cdf42a7eae3e84e59cb36ee2b21decdde012b8) in 0.002s. Peers: 7
2026-04-01 10:32:27.012-0500 | EthScheduler-Workers-0 | INFO  | PersistBlockTask | Imported empty block #14,089 / 0 tx / 0 om / 0 (0.0%) gas / (0x80f3436afcedc6f7382ee3732dae5a6d246b898fc7748ac0374b2ac4acc85cec) in 0.002s. Peers: 7
2026-04-01 10:32:32.013-0500 | EthScheduler-Workers-0 | INFO  | PersistBlockTask | Imported empty block #14,090 / 0 tx / 0 om / 0 (0.0%) gas / (0xfa10e4008644adf6b5b90067b0f7990079e678fe24319412dbc8859821e8edbe) in 0.002s. Peers: 7
2026-04-01 10:32:45.339-0500 | EthScheduler-Workers-0 | INFO  | PersistBlockTask | Imported empty block #14,091 / 0 tx / 0 om / 0 (0.0%) gas / (0xf2ef1368cdd61fccea66d54c69bace760d521ebea4802280bc3aff9a08a1a7a1) in 0.002s. Peers: 7
2026-04-01 10:32:50.010-0500 | EthScheduler-Workers-0 | INFO  | PersistBlockTask | Imported empty block #14,092 / 0 tx / 0 om / 0 (0.0%) gas / (0xe7cc3d375f7d0f95104424d704122a6fabd3cd38107b7db7366e201639e09347) in 0.002s. Peers: 7
2026-04-01 10:32:55.013-0500 | EthScheduler-Workers-0 | INFO  | PersistBlockTask | Imported empty block #14,093 / 0 tx / 0 om / 0 (0.0%) gas / (0xc2b9152a388a96d46ea229af4298cc66a4c6c8cc7e30ac035c535b8f7c93750f) in 0.003s. Peers: 7
2026-04-01 10:33:00.013-0500 | EthScheduler-Workers-0 | INFO  | PersistBlockTask | Imported empty block #14,094 / 0 tx / 0 om / 0 (0.0%) gas / (0x9eb8aeda8b593ed2f31673457369ac6b6265303a3215a865dc31b85666f4056f) in 0.004s. Peers: 7
2026-04-01 10:33:05.013-0500 | EthScheduler-Workers-0 | INFO  | PersistBlockTask | Imported empty block #14,095 / 0 tx / 0 om / 0 (0.0%) gas / (0xb163d0993f37d136652c1325bf91c5b5b19dda777e8d4e4ea539ba60741a469b) in 0.003s. Peers: 7
2026-04-01 10:33:18.335-0500 | EthScheduler-Workers-0 | INFO  | PersistBlockTask | Imported empty block #14,096 / 0 tx / 0 om / 0 (0.0%) gas / (0x47f13f708e69189fb24295f0ddb18764ad4da4bb16036520ccf95dcd9370deb8) in 0.003s. Peers: 7
2026-04-01 10:33:23.015-0500 | EthScheduler-Workers-0 | INFO  | PersistBlockTask | Imported empty block #14,097 / 0 tx / 0 om / 0 (0.0%) gas / (0x3f9d85aa239f6789f9c55d389b59127d73ce70827eae0fe0d636d88127a9c171) in 0.002s. Peers: 7
2026-04-01 10:33:28.017-0500 | EthScheduler-Workers-0 | INFO  | PersistBlockTask | Imported empty block #14,098 / 0 tx / 0 om / 0 (0.0%) gas / (0x3e7537eadb0edf206148c74f9c29b959c7118087f7f46e8070fa4d84e1ac699b) in 0.003s. Peers: 7
2026-04-01 10:33:33.017-0500 | EthScheduler-Workers-0 | INFO  | PersistBlockTask | Imported empty block #14,099 / 0 tx / 0 om / 0 (0.0%) gas / (0x239565d9e4c701fcd5081748209451c692df929a9d2465b4a6e7d46683568d6a) in 0.002s. Peers: 7
2026-04-01 10:33:46.318-0500 | EthScheduler-Workers-0 | INFO  | PersistBlockTask | Imported empty block #14,100 / 0 tx / 0 om / 0 (0.0%) gas / (0x09fd73d0a5335a330e9609c11974482c0151e97560cb0f126523aab924821e1f) in 0.002s. Peers: 7
2026-04-01 10:33:51.013-0500 | EthScheduler-Workers-0 | INFO  | PersistBlockTask | Imported empty block #14,101 / 0 tx / 0 om / 0 (0.0%) gas / (0xc63cbf73664502278df01207c17f6dbc7e58761401d48aff2f1b77f7bc0a2dc6) in 0.002s. Peers: 7
2026-04-01 10:33:56.011-0500 | EthScheduler-Workers-0 | INFO  | PersistBlockTask | Imported empty block #14,102 / 0 tx / 0 om / 0 (0.0%) gas / (0x1b92be94593dd4dcfa200f6466c0039e3acad98d0670e223abaf990ad65119bb) in 0.002s. Peers: 7
2026-04-01 10:34:01.017-0500 | EthScheduler-Workers-0 | INFO  | PersistBlockTask | Imported empty block #14,103 / 0 tx / 0 om / 0 (0.0%) gas / (0x43cc3ac002b6bf38c76438289ee9fa7dbcd3c932fb2c751967479774c4391357) in 0.003s. Peers: 7
2026-04-01 10:34:06.016-0500 | EthScheduler-Workers-0 | INFO  | PersistBlockTask | Imported empty block #14,104 / 0 tx / 0 om / 0 (0.0%) gas / (0xe71c83dfcf4260a54b799c57883ff546141da8a26219ee20361c7fa6b6ace040) in 0.004s. Peers: 7
2026-04-01 10:34:19.341-0500 | EthScheduler-Workers-0 | INFO  | PersistBlockTask | Imported empty block #14,105 / 0 tx / 0 om / 0 (0.0%) gas / (0x3cf4fa251846b4105f4948432009124f3e3605587e186ae977d6f9a5619a87b4) in 0.002s. Peers: 7
2026-04-01 10:34:24.012-0500 | EthScheduler-Workers-0 | INFO  | PersistBlockTask | Imported empty block #14,106 / 0 tx / 0 om / 0 (0.0%) gas / (0x3c696742e34d4b27a437615fbf21e9fd09c6285a44f458fcc5ff33795399d5f8) in 0.003s. Peers: 7
2026-04-01 10:34:29.016-0500 | EthScheduler-Workers-0 | INFO  | PersistBlockTask | Imported empty block #14,107 / 0 tx / 0 om / 0 (0.0%) gas / (0x1827c5f3befd18bb008d8014d0dba98c43121f1cd785586cabb885cbc51fc2f7) in 0.002s. Peers: 7
2026-04-01 10:34:34.015-0500 | EthScheduler-Workers-0 | INFO  | PersistBlockTask | Imported empty block #14,108 / 0 tx / 0 om / 0 (0.0%) gas / (0xb8a9f27d1ff0e19a2f4763099c4660da1238f3e561d589119331dd61d6951df1) in 0.002s. Peers: 7
2026-04-01 10:34:47.331-0500 | EthScheduler-Workers-0 | INFO  | PersistBlockTask | Imported empty block #14,109 / 0 tx / 0 om / 0 (0.0%) gas / (0xc7b160bc1ec00894ad9ec27382723c58ac35326b81be0af79dc541ce850cc057) in 0.002s. Peers: 7
2026-04-01 10:34:52.010-0500 | EthScheduler-Workers-0 | INFO  | PersistBlockTask | Imported empty block #14,110 / 0 tx / 0 om / 0 (0.0%) gas / (0x78da5c3a35e702a3733adf606b172cce5655130d6e114eb9d1e1a751d9deacf4) in 0.002s. Peers: 7
2026-04-01 10:34:57.014-0500 | EthScheduler-Workers-0 | INFO  | PersistBlockTask | Imported empty block #14,111 / 0 tx / 0 om / 0 (0.0%) gas / (0xc54081a7d47c5d73d445d6d31839119e72877351ce46c397b778d1830d57d8bd) in 0.004s. Peers: 7
2026-04-01 10:35:02.013-0500 | EthScheduler-Workers-0 | INFO  | PersistBlockTask | Imported empty block #14,112 / 0 tx / 0 om / 0 (0.0%) gas / (0xbbe5213232cd6c844eeda17e62e5a6d16769897e7869e3400d7cf72fe74f8c5c) in 0.004s. Peers: 7
2026-04-01 10:35:07.016-0500 | EthScheduler-Workers-0 | INFO  | PersistBlockTask | Imported empty block #14,113 / 0 tx / 0 om / 0 (0.0%) gas / (0x0cf814dee40c3fcc4b9be7825da233d636b3f0ce61cc92108e17d7a885087c35) in 0.003s. Peers: 7
2026-04-01 10:35:20.343-0500 | EthScheduler-Workers-0 | INFO  | PersistBlockTask | Imported empty block #14,114 / 0 tx / 0 om / 0 (0.0%) gas / (0xeed31839d660bb795e4c7e89e777ffeb3fc454f6794d24c59f6a9e2e4da85f2c) in 0.003s. Peers: 7
2026-04-01 10:35:25.016-0500 | EthScheduler-Workers-0 | INFO  | PersistBlockTask | Imported empty block #14,115 / 0 tx / 0 om / 0 (0.0%) gas / (0x168aff64c583c1aad099da790fa4f478b631e74aa5a4ad11852a51ba01103d6c) in 0.002s. Peers: 7
2026-04-01 10:35:30.017-0500 | EthScheduler-Workers-0 | INFO  | PersistBlockTask | Imported empty block #14,116 / 0 tx / 0 om / 0 (0.0%) gas / (0x8c0b940ce10b755212a61b9ed1d2ca5e8eec25c3d3c1d09548956ab303c617e1) in 0.003s. Peers: 7
2026-04-01 10:35:35.011-0500 | EthScheduler-Workers-0 | INFO  | PersistBlockTask | Imported empty block #14,117 / 0 tx / 0 om / 0 (0.0%) gas / (0x2cfaa2945b9cc1ab176916ad5835131f264ecf9b28dd0fc9ae8f8667f96ad0d7) in 0.002s. Peers: 7
2026-04-01 10:35:48.326-0500 | EthScheduler-Workers-0 | INFO  | PersistBlockTask | Imported empty block #14,118 / 0 tx / 0 om / 0 (0.0%) gas / (0x9a2e86c71058c1831cff88d72a2dd160771214c03455f8e1effe9a55024110b1) in 0.003s. Peers: 7
2026-04-01 10:35:53.014-0500 | EthScheduler-Workers-0 | INFO  | PersistBlockTask | Imported empty block #14,119 / 0 tx / 0 om / 0 (0.0%) gas / (0x9c55c78f849868f202087ecc1438b1485dd08dfc72abd7964dc90b39a80ed032) in 0.003s. Peers: 7
2026-04-01 10:35:58.011-0500 | EthScheduler-Workers-0 | INFO  | PersistBlockTask | Imported empty block #14,120 / 0 tx / 0 om / 0 (0.0%) gas / (0x0c353329bc8d6988a316305dc9133ee7b30038b975a9c200b956beb6bf74b89d) in 0.002s. Peers: 7
2026-04-01 10:36:03.012-0500 | EthScheduler-Workers-0 | INFO  | PersistBlockTask | Imported empty block #14,121 / 0 tx / 0 om / 0 (0.0%) gas / (0x5474e5950b449ca808352651d05a64e974472172a21e4efb17f464c875fdaf70) in 0.003s. Peers: 7
2026-04-01 10:36:08.017-0500 | EthScheduler-Workers-0 | INFO  | PersistBlockTask | Imported empty block #14,122 / 0 tx / 0 om / 0 (0.0%) gas / (0x51e31f30cbb588e644e5d664501081723317f6e6daa18385ffb87331c75d3eec) in 0.006s. Peers: 7
2026-04-01 10:36:21.309-0500 | EthScheduler-Workers-0 | INFO  | PersistBlockTask | Imported empty block #14,123 / 0 tx / 0 om / 0 (0.0%) gas / (0xd341f935d29bd66c1b335e535094d3d1c9014576c8aa6bfa9161756f13456420) in 0.002s. Peers: 7
2026-04-01 10:36:26.010-0500 | EthScheduler-Workers-0 | INFO  | PersistBlockTask | Imported empty block #14,124 / 0 tx / 0 om / 0 (0.0%) gas / (0x5d6c95b12c46f1d3f9841be731af294f56a586a0b4ea0bd8de2a94c9ca6b97e2) in 0.003s. Peers: 7
2026-04-01 10:36:31.012-0500 | EthScheduler-Workers-0 | INFO  | PersistBlockTask | Imported empty block #14,125 / 0 tx / 0 om / 0 (0.0%) gas / (0x3a3642cbc002e0af6f1d7f06e778a48a56784fc4da833f03dd4af0a513e87e9a) in 0.002s. Peers: 7
2026-04-01 10:36:36.012-0500 | EthScheduler-Workers-0 | INFO  | PersistBlockTask | Imported empty block #14,126 / 0 tx / 0 om / 0 (0.0%) gas / (0xa5034c8920c4939ced818d842b13a63a49f0784162cf17abcb4cf256f0cf7a3e) in 0.003s. Peers: 7
2026-04-01 10:36:49.352-0500 | EthScheduler-Workers-0 | INFO  | PersistBlockTask | Imported empty block #14,127 / 0 tx / 0 om / 0 (0.0%) gas / (0x81698f7661928d6f7828fa81d6f5d349c21e19883125fea3bbed8db24d366ba6) in 0.003s. Peers: 7
2026-04-01 10:36:54.012-0500 | EthScheduler-Workers-0 | INFO  | PersistBlockTask | Imported empty block #14,128 / 0 tx / 0 om / 0 (0.0%) gas / (0x5dc7065ccd49626c527533d2e190413ef90d5825357e7a29061b879acf1c377d) in 0.002s. Peers: 7
2026-04-01 10:36:59.010-0500 | EthScheduler-Workers-0 | INFO  | PersistBlockTask | Imported empty block #14,129 / 0 tx / 0 om / 0 (0.0%) gas / (0x280c371009806b326e5e26bd0adab92365e17a7c05b01006755579cbed7824d6) in 0.002s. Peers: 7
2026-04-01 10:37:04.011-0500 | EthScheduler-Workers-0 | INFO  | PersistBlockTask | Imported empty block #14,130 / 0 tx / 0 om / 0 (0.0%) gas / (0xffa892aaf52cec8910e04825cbae8c0861657cbdf72f55c0ed9e08d9d897b3e1) in 0.003s. Peers: 7
2026-04-01 10:37:09.011-0500 | EthScheduler-Workers-0 | INFO  | PersistBlockTask | Imported empty block #14,131 / 0 tx / 0 om / 0 (0.0%) gas / (0xceb7a58be509d7c672c3cccb47b455640c97e7715daad17ab8e4b85316113c99) in 0.002s. Peers: 7
2026-04-01 10:37:22.329-0500 | EthScheduler-Workers-0 | INFO  | PersistBlockTask | Imported empty block #14,132 / 0 tx / 0 om / 0 (0.0%) gas / (0x25ddeea2cf88caf361753d72052c9e0acbbf63f9a1cadcf83861dc6a067d66b4) in 0.002s. Peers: 7
2026-04-01 10:37:27.011-0500 | EthScheduler-Workers-0 | INFO  | PersistBlockTask | Imported empty block #14,133 / 0 tx / 0 om / 0 (0.0%) gas / (0x9dab794d9d48e0c3fff17bbdef5855eb68f09412a3eaf9354340d7569227988f) in 0.003s. Peers: 7
2026-04-01 10:37:32.012-0500 | EthScheduler-Workers-0 | INFO  | PersistBlockTask | Imported empty block #14,134 / 0 tx / 0 om / 0 (0.0%) gas / (0xac12feaeb289730195a70d4ea8d253f944e167a64fc6ccbf57d295207a242438) in 0.003s. Peers: 7
2026-04-01 10:37:37.009-0500 | EthScheduler-Workers-0 | INFO  | PersistBlockTask | Imported empty block #14,135 / 0 tx / 0 om / 0 (0.0%) gas / (0x6c068d2eba407783658a8a16440656cc65d6f85289fd4c71ba27c23cbde86826) in 0.002s. Peers: 7
2026-04-01 10:37:50.314-0500 | EthScheduler-Workers-0 | INFO  | PersistBlockTask | Imported empty block #14,136 / 0 tx / 0 om / 0 (0.0%) gas / (0x7b7e3b9f09a46c421e732929fab6f9ca2948d11f1c3a478df4dfc70ffeb8c843) in 0.002s. Peers: 7
2026-04-01 10:37:55.017-0500 | EthScheduler-Workers-0 | INFO  | PersistBlockTask | Imported empty block #14,137 / 0 tx / 0 om / 0 (0.0%) gas / (0xce8aa2feeeeb4dd3b069d6d12647430ab7bdefac9377505ab6b151942f824553) in 0.002s. Peers: 7
2026-04-01 10:38:00.019-0500 | EthScheduler-Workers-0 | INFO  | PersistBlockTask | Imported empty block #14,138 / 0 tx / 0 om / 0 (0.0%) gas / (0x06235cc2500779a0c19ab4afdbb194c84b5f8d926ac9f5f41b56f2497f611c20) in 0.002s. Peers: 7
2026-04-01 10:38:05.014-0500 | EthScheduler-Workers-0 | INFO  | PersistBlockTask | Imported empty block #14,139 / 0 tx / 0 om / 0 (0.0%) gas / (0xf5959cb9e221f6b0c06f0655b099f15161cbc242b909e8a5b8755a6984cc28be) in 0.002s. Peers: 7
2026-04-01 10:38:10.016-0500 | EthScheduler-Workers-0 | INFO  | PersistBlockTask | Imported empty block #14,140 / 0 tx / 0 om / 0 (0.0%) gas / (0x516265a2d51a249e7c12b2ad2ad5a0fdf9ed4bbe8e5f5eb9868690602bcfe4f2) in 0.002s. Peers: 7
2026-04-01 10:38:23.281-0500 | EthScheduler-Workers-0 | INFO  | PersistBlockTask | Imported empty block #14,141 / 0 tx / 0 om / 0 (0.0%) gas / (0x09a63d65f720084bff36837b0e9b7a8255167e2bd201fe44d83a33f9edc0bbd3) in 0.004s. Peers: 7
2026-04-01 10:38:28.009-0500 | EthScheduler-Workers-0 | INFO  | PersistBlockTask | Imported empty block #14,142 / 0 tx / 0 om / 0 (0.0%) gas / (0xbbfdff0e5f15fae93e7ee48646e3635c88adc8724f7f18f97fad72e4d86b4364) in 0.002s. Peers: 7
2026-04-01 10:38:33.014-0500 | EthScheduler-Workers-0 | INFO  | PersistBlockTask | Imported empty block #14,143 / 0 tx / 0 om / 0 (0.0%) gas / (0xf9b78c5c71e0766d261dfe8ee23f1cc9baa99aed7c7ffa00bdffa0cd2d0e9e25) in 0.003s. Peers: 7
2026-04-01 10:38:38.023-0500 | EthScheduler-Workers-0 | INFO  | PersistBlockTask | Imported empty block #14,144 / 0 tx / 0 om / 0 (0.0%) gas / (0x19789d4b3f5beefe6c22985dced3def6b0fac22f50a74ffe50547d8241ab423b) in 0.002s. Peers: 7
2026-04-01 10:38:51.348-0500 | EthScheduler-Workers-0 | INFO  | PersistBlockTask | Imported empty block #14,145 / 0 tx / 0 om / 0 (0.0%) gas / (0x5bc25e2786a024b2022d32b19f0bb362fc64d8430abdd820b33734eee96d9486) in 0.004s. Peers: 7
2026-04-01 10:38:56.013-0500 | EthScheduler-Workers-0 | INFO  | PersistBlockTask | Imported empty block #14,146 / 0 tx / 0 om / 0 (0.0%) gas / (0x23294d0802ab163804dbc5c96f220895c212dc25a0013c8ad963a86d85028c11) in 0.002s. Peers: 7
2026-04-01 10:39:01.013-0500 | EthScheduler-Workers-0 | INFO  | PersistBlockTask | Imported empty block #14,147 / 0 tx / 0 om / 0 (0.0%) gas / (0xed71c4687b4083013de12aea0825b589800ba41c4007709203d00ee38ee3b3ac) in 0.002s. Peers: 7
2026-04-01 10:39:06.014-0500 | EthScheduler-Workers-0 | INFO  | PersistBlockTask | Imported empty block #14,148 / 0 tx / 0 om / 0 (0.0%) gas / (0xab877e9ab17d28a04011a2f459dbd71b0b66f7615c15e3fc51405c1703b4cb2b) in 0.004s. Peers: 7
2026-04-01 10:39:11.010-0500 | EthScheduler-Workers-0 | INFO  | PersistBlockTask | Imported empty block #14,149 / 0 tx / 0 om / 0 (0.0%) gas / (0xdad2c6cc6e9ce905dd4dbcdcc6913b16b10cc883f129b649e58390e62396ad2a) in 0.002s. Peers: 7
2026-04-01 10:39:24.341-0500 | EthScheduler-Workers-0 | INFO  | PersistBlockTask | Imported empty block #14,150 / 0 tx / 0 om / 0 (0.0%) gas / (0x4f28d464fa850a1fa840e3a7793ee2ca00e61640f69cde34f7330a5d97ce4c3f) in 0.005s. Peers: 7
2026-04-01 10:39:29.011-0500 | EthScheduler-Workers-0 | INFO  | PersistBlockTask | Imported empty block #14,151 / 0 tx / 0 om / 0 (0.0%) gas / (0x1f3a476e0cbe6b055b0b133a2787a20d3d4001203a06cef365140820f808ffa0) in 0.002s. Peers: 7
2026-04-01 10:39:34.010-0500 | EthScheduler-Workers-0 | INFO  | PersistBlockTask | Imported empty block #14,152 / 0 tx / 0 om / 0 (0.0%) gas / (0x0f16ebdcd1544bac8e6a4cd794e7af0addd809ee4687eff24b32cf225756d9d4) in 0.002s. Peers: 7
2026-04-01 10:39:39.012-0500 | EthScheduler-Workers-0 | INFO  | PersistBlockTask | Imported empty block #14,153 / 0 tx / 0 om / 0 (0.0%) gas / (0xabaff7f2a5d11e7911ea94fb3e94157965f2274c76753f8890261cc314e48423) in 0.002s. Peers: 7
2026-04-01 10:39:52.323-0500 | EthScheduler-Workers-0 | INFO  | PersistBlockTask | Imported empty block #14,154 / 0 tx / 0 om / 0 (0.0%) gas / (0xeb711a102fef95756c2ad1308a24ce7078335520f962f07032198fac2dde863e) in 0.003s. Peers: 7
2026-04-01 10:39:57.019-0500 | EthScheduler-Workers-0 | INFO  | PersistBlockTask | Imported empty block #14,155 / 0 tx / 0 om / 0 (0.0%) gas / (0x0609d70d00b4f85e8cfb73dae9b0ebd528464f2c048a3b230df81847b3797010) in 0.002s. Peers: 7
2026-04-01 10:40:02.011-0500 | EthScheduler-Workers-0 | INFO  | PersistBlockTask | Imported empty block #14,156 / 0 tx / 0 om / 0 (0.0%) gas / (0xcd34000c4d5e140fa53ce4e74e981807452bc664446f50f46342d1700b1ffc94) in 0.003s. Peers: 7
2026-04-01 10:40:07.014-0500 | EthScheduler-Workers-0 | INFO  | PersistBlockTask | Imported empty block #14,157 / 0 tx / 0 om / 0 (0.0%) gas / (0xdbf3ce88376183a5c301fc73cdaa3d38143483dee8686b8d4d2586664542ffe2) in 0.002s. Peers: 7
2026-04-01 10:40:12.015-0500 | EthScheduler-Workers-0 | INFO  | PersistBlockTask | Imported empty block #14,158 / 0 tx / 0 om / 0 (0.0%) gas / (0x64328e27de337aa21f5893f99a15384293dbf251df28f3e17478ca863ec8547e) in 0.003s. Peers: 7
2026-04-01 10:40:25.307-0500 | EthScheduler-Workers-0 | INFO  | PersistBlockTask | Imported empty block #14,159 / 0 tx / 0 om / 0 (0.0%) gas / (0xa02218c6e2d119efcea787fb3ece3ed0e9ffdb150ce69ef22ad4848d6016b089) in 0.001s. Peers: 7
2026-04-01 10:40:30.017-0500 | EthScheduler-Workers-0 | INFO  | PersistBlockTask | Imported empty block #14,160 / 0 tx / 0 om / 0 (0.0%) gas / (0xa9da7e5aef9f85ce4b2068d3d3646c5f05692fb70cee8ba6b416121722abd1ca) in 0.003s. Peers: 7
2026-04-01 10:40:35.010-0500 | EthScheduler-Workers-0 | INFO  | PersistBlockTask | Imported empty block #14,161 / 0 tx / 0 om / 0 (0.0%) gas / (0xba04ed20c2b0b5c634943dcc4a60ed92fa035dac3f54a5648b263f05a083cd44) in 0.002s. Peers: 7
2026-04-01 10:40:40.019-0500 | EthScheduler-Workers-0 | INFO  | PersistBlockTask | Imported empty block #14,162 / 0 tx / 0 om / 0 (0.0%) gas / (0x013311ce2c95dbafc83f82e42e3254b784c8b29042ebfb3ee2158f2b8ec61841) in 0.005s. Peers: 7
2026-04-01 10:40:53.293-0500 | EthScheduler-Workers-0 | INFO  | PersistBlockTask | Imported empty block #14,163 / 0 tx / 0 om / 0 (0.0%) gas / (0x3a604b083fd3d6e264cc8c3317acdc1b09712c586d9ec618201d4cbbe39018bb) in 0.002s. Peers: 7
2026-04-01 10:40:58.011-0500 | EthScheduler-Workers-0 | INFO  | PersistBlockTask | Imported empty block #14,164 / 0 tx / 0 om / 0 (0.0%) gas / (0x96cea0eb22f148d12c145a07012767f07d120597bae595247cb9f959fe54aec8) in 0.003s. Peers: 7
2026-04-01 10:41:03.009-0500 | EthScheduler-Workers-0 | INFO  | PersistBlockTask | Imported empty block #14,165 / 0 tx / 0 om / 0 (0.0%) gas / (0x78906644e8da800bcb42434a18105512e9f92d45f0a0390d1d8a344cf3adcdd0) in 0.002s. Peers: 7
2026-04-01 10:41:08.013-0500 | EthScheduler-Workers-0 | INFO  | PersistBlockTask | Imported empty block #14,166 / 0 tx / 0 om / 0 (0.0%) gas / (0x66740559927dd25b41fffd81781f5257bf87a2a1f62c773d3738a84e2ec88231) in 0.002s. Peers: 7
2026-04-01 10:41:13.010-0500 | EthScheduler-Workers-0 | INFO  | PersistBlockTask | Imported empty block #14,167 / 0 tx / 0 om / 0 (0.0%) gas / (0x53fcd39b40c72270b6090cb250da3f5e2e901b2f8df68745dfce87ef06c27375) in 0.002s. Peers: 7
2026-04-01 10:41:26.343-0500 | EthScheduler-Workers-0 | INFO  | PersistBlockTask | Imported empty block #14,168 / 0 tx / 0 om / 0 (0.0%) gas / (0x70fcc282b2865aa7a0c2519d2f9daa98cbd6a249bde5c45ee93ecd3a4cacf2aa) in 0.004s. Peers: 7
2026-04-01 10:41:31.011-0500 | EthScheduler-Workers-0 | INFO  | PersistBlockTask | Imported empty block #14,169 / 0 tx / 0 om / 0 (0.0%) gas / (0x1f40f369963e3c0b7dea9c5614760b32d59774c99df39914bcaace19ae48985a) in 0.002s. Peers: 7
2026-04-01 10:41:36.011-0500 | EthScheduler-Workers-0 | INFO  | PersistBlockTask | Imported empty block #14,170 / 0 tx / 0 om / 0 (0.0%) gas / (0xa2debb5f1974136b71a784c46d5e395d8916518a4605723be734ae305c625c54) in 0.001s. Peers: 7
2026-04-01 10:41:41.019-0500 | EthScheduler-Workers-0 | INFO  | PersistBlockTask | Imported empty block #14,171 / 0 tx / 0 om / 0 (0.0%) gas / (0x630078649433d54b4f8162b311d9bcf64367b97b58243cd7fd263012efa64e1d) in 0.003s. Peers: 7
2026-04-01 10:41:54.329-0500 | EthScheduler-Workers-0 | INFO  | PersistBlockTask | Imported empty block #14,172 / 0 tx / 0 om / 0 (0.0%) gas / (0x0e8b486340087d7f2d1cbd5fe426e5e3f4e584f96b8ac9a06b7426276dd0215a) in 0.004s. Peers: 7
2026-04-01 10:41:59.017-0500 | EthScheduler-Workers-0 | INFO  | PersistBlockTask | Imported empty block #14,173 / 0 tx / 0 om / 0 (0.0%) gas / (0x4d222a125baf6c22b199e34636c1ce44bb50e278890748ebe0208a2d7740b38a) in 0.008s. Peers: 7
2026-04-01 10:42:04.010-0500 | EthScheduler-Workers-0 | INFO  | PersistBlockTask | Imported empty block #14,174 / 0 tx / 0 om / 0 (0.0%) gas / (0x40d23c56d159b1852bdd3ed5c1e1d2e4e0803f8989614cca81ac2f19252d5715) in 0.002s. Peers: 7
2026-04-01 10:42:09.010-0500 | EthScheduler-Workers-0 | INFO  | PersistBlockTask | Imported empty block #14,175 / 0 tx / 0 om / 0 (0.0%) gas / (0x1776b7c034283cbf92b69f2ab7b55549e56ee8234b7dc29012cc6d846204a408) in 0.002s. Peers: 7
2026-04-01 10:42:14.013-0500 | EthScheduler-Workers-0 | INFO  | PersistBlockTask | Imported empty block #14,176 / 0 tx / 0 om / 0 (0.0%) gas / (0x22ca66b6d201bc3f36b1607ba3b9b2fd09cd25198cf4124336cc810403a1dd3f) in 0.001s. Peers: 7
2026-04-01 10:42:27.276-0500 | EthScheduler-Workers-0 | INFO  | PersistBlockTask | Imported empty block #14,177 / 0 tx / 0 om / 0 (0.0%) gas / (0xce6932bf263408d297bf85400882fdde48e4a5c5fab3836c05689cdb9154c8c2) in 0.001s. Peers: 7
2026-04-01 10:42:32.012-0500 | EthScheduler-Workers-0 | INFO  | PersistBlockTask | Imported empty block #14,178 / 0 tx / 0 om / 0 (0.0%) gas / (0xbcd937b70c1cf3bf98523bc9a320b6d391d39b08fd15783815f9cff92d3f11a1) in 0.002s. Peers: 7
2026-04-01 10:42:37.029-0500 | EthScheduler-Workers-0 | INFO  | PersistBlockTask | Imported empty block #14,179 / 0 tx / 0 om / 0 (0.0%) gas / (0xa0bdf3804a877e888989868f2f3d7e2f562f2aba932cf934a9229c6c205a2bc3) in 0.005s. Peers: 7
2026-04-01 10:42:42.013-0500 | EthScheduler-Workers-0 | INFO  | PersistBlockTask | Imported empty block #14,180 / 0 tx / 0 om / 0 (0.0%) gas / (0xd793192ff6ed289a249c28cf1a34f433f992074e32dfe742bb676e898c874f91) in 0.003s. Peers: 7
2026-04-01 10:42:55.298-0500 | EthScheduler-Workers-0 | INFO  | PersistBlockTask | Imported empty block #14,181 / 0 tx / 0 om / 0 (0.0%) gas / (0x4c250469c11fc3cf8cb3158d28ffc0691711df404afc8de2e98ee970e1088e0e) in 0.002s. Peers: 7
2026-04-01 10:43:00.013-0500 | EthScheduler-Workers-0 | INFO  | PersistBlockTask | Imported empty block #14,182 / 0 tx / 0 om / 0 (0.0%) gas / (0xe0bc00d7c0f23672e15be811959bd03f465b7c573dcd730e9d767be2ca22e419) in 0.002s. Peers: 7
2026-04-01 10:43:05.010-0500 | EthScheduler-Workers-0 | INFO  | PersistBlockTask | Imported empty block #14,183 / 0 tx / 0 om / 0 (0.0%) gas / (0x3217d6964bf6c4792138b991dbc58fdae45a72283d2dd0eaf9f6f1f3412c9ce3) in 0.001s. Peers: 7
2026-04-01 10:43:10.014-0500 | EthScheduler-Workers-0 | INFO  | PersistBlockTask | Imported empty block #14,184 / 0 tx / 0 om / 0 (0.0%) gas / (0x05b9096187074f26cab7eaf09a9ca9e6c38db7a0ec4758fe4fbef9462e48397a) in 0.003s. Peers: 7
2026-04-01 10:43:15.011-0500 | EthScheduler-Workers-0 | INFO  | PersistBlockTask | Imported empty block #14,185 / 0 tx / 0 om / 0 (0.0%) gas / (0x899bda64a8ebc89d7bf023592af07b70b7af0191455d3bdbf8453b584d5a2c32) in 0.002s. Peers: 7
2026-04-01 10:43:28.339-0500 | EthScheduler-Workers-0 | INFO  | PersistBlockTask | Imported empty block #14,186 / 0 tx / 0 om / 0 (0.0%) gas / (0x6257426a3adce13a572588c4fed1fdd64168d4080105327e91cb643c89b66d96) in 0.003s. Peers: 7
2026-04-01 10:43:33.013-0500 | EthScheduler-Workers-0 | INFO  | PersistBlockTask | Imported empty block #14,187 / 0 tx / 0 om / 0 (0.0%) gas / (0x8f097500779828a0b64bdb36b6f4d473c26587c3ee3576399906a5782737b416) in 0.004s. Peers: 7
2026-04-01 10:43:38.010-0500 | EthScheduler-Workers-0 | INFO  | PersistBlockTask | Imported empty block #14,188 / 0 tx / 0 om / 0 (0.0%) gas / (0xc6c394ee0fbf5b67cee71e601f44ce6d36ca1ef5510f0c465746ea301402e7f7) in 0.002s. Peers: 7
2026-04-01 10:43:43.018-0500 | EthScheduler-Workers-0 | INFO  | PersistBlockTask | Imported empty block #14,189 / 0 tx / 0 om / 0 (0.0%) gas / (0x035b07453786f2cb570900d52d4d1fa9196d276b269a4e02342236377b283c1a) in 0.001s. Peers: 7
2026-04-01 10:43:56.328-0500 | EthScheduler-Workers-0 | INFO  | PersistBlockTask | Imported empty block #14,190 / 0 tx / 0 om / 0 (0.0%) gas / (0x6f816ebc2e481b21185abc87fcbdc5c19eff9ae288c1d52849c5bb63371c272c) in 0.002s. Peers: 7
2026-04-01 10:44:01.010-0500 | EthScheduler-Workers-0 | INFO  | PersistBlockTask | Imported empty block #14,191 / 0 tx / 0 om / 0 (0.0%) gas / (0xf008b0c0605b602cae906e66c2d8c6b2f992ec2c0d9bf3275f2e57a2834c9268) in 0.002s. Peers: 7
2026-04-01 10:44:06.019-0500 | EthScheduler-Workers-0 | INFO  | PersistBlockTask | Imported empty block #14,192 / 0 tx / 0 om / 0 (0.0%) gas / (0x961de70af4cbde46aade219639716414fa073feaad897cff02b4a7aa76706f9e) in 0.002s. Peers: 7
2026-04-01 10:44:11.011-0500 | EthScheduler-Workers-0 | INFO  | PersistBlockTask | Imported empty block #14,193 / 0 tx / 0 om / 0 (0.0%) gas / (0xb0c2e7ac7c5927e3e35cd0dc80bb8c13df59b3978a1df4bee950cce11890d428) in 0.002s. Peers: 7
2026-04-01 10:44:16.011-0500 | EthScheduler-Workers-0 | INFO  | PersistBlockTask | Imported empty block #14,194 / 0 tx / 0 om / 0 (0.0%) gas / (0x9fe1d9d3fe6b956f43c9c5d383964651963d19e7be656ec75b8464d57509e87d) in 0.001s. Peers: 7
2026-04-01 10:44:29.328-0500 | EthScheduler-Workers-0 | INFO  | PersistBlockTask | Imported empty block #14,195 / 0 tx / 0 om / 0 (0.0%) gas / (0x989f66b9db91eb9af8c2f264f0d6df7ae530c38876cf633afaf6875427178f87) in 0.002s. Peers: 7
2026-04-01 10:44:34.012-0500 | EthScheduler-Workers-0 | INFO  | PersistBlockTask | Imported empty block #14,196 / 0 tx / 0 om / 0 (0.0%) gas / (0x6544efee28de99edf378905b67cd7a3b240a71f3a20c951da0ce63309ba16f81) in 0.001s. Peers: 7
2026-04-01 10:44:39.050-0500 | EthScheduler-Workers-0 | INFO  | PersistBlockTask | Imported empty block #14,197 / 0 tx / 0 om / 0 (0.0%) gas / (0x0b217994ba056bccab3325e60444b5b7cf2906f6ff390ed2cd3e0e15beaecaca) in 0.003s. Peers: 7
2026-04-01 10:44:44.012-0500 | EthScheduler-Workers-0 | INFO  | PersistBlockTask | Imported empty block #14,198 / 0 tx / 0 om / 0 (0.0%) gas / (0x7bc5dd5d3908fb6f16788c579ca9fa3b7e97a9cd872e51e7611e25f0eefc6091) in 0.001s. Peers: 7
2026-04-01 10:44:57.295-0500 | EthScheduler-Workers-0 | INFO  | PersistBlockTask | Imported empty block #14,199 / 0 tx / 0 om / 0 (0.0%) gas / (0x87cd568ca710dec75bc3c045f6efd7dec15fa5e12b14b24d0876bad249885a16) in 0.003s. Peers: 7
2026-04-01 10:45:02.023-0500 | EthScheduler-Workers-0 | INFO  | PersistBlockTask | Imported empty block #14,200 / 0 tx / 0 om / 0 (0.0%) gas / (0xbeef3f9f9751a6eec27e1d9a232a680f2793d30ff974ac5d8ede61cdc5b5a554) in 0.003s. Peers: 7
2026-04-01 10:45:07.012-0500 | EthScheduler-Workers-0 | INFO  | PersistBlockTask | Imported empty block #14,201 / 0 tx / 0 om / 0 (0.0%) gas / (0x9c41582b65a6f824221fca14869fcf6528b55c59a0df2fa52cd38cb7fbce4145) in 0.002s. Peers: 7
2026-04-01 10:45:12.025-0500 | EthScheduler-Workers-0 | INFO  | PersistBlockTask | Imported empty block #14,202 / 0 tx / 0 om / 0 (0.0%) gas / (0xfb283433770b854bfe7425a8339573b78d3f321be56dfed2e89ea79c18d7cccf) in 0.001s. Peers: 7
2026-04-01 10:45:17.010-0500 | EthScheduler-Workers-0 | INFO  | PersistBlockTask | Imported empty block #14,203 / 0 tx / 0 om / 0 (0.0%) gas / (0xc1bd6e008e861cb58e8a0b96d1fc9efb1976a9fc72e28c6abff1b118c8166703) in 0.002s. Peers: 7
2026-04-01 10:45:30.322-0500 | EthScheduler-Workers-0 | INFO  | PersistBlockTask | Imported empty block #14,204 / 0 tx / 0 om / 0 (0.0%) gas / (0xd748a723731c79cac588c5ba25e36255e193bd24f4d68e229eb070b6a8b7144c) in 0.002s. Peers: 7
2026-04-01 10:45:35.018-0500 | EthScheduler-Workers-0 | INFO  | PersistBlockTask | Imported empty block #14,205 / 0 tx / 0 om / 0 (0.0%) gas / (0x075bcd3c2268a5e45c358237504d1c24baec2f9a3d67c83973241ee24470c66f) in 0.004s. Peers: 7
2026-04-01 10:45:40.010-0500 | EthScheduler-Workers-0 | INFO  | PersistBlockTask | Imported empty block #14,206 / 0 tx / 0 om / 0 (0.0%) gas / (0xdd682446310e7265d3cb41a54e0ace04c0df1518c2350cc6a294930d25a204c4) in 0.001s. Peers: 7
2026-04-01 10:45:45.014-0500 | EthScheduler-Workers-0 | INFO  | PersistBlockTask | Imported empty block #14,207 / 0 tx / 0 om / 0 (0.0%) gas / (0x501be3bfd732c4f78c8548f439a497b8be99c421e05adfc5310a65fa487f7cf0) in 0.004s. Peers: 7
2026-04-01 10:45:58.325-0500 | EthScheduler-Workers-0 | INFO  | PersistBlockTask | Imported empty block #14,208 / 0 tx / 0 om / 0 (0.0%) gas / (0x6fe6245871164159a14df3c561e9b4b3e10b6d0ee224f850980afa8dd381029e) in 0.003s. Peers: 7
2026-04-01 10:46:03.011-0500 | EthScheduler-Workers-0 | INFO  | PersistBlockTask | Imported empty block #14,209 / 0 tx / 0 om / 0 (0.0%) gas / (0x02af500c303fd49be0dfa18d7692c4ec937786cc37766c211865fa5905d8d3bd) in 0.003s. Peers: 7
2026-04-01 10:46:08.013-0500 | EthScheduler-Workers-0 | INFO  | PersistBlockTask | Imported empty block #14,210 / 0 tx / 0 om / 0 (0.0%) gas / (0xd8fc29e336e24363ebccb7575dd745cc1125c5ff775497e293d0ae162968a6d7) in 0.002s. Peers: 7
2026-04-01 10:46:13.019-0500 | EthScheduler-Workers-0 | INFO  | PersistBlockTask | Imported empty block #14,211 / 0 tx / 0 om / 0 (0.0%) gas / (0x23d3702ba4d12e675bc2127b7e3d0d546e04a1fb08cfdcf05aeaa2625846d8a8) in 0.002s. Peers: 7
2026-04-01 10:46:18.010-0500 | EthScheduler-Workers-0 | INFO  | PersistBlockTask | Imported empty block #14,212 / 0 tx / 0 om / 0 (0.0%) gas / (0x688cc6b76d39d24b0182c09a7384d2d9db1094fce7ea0273fd2bff39e22b69c6) in 0.001s. Peers: 7
2026-04-01 10:46:31.314-0500 | EthScheduler-Workers-0 | INFO  | PersistBlockTask | Imported empty block #14,213 / 0 tx / 0 om / 0 (0.0%) gas / (0x0be76cb89e0460b086cd513c1f27c64477810d6d96b9ae3689ca815d4362ab41) in 0.002s. Peers: 7
2026-04-01 10:46:36.011-0500 | EthScheduler-Workers-0 | INFO  | PersistBlockTask | Imported empty block #14,214 / 0 tx / 0 om / 0 (0.0%) gas / (0x7d8444535e2d7b78bb34125a025b9ffe6113dfd320cf8ed05cc659882bcbdeb1) in 0.003s. Peers: 7
2026-04-01 10:46:41.016-0500 | EthScheduler-Workers-0 | INFO  | PersistBlockTask | Imported empty block #14,215 / 0 tx / 0 om / 0 (0.0%) gas / (0x17058f887cf559174f1d766bf57e85192403d64ea7c8a63a16a08ecfd7733e28) in 0.002s. Peers: 7
2026-04-01 10:46:46.011-0500 | EthScheduler-Workers-0 | INFO  | PersistBlockTask | Imported empty block #14,216 / 0 tx / 0 om / 0 (0.0%) gas / (0x4d462cf1f08757d809a7f98c4473079bdf4cb185dee35eb78004e292621cf775) in 0.001s. Peers: 7
2026-04-01 10:46:59.226-0500 | EthScheduler-Workers-0 | INFO  | PersistBlockTask | Imported empty block #14,217 / 0 tx / 0 om / 0 (0.0%) gas / (0x5855985023d3ca49013c6aebae5f1a710f3c479fafda235677cc4fb94573aaa7) in 0.003s. Peers: 7
2026-04-01 10:47:04.010-0500 | EthScheduler-Workers-0 | INFO  | PersistBlockTask | Imported empty block #14,218 / 0 tx / 0 om / 0 (0.0%) gas / (0x9c9e87ee787c7a98732ec856cb654bc21d51b30376c488c444d3f933889ab61e) in 0.002s. Peers: 7
2026-04-01 10:47:09.013-0500 | EthScheduler-Workers-0 | INFO  | PersistBlockTask | Imported empty block #14,219 / 0 tx / 0 om / 0 (0.0%) gas / (0x189eeaf9949781b198440e3b9e3e85026a6c8ef6d265a9dff830098473181cfa) in 0.002s. Peers: 7
2026-04-01 10:47:14.012-0500 | EthScheduler-Workers-0 | INFO  | PersistBlockTask | Imported empty block #14,220 / 0 tx / 0 om / 0 (0.0%) gas / (0x6b07ed6495fb5bc69dcfb20b1e9e2d79e391c7b9c0c8d65fca2dedb9c28d05b7) in 0.001s. Peers: 7
2026-04-01 10:47:19.010-0500 | EthScheduler-Workers-0 | INFO  | PersistBlockTask | Imported empty block #14,221 / 0 tx / 0 om / 0 (0.0%) gas / (0x70390ebf33428547cb1607ce825266bf1436a39c8216b4408de166ba008482ce) in 0.002s. Peers: 7
2026-04-01 10:47:32.291-0500 | EthScheduler-Workers-0 | INFO  | PersistBlockTask | Imported empty block #14,222 / 0 tx / 0 om / 0 (0.0%) gas / (0x7b4e39b280bff0ef196c8a324b77076836d1ba3c7cb067b259e8bdd5b97cdf9e) in 0.002s. Peers: 7
2026-04-01 10:47:37.012-0500 | EthScheduler-Workers-0 | INFO  | PersistBlockTask | Imported empty block #14,223 / 0 tx / 0 om / 0 (0.0%) gas / (0x5532852559719510f61a29a0ffdf3fa995ac55434ebdd5d920ff54944af7fd76) in 0.003s. Peers: 7
2026-04-01 10:47:42.020-0500 | EthScheduler-Workers-0 | INFO  | PersistBlockTask | Imported empty block #14,224 / 0 tx / 0 om / 0 (0.0%) gas / (0x83fbf150fce276e036dd5387bec920aee482e7dba76d030637ff191585fb2a8f) in 0.002s. Peers: 7
2026-04-01 10:47:47.012-0500 | EthScheduler-Workers-0 | INFO  | PersistBlockTask | Imported empty block #14,225 / 0 tx / 0 om / 0 (0.0%) gas / (0xf6a40a5af4e8c2e0baa93d4a7d1d05ae95e06e6b3a787ce8c62541a45c113fbc) in 0.004s. Peers: 7
2026-04-01 10:48:00.327-0500 | EthScheduler-Workers-0 | INFO  | PersistBlockTask | Imported empty block #14,226 / 0 tx / 0 om / 0 (0.0%) gas / (0x2dfee92457bd48833b79e8a3cdfe1902bd30b7c872aef7d0f40b4c74121f0333) in 0.002s. Peers: 7
2026-04-01 10:48:05.010-0500 | EthScheduler-Workers-0 | INFO  | PersistBlockTask | Imported empty block #14,227 / 0 tx / 0 om / 0 (0.0%) gas / (0x7ae4094483265de173fdf00c4128a051dc59006aeede7e05a6271c151644d772) in 0.002s. Peers: 7
2026-04-01 10:48:10.010-0500 | EthScheduler-Workers-0 | INFO  | PersistBlockTask | Imported empty block #14,228 / 0 tx / 0 om / 0 (0.0%) gas / (0xc856e9cdcfb6976695467ae64d08463eb5c3e9e0ead7945fa994544ab613d485) in 0.001s. Peers: 7
2026-04-01 10:48:15.009-0500 | EthScheduler-Workers-0 | INFO  | PersistBlockTask | Imported empty block #14,229 / 0 tx / 0 om / 0 (0.0%) gas / (0xf0255092f3fd0782e53a97973d5a1d7ef84388973db98f43078ea8f47503dac9) in 0.002s. Peers: 7
2026-04-01 10:48:20.016-0500 | EthScheduler-Workers-0 | INFO  | PersistBlockTask | Imported empty block #14,230 / 0 tx / 0 om / 0 (0.0%) gas / (0xbf32eea676117bb30f7a94d3785015964845b9edbdd8d55773213b952467972b) in 0.004s. Peers: 7
2026-04-01 10:48:33.317-0500 | EthScheduler-Workers-0 | INFO  | PersistBlockTask | Imported empty block #14,231 / 0 tx / 0 om / 0 (0.0%) gas / (0xcfdb17f7b01f606d3dd97f59e5af07bdfbcee7043a93f5bcef8bdb5d120c0391) in 0.003s. Peers: 7
2026-04-01 10:48:38.013-0500 | EthScheduler-Workers-0 | INFO  | PersistBlockTask | Imported empty block #14,232 / 0 tx / 0 om / 0 (0.0%) gas / (0x6ba18bb43a4e27b955c4e87035a957fe3d29629e612b6f5c62c892fab7bf9a84) in 0.002s. Peers: 7
2026-04-01 10:48:43.012-0500 | EthScheduler-Workers-0 | INFO  | PersistBlockTask | Imported empty block #14,233 / 0 tx / 0 om / 0 (0.0%) gas / (0x0a9a4b977e43044df3d9370f59c3cd5a7b5d4ed99d7c85b77d2ae4d092d049cf) in 0.002s. Peers: 7
2026-04-01 10:48:48.012-0500 | EthScheduler-Workers-0 | INFO  | PersistBlockTask | Imported empty block #14,234 / 0 tx / 0 om / 0 (0.0%) gas / (0x76e32f1fee0b09668c307b4ad06913ade1dc3e6e731b85782a561f0deb44f558) in 0.001s. Peers: 7
2026-04-01 10:48:53.010-0500 | EthScheduler-Workers-0 | INFO  | PersistBlockTask | Imported empty block #14,235 / 0 tx / 0 om / 0 (0.0%) gas / (0x6a9c46e33a8352d031cbecf87672c398c36f4b5570437846e56e0342363065a5) in 0.002s. Peers: 7
2026-04-01 10:49:06.307-0500 | EthScheduler-Workers-0 | INFO  | PersistBlockTask | Imported empty block #14,236 / 0 tx / 0 om / 0 (0.0%) gas / (0x121c572c9b0d2868c007f9f5ffb419f03d5128e181b15758c495f8132c9e5ee4) in 0.002s. Peers: 7
2026-04-01 10:49:11.012-0500 | EthScheduler-Workers-0 | INFO  | PersistBlockTask | Imported empty block #14,237 / 0 tx / 0 om / 0 (0.0%) gas / (0x0ca360bfc0f8b1975d35e492e055ff5f2e956e4afdadfc94747840a90155c956) in 0.002s. Peers: 7
2026-04-01 10:49:16.014-0500 | EthScheduler-Workers-0 | INFO  | PersistBlockTask | Imported empty block #14,238 / 0 tx / 0 om / 0 (0.0%) gas / (0x8d1f59df81eac50259a1fbe4f57d949fadcafc01298203c1e190a83ac97136b4) in 0.003s. Peers: 7
2026-04-01 10:49:21.011-0500 | EthScheduler-Workers-0 | INFO  | PersistBlockTask | Imported empty block #14,239 / 0 tx / 0 om / 0 (0.0%) gas / (0x017a50294ea68114ee5ebde8b775f79ad6a091a6b3f6767855a0084786bcf35b) in 0.002s. Peers: 7
2026-04-01 10:49:34.258-0500 | EthScheduler-Workers-0 | INFO  | PersistBlockTask | Imported empty block #14,240 / 0 tx / 0 om / 0 (0.0%) gas / (0x26bb4f5b27caf8703d39add39c1b3db9c2a99d76cc75614c23192bba2c59567e) in 0.002s. Peers: 7
2026-04-01 10:49:39.020-0500 | EthScheduler-Workers-0 | INFO  | PersistBlockTask | Imported empty block #14,241 / 0 tx / 0 om / 0 (0.0%) gas / (0x40abd8882c8a701e3a8699507f1b31953d058dffeed3820b67da13ee4b851a11) in 0.008s. Peers: 7
2026-04-01 10:49:44.012-0500 | EthScheduler-Workers-0 | INFO  | PersistBlockTask | Imported empty block #14,242 / 0 tx / 0 om / 0 (0.0%) gas / (0xd244f8b259b618591a5038d549971aaa6d7be754995beaae73adba0c436148c5) in 0.002s. Peers: 7
2026-04-01 10:49:49.010-0500 | EthScheduler-Workers-0 | INFO  | PersistBlockTask | Imported empty block #14,243 / 0 tx / 0 om / 0 (0.0%) gas / (0x04fe3675c7f8d1d8f55676c9c40754e1bb34a342461c2a18dbe71f03ecda7f98) in 0.002s. Peers: 7
2026-04-01 10:49:54.011-0500 | EthScheduler-Workers-0 | INFO  | PersistBlockTask | Imported empty block #14,244 / 0 tx / 0 om / 0 (0.0%) gas / (0x1ff5976f37ed072383733930867ab2a8fdfc8448e8c4063a3f0aa19499a90b86) in 0.002s. Peers: 7
2026-04-01 10:50:07.288-0500 | EthScheduler-Workers-0 | INFO  | PersistBlockTask | Imported empty block #14,245 / 0 tx / 0 om / 0 (0.0%) gas / (0x8cb46a39fde16eab9c4ee9a446b8bdccec6487b2447aacd645808215add02042) in 0.003s. Peers: 7
2026-04-01 10:50:12.013-0500 | EthScheduler-Workers-0 | INFO  | PersistBlockTask | Imported empty block #14,246 / 0 tx / 0 om / 0 (0.0%) gas / (0x9e2770c1e4a657e3e23b3fb839f47d7f937459e41ccf757f2ec2bd2f0fd4934d) in 0.002s. Peers: 7
2026-04-01 10:50:17.011-0500 | EthScheduler-Workers-0 | INFO  | PersistBlockTask | Imported empty block #14,247 / 0 tx / 0 om / 0 (0.0%) gas / (0x12c9be7483dce67a4c3cf60efc06a9afe945c37d23f1cc25782c7bc99f4c4f16) in 0.002s. Peers: 7
2026-04-01 10:50:22.011-0500 | EthScheduler-Workers-0 | INFO  | PersistBlockTask | Imported empty block #14,248 / 0 tx / 0 om / 0 (0.0%) gas / (0xba8fe27f2b654b1ca6cd69bf177970bbccb69acbe3229ce233417bec18f38f79) in 0.003s. Peers: 7
2026-04-01 10:50:35.336-0500 | EthScheduler-Workers-0 | INFO  | PersistBlockTask | Imported empty block #14,249 / 0 tx / 0 om / 0 (0.0%) gas / (0xd285e26f83c2455e3c06048b4f7918bd20e1f2ea5de9e7c85079af609ace2206) in 0.001s. Peers: 7
2026-04-01 10:50:40.011-0500 | EthScheduler-Workers-0 | INFO  | PersistBlockTask | Imported empty block #14,250 / 0 tx / 0 om / 0 (0.0%) gas / (0x84429adbb3093e3c68ee74c1e174827ab01b10aa8116f4d1b8addcc8b94e2b99) in 0.002s. Peers: 7
2026-04-01 10:50:45.010-0500 | EthScheduler-Workers-0 | INFO  | PersistBlockTask | Imported empty block #14,251 / 0 tx / 0 om / 0 (0.0%) gas / (0x0a3cdba254310f56f29e56f8bc3be198141bf030f67fe839d3fd87c2c3453d65) in 0.002s. Peers: 7
2026-04-01 10:50:50.026-0500 | EthScheduler-Workers-0 | INFO  | PersistBlockTask | Imported empty block #14,252 / 0 tx / 0 om / 0 (0.0%) gas / (0x505c17a6589b0f7d7bedf1442cf6d4665eed5b15c2bb0497afb054d5d76a98c4) in 0.001s. Peers: 7
2026-04-01 10:50:55.025-0500 | EthScheduler-Workers-0 | INFO  | PersistBlockTask | Imported empty block #14,253 / 0 tx / 0 om / 0 (0.0%) gas / (0x32b38aaf820de3429b06bebde88fb5a49005ac04f46954e646e302a4d0d68012) in 0.001s. Peers: 7
2026-04-01 10:51:08.303-0500 | EthScheduler-Workers-0 | INFO  | PersistBlockTask | Imported empty block #14,254 / 0 tx / 0 om / 0 (0.0%) gas / (0x4f10f879c29552188dfaa6a04ea8be3e4273e63ad29f7224c972950668c5524e) in 0.001s. Peers: 7
2026-04-01 10:51:13.014-0500 | EthScheduler-Workers-0 | INFO  | PersistBlockTask | Imported empty block #14,255 / 0 tx / 0 om / 0 (0.0%) gas / (0x58027a798ea10c71d3d560ca8728fc9177799abfe8d0ec68976f0341c7d4d3d1) in 0.001s. Peers: 7
2026-04-01 10:51:18.015-0500 | EthScheduler-Workers-0 | INFO  | PersistBlockTask | Imported empty block #14,256 / 0 tx / 0 om / 0 (0.0%) gas / (0xd02e78b1e92067632f840010057176dbefb3f0e0e66c0775b9543251fe7ba0f5) in 0.002s. Peers: 7
2026-04-01 10:51:23.012-0500 | EthScheduler-Workers-0 | INFO  | PersistBlockTask | Imported empty block #14,257 / 0 tx / 0 om / 0 (0.0%) gas / (0x304a91c4d2785e189227e36ca523496277fa932ac0a4b578566cd89ce7734423) in 0.002s. Peers: 7
2026-04-01 10:51:36.276-0500 | EthScheduler-Workers-0 | INFO  | PersistBlockTask | Imported empty block #14,258 / 0 tx / 0 om / 0 (0.0%) gas / (0x059ff69589f582608294a147f25882d41c48d7e8efa23feedefa52cfc290aee5) in 0.002s. Peers: 7
2026-04-01 10:51:41.019-0500 | EthScheduler-Workers-0 | INFO  | PersistBlockTask | Imported empty block #14,259 / 0 tx / 0 om / 0 (0.0%) gas / (0xc9a947e7b07c1956b43d7bb00487a2eb3e6196160591790d4969fdb1d9b610cd) in 0.002s. Peers: 7
2026-04-01 10:51:46.016-0500 | EthScheduler-Workers-0 | INFO  | PersistBlockTask | Imported empty block #14,260 / 0 tx / 0 om / 0 (0.0%) gas / (0x3bc33811e4b94b24fad98ac18be74a333a4667cc91e388b3bc0cda67c58a85c1) in 0.003s. Peers: 7
2026-04-01 10:51:51.015-0500 | EthScheduler-Workers-0 | INFO  | PersistBlockTask | Imported empty block #14,261 / 0 tx / 0 om / 0 (0.0%) gas / (0x82ee4b26be429adaa0ecf0407bf0232bd1f62e65b5d3d00dc5341e1658bbad12) in 0.003s. Peers: 7
2026-04-01 10:51:56.014-0500 | EthScheduler-Workers-0 | INFO  | PersistBlockTask | Imported empty block #14,262 / 0 tx / 0 om / 0 (0.0%) gas / (0x32847446cdc32821769558efbeaddde7e981b6a04e2b2b5f4fb19050a8dfd552) in 0.002s. Peers: 7
2026-04-01 10:52:09.310-0500 | EthScheduler-Workers-0 | INFO  | PersistBlockTask | Imported empty block #14,263 / 0 tx / 0 om / 0 (0.0%) gas / (0x53f217797f58b8a6b0efc36d9a4a6b76ba2bcbc3a199c010b6f0117c1c730286) in 0.005s. Peers: 7
2026-04-01 10:52:14.012-0500 | EthScheduler-Workers-0 | INFO  | PersistBlockTask | Imported empty block #14,264 / 0 tx / 0 om / 0 (0.0%) gas / (0x517adedff903e19834089e571b2f8d9f0d0533881824dc3f0173f8bce79b1acd) in 0.003s. Peers: 7
2026-04-01 10:52:19.013-0500 | EthScheduler-Workers-0 | INFO  | PersistBlockTask | Imported empty block #14,265 / 0 tx / 0 om / 0 (0.0%) gas / (0x5d57084097befd7f874ca88cf9ea17d0b7409056907df6615b0b0b49a576da9a) in 0.003s. Peers: 7
2026-04-01 10:52:24.010-0500 | EthScheduler-Workers-0 | INFO  | PersistBlockTask | Imported empty block #14,266 / 0 tx / 0 om / 0 (0.0%) gas / (0xc403491bb12a6992ed52dbb5ca5f9cfc7405aa6d17c3662382ca490e7fc2188f) in 0.001s. Peers: 7
2026-04-01 10:52:37.267-0500 | EthScheduler-Workers-0 | INFO  | PersistBlockTask | Imported empty block #14,267 / 0 tx / 0 om / 0 (0.0%) gas / (0x8db7e27fbd9d77ac7327230a1a30575108321d8fc27e2b87d1e50d180b7f5284) in 0.003s. Peers: 7
2026-04-01 10:52:42.016-0500 | EthScheduler-Workers-0 | INFO  | PersistBlockTask | Imported empty block #14,268 / 0 tx / 0 om / 0 (0.0%) gas / (0x3aafb4e0831e975615b6bbd2e7a4ab05b51f77992acd66b8231c0c71e0af8932) in 0.002s. Peers: 7
2026-04-01 10:52:47.011-0500 | EthScheduler-Workers-0 | INFO  | PersistBlockTask | Imported empty block #14,269 / 0 tx / 0 om / 0 (0.0%) gas / (0xfc14ac14f44451f0b9feb50db79a13ee62c6bd5ae4644318acff9d02bbcda2c1) in 0.002s. Peers: 7
2026-04-01 10:52:52.012-0500 | EthScheduler-Workers-0 | INFO  | PersistBlockTask | Imported empty block #14,270 / 0 tx / 0 om / 0 (0.0%) gas / (0x90227248a5a3fd350b25a30084f8ebda99ae31e641795f1bc5c9dcd69f8af80a) in 0.002s. Peers: 7
2026-04-01 10:52:57.011-0500 | EthScheduler-Workers-0 | INFO  | PersistBlockTask | Imported empty block #14,271 / 0 tx / 0 om / 0 (0.0%) gas / (0x23c8f049ee3af21632f81ed7f5aef41c99112119ef043460ea6173c510b27b36) in 0.002s. Peers: 7
2026-04-01 10:53:10.334-0500 | EthScheduler-Workers-0 | INFO  | PersistBlockTask | Imported empty block #14,272 / 0 tx / 0 om / 0 (0.0%) gas / (0xad3e851066a091bac0cfdff74a13c2a29c454e93e722092e6880ce230f541ff9) in 0.002s. Peers: 7
2026-04-01 10:53:15.014-0500 | EthScheduler-Workers-0 | INFO  | PersistBlockTask | Imported empty block #14,273 / 0 tx / 0 om / 0 (0.0%) gas / (0x42d01a926a05e985c3b5a72ff50a663ecbe292208c06e75382f02cb4686d73d3) in 0.002s. Peers: 7
2026-04-01 10:53:20.009-0500 | EthScheduler-Workers-0 | INFO  | PersistBlockTask | Imported empty block #14,274 / 0 tx / 0 om / 0 (0.0%) gas / (0x5d00afd406683241d3b36a8ce015076e53cb5b05079feca2b1e17e95a7a02cbc) in 0.002s. Peers: 7
2026-04-01 10:53:25.009-0500 | EthScheduler-Workers-0 | INFO  | PersistBlockTask | Imported empty block #14,275 / 0 tx / 0 om / 0 (0.0%) gas / (0xdb1516bfadc9eef0b3352193f29610a9bc5d8ebd8b8ede121487f41e865c1c09) in 0.002s. Peers: 7
2026-04-01 10:53:38.309-0500 | EthScheduler-Workers-0 | INFO  | PersistBlockTask | Imported empty block #14,276 / 0 tx / 0 om / 0 (0.0%) gas / (0xbf3689f799431be37fdece47a1e0dae14c608de315aad295ff02dc572b554619) in 0.002s. Peers: 7
2026-04-01 10:53:43.011-0500 | EthScheduler-Workers-0 | INFO  | PersistBlockTask | Imported empty block #14,277 / 0 tx / 0 om / 0 (0.0%) gas / (0x5bab3c6d9556d8df8c58f90d89af3d7030ee441b1285245fd66c62e3a3ce5f66) in 0.001s. Peers: 7
2026-04-01 10:53:48.013-0500 | EthScheduler-Workers-0 | INFO  | PersistBlockTask | Imported empty block #14,278 / 0 tx / 0 om / 0 (0.0%) gas / (0x38493bfcac8c7566357ca659d05dd3fbe89856e1466caf9dcc800c12ff26ceed) in 0.001s. Peers: 7
2026-04-01 10:53:53.009-0500 | EthScheduler-Workers-0 | INFO  | PersistBlockTask | Imported empty block #14,279 / 0 tx / 0 om / 0 (0.0%) gas / (0xc37d6860b290625c78214dbf910258aefa879540211110eb322c6e44260fc6af) in 0.001s. Peers: 7
2026-04-01 10:53:58.010-0500 | EthScheduler-Workers-0 | INFO  | PersistBlockTask | Imported empty block #14,280 / 0 tx / 0 om / 0 (0.0%) gas / (0xb9f02331a155666df400b7e96458639b1f20174e425cfbff566d70fba518eca7) in 0.001s. Peers: 7
2026-04-01 10:54:11.321-0500 | EthScheduler-Workers-0 | INFO  | PersistBlockTask | Imported empty block #14,281 / 0 tx / 0 om / 0 (0.0%) gas / (0x140698e491b3bfdd05f055aa95be0680d050ffc466a66740571bed1a66450748) in 0.003s. Peers: 7
2026-04-01 10:54:16.013-0500 | EthScheduler-Workers-0 | INFO  | PersistBlockTask | Imported empty block #14,282 / 0 tx / 0 om / 0 (0.0%) gas / (0x4cae43b660ec8cd46e289b33fef5c549e2072eae40c52d1067259158b0271c1d) in 0.003s. Peers: 7
2026-04-01 10:54:21.016-0500 | EthScheduler-Workers-0 | INFO  | PersistBlockTask | Imported empty block #14,283 / 0 tx / 0 om / 0 (0.0%) gas / (0x96335cd8e5e54f0cc6397127848f6494c120830f852aa68b1224d201feb57ffd) in 0.003s. Peers: 7
2026-04-01 10:54:26.012-0500 | EthScheduler-Workers-0 | INFO  | PersistBlockTask | Imported empty block #14,284 / 0 tx / 0 om / 0 (0.0%) gas / (0xb1e8317fbe504a61ca268d81083e04baa3a8c41d2004102313e6617b8c57a1e0) in 0.003s. Peers: 7
2026-04-01 10:54:39.298-0500 | EthScheduler-Workers-0 | INFO  | PersistBlockTask | Imported empty block #14,285 / 0 tx / 0 om / 0 (0.0%) gas / (0x99d5f1359f144dd7c885b42791efa63917d4108b4775db4f65fb3158b327243e) in 0.002s. Peers: 7
2026-04-01 10:54:44.015-0500 | EthScheduler-Workers-0 | INFO  | PersistBlockTask | Imported empty block #14,286 / 0 tx / 0 om / 0 (0.0%) gas / (0x5363cac8e1fefae01da4b67bc6c6dae5cc840ea27540eebbb7860e156181fe33) in 0.003s. Peers: 7
2026-04-01 10:54:49.013-0500 | EthScheduler-Workers-0 | INFO  | PersistBlockTask | Imported empty block #14,287 / 0 tx / 0 om / 0 (0.0%) gas / (0x5b15c97f17a199577b43010df24d065638a1868ce78029ace2665e2e80c76260) in 0.002s. Peers: 7
2026-04-01 10:54:54.014-0500 | EthScheduler-Workers-0 | INFO  | PersistBlockTask | Imported empty block #14,288 / 0 tx / 0 om / 0 (0.0%) gas / (0x9595afc57972be438620cf8b7596619d29987ca0c4aa1b0c01b7ce1e7fd066c8) in 0.001s. Peers: 7
2026-04-01 10:54:59.012-0500 | EthScheduler-Workers-0 | INFO  | PersistBlockTask | Imported empty block #14,289 / 0 tx / 0 om / 0 (0.0%) gas / (0x388dda059317445bc228a6e0fece42d34ea7ddc1c83843df0df4ea207bc4ab7c) in 0.003s. Peers: 7
2026-04-01 10:55:12.278-0500 | EthScheduler-Workers-0 | INFO  | PersistBlockTask | Imported empty block #14,290 / 0 tx / 0 om / 0 (0.0%) gas / (0xf1acf2688849eee7d05bdb7429df67c760455fc32f6f52c94b7f54c6103d485d) in 0.003s. Peers: 7
2026-04-01 10:55:17.011-0500 | EthScheduler-Workers-0 | INFO  | PersistBlockTask | Imported empty block #14,291 / 0 tx / 0 om / 0 (0.0%) gas / (0x367d8f71468ccb2d166007392f39fc45eb5f739f39347c6e1ff2c65efe286c04) in 0.002s. Peers: 7
2026-04-01 10:55:22.009-0500 | EthScheduler-Workers-0 | INFO  | PersistBlockTask | Imported empty block #14,292 / 0 tx / 0 om / 0 (0.0%) gas / (0xff14ff4e17dd46c0155cdf64284e9726356efd2371a852db65e9fe8c45c71300) in 0.001s. Peers: 7
2026-04-01 10:55:27.009-0500 | EthScheduler-Workers-0 | INFO  | PersistBlockTask | Imported empty block #14,293 / 0 tx / 0 om / 0 (0.0%) gas / (0x1cb1b6c1c8b6414a561034a5a74d9899c4a059c87a42b197636a2eb83fcfc68b) in 0.001s. Peers: 7
2026-04-01 10:55:40.335-0500 | EthScheduler-Workers-0 | INFO  | PersistBlockTask | Imported empty block #14,294 / 0 tx / 0 om / 0 (0.0%) gas / (0xaee21dc424ee5731a933822aefa8b3b2bad84c87ed0f95ae13ef2c43bde22acc) in 0.002s. Peers: 7
2026-04-01 10:55:45.011-0500 | EthScheduler-Workers-0 | INFO  | PersistBlockTask | Imported empty block #14,295 / 0 tx / 0 om / 0 (0.0%) gas / (0x0cf9914a7bc778419892cac07c812579f50f7100776f3ef5728229eda1b239d3) in 0.002s. Peers: 7
2026-04-01 10:55:50.011-0500 | EthScheduler-Workers-0 | INFO  | PersistBlockTask | Imported empty block #14,296 / 0 tx / 0 om / 0 (0.0%) gas / (0xfb4e2fb474a26b4db564e9b9414bfed1295099a55f16e851b9ead70e33fd1ddd) in 0.001s. Peers: 7
2026-04-01 10:55:55.013-0500 | EthScheduler-Workers-0 | INFO  | PersistBlockTask | Imported empty block #14,297 / 0 tx / 0 om / 0 (0.0%) gas / (0x9cc889b7ccbfb9b1db93bf1adbf12984915c39061b4d7aed018929d6a53534da) in 0.004s. Peers: 7
2026-04-01 10:56:00.034-0500 | EthScheduler-Workers-0 | INFO  | PersistBlockTask | Imported empty block #14,298 / 0 tx / 0 om / 0 (0.0%) gas / (0x1c319fb0610bf7858efd622beaadfc973b4cb908b3de958989a357ce25e8e9fc) in 0.001s. Peers: 7
2026-04-01 10:56:13.296-0500 | EthScheduler-Workers-0 | INFO  | PersistBlockTask | Imported empty block #14,299 / 0 tx / 0 om / 0 (0.0%) gas / (0x900ef94cb7216487f44bec093acc06d98da9f24ed957c098189422c76145d2b9) in 0.001s. Peers: 7
2026-04-01 10:56:18.012-0500 | EthScheduler-Workers-0 | INFO  | PersistBlockTask | Imported empty block #14,300 / 0 tx / 0 om / 0 (0.0%) gas / (0x29876f90d5b716933bd0e12f29bfd9e44759f842d3b531d38ae4eccb9743a29d) in 0.001s. Peers: 7
2026-04-01 10:56:23.011-0500 | EthScheduler-Workers-0 | INFO  | PersistBlockTask | Imported empty block #14,301 / 0 tx / 0 om / 0 (0.0%) gas / (0x0b11de3bfb0cc69e42f4abc0d86dda781b78dea13e35316ee26fbd9948423817) in 0.002s. Peers: 7
2026-04-01 10:56:28.010-0500 | EthScheduler-Workers-0 | INFO  | PersistBlockTask | Imported empty block #14,302 / 0 tx / 0 om / 0 (0.0%) gas / (0xb8d1a7c027cd9c109b112e7e9b54229ea2f609166475e5a9a275eb5081f6fe59) in 0.002s. Peers: 7
2026-04-01 10:56:41.332-0500 | EthScheduler-Workers-0 | INFO  | PersistBlockTask | Imported empty block #14,303 / 0 tx / 0 om / 0 (0.0%) gas / (0x486ee9dc0716dc23d5fc7920c383ccb2562911665534f9627374d88eef300c76) in 0.005s. Peers: 7
2026-04-01 10:56:46.010-0500 | EthScheduler-Workers-0 | INFO  | PersistBlockTask | Imported empty block #14,304 / 0 tx / 0 om / 0 (0.0%) gas / (0x5995e379b5484f964dd8c5059401d2778aa1f300eb70a5d97abf8c3901ec2027) in 0.001s. Peers: 7
2026-04-01 10:56:51.011-0500 | EthScheduler-Workers-0 | INFO  | PersistBlockTask | Imported empty block #14,305 / 0 tx / 0 om / 0 (0.0%) gas / (0xb5daf7f8bebcbd686aba13da62d79d26c8838153e1becf382c2b76f9b5e6cbda) in 0.002s. Peers: 7
2026-04-01 10:56:56.010-0500 | EthScheduler-Workers-0 | INFO  | PersistBlockTask | Imported empty block #14,306 / 0 tx / 0 om / 0 (0.0%) gas / (0x9105a998c2fad0fc7573c655655e2b4879c6e9fdc1a89e417eb725c61699a769) in 0.001s. Peers: 7
2026-04-01 10:57:01.033-0500 | EthScheduler-Workers-0 | INFO  | PersistBlockTask | Imported empty block #14,307 / 0 tx / 0 om / 0 (0.0%) gas / (0x483fe80dedf5b2774ed83ea21467785815216524e85161eebabd99748a1555a0) in 0.002s. Peers: 7
2026-04-01 10:57:14.288-0500 | EthScheduler-Workers-0 | INFO  | PersistBlockTask | Imported empty block #14,308 / 0 tx / 0 om / 0 (0.0%) gas / (0xad8ec7dac6cbb39867803ca61468a63fdf4ef354cb99c677c4e2939d947cd312) in 0.004s. Peers: 7
2026-04-01 10:57:19.013-0500 | EthScheduler-Workers-0 | INFO  | PersistBlockTask | Imported empty block #14,309 / 0 tx / 0 om / 0 (0.0%) gas / (0xc25fa572f5c10187844d84c9092c15d92bd052952969d8ae3298e6e950e989c1) in 0.003s. Peers: 7
2026-04-01 10:57:24.025-0500 | EthScheduler-Workers-0 | INFO  | PersistBlockTask | Imported empty block #14,310 / 0 tx / 0 om / 0 (0.0%) gas / (0x1407cffabdf2892cf981cd6a119615abf04a8bc376750aaa6ca5c7756c6e122c) in 0.002s. Peers: 7
2026-04-01 10:57:29.012-0500 | EthScheduler-Workers-0 | INFO  | PersistBlockTask | Imported empty block #14,311 / 0 tx / 0 om / 0 (0.0%) gas / (0x48757d57ceee966c543942c14bcd52f4f6dd55909c9c3f58cf65afe50623f9d1) in 0.003s. Peers: 7
2026-04-01 10:57:42.285-0500 | EthScheduler-Workers-0 | INFO  | PersistBlockTask | Imported empty block #14,312 / 0 tx / 0 om / 0 (0.0%) gas / (0x8e01799c8b039878e2d119956e062c3ad4db45d0f9fe96ec784e8ceb86ac0f16) in 0.002s. Peers: 7
2026-04-01 10:57:47.021-0500 | EthScheduler-Workers-0 | INFO  | PersistBlockTask | Imported empty block #14,313 / 0 tx / 0 om / 0 (0.0%) gas / (0xf4c94a68ab9c7ec24af26988dd1462225d32a0ba63ebdfb632b1ea689d888dc9) in 0.004s. Peers: 7
2026-04-01 10:57:52.009-0500 | EthScheduler-Workers-0 | INFO  | PersistBlockTask | Imported empty block #14,314 / 0 tx / 0 om / 0 (0.0%) gas / (0x47ecdd006b0ab841ec48e6452ef2f7d9b0a16ed47671ef2cb38e3669b9a0a4f2) in 0.002s. Peers: 7
2026-04-01 10:57:57.009-0500 | EthScheduler-Workers-0 | INFO  | PersistBlockTask | Imported empty block #14,315 / 0 tx / 0 om / 0 (0.0%) gas / (0x811d1e4988ece7fc38c9fe6610e0d7dcf440b4ecf69d99677e74dec9c4affe15) in 0.001s. Peers: 7
2026-04-01 10:58:02.011-0500 | EthScheduler-Workers-0 | INFO  | PersistBlockTask | Imported empty block #14,316 / 0 tx / 0 om / 0 (0.0%) gas / (0x8d4652877b116aaa980a33bf67f995d9f9f0d49cd1e96f1703c5e1ddd89c4067) in 0.002s. Peers: 7
2026-04-01 10:58:15.329-0500 | EthScheduler-Workers-0 | INFO  | PersistBlockTask | Imported empty block #14,317 / 0 tx / 0 om / 0 (0.0%) gas / (0x0ca6c7884e4eedeb1c5fa78b919d1b42305fb50c0d9c5406c1c3ead2544c6d39) in 0.001s. Peers: 7
2026-04-01 10:58:20.010-0500 | EthScheduler-Workers-0 | INFO  | PersistBlockTask | Imported empty block #14,318 / 0 tx / 0 om / 0 (0.0%) gas / (0xa85cf11e86c242289634adaf192a4fc54d8cd4b6b2e06683cb396496794eaf74) in 0.002s. Peers: 7
2026-04-01 10:58:25.016-0500 | EthScheduler-Workers-0 | INFO  | PersistBlockTask | Imported empty block #14,319 / 0 tx / 0 om / 0 (0.0%) gas / (0x0ed9c6b222063aeb89da561542305b1a644c47179263736a4d4389726172083b) in 0.002s. Peers: 7
2026-04-01 10:58:30.018-0500 | EthScheduler-Workers-0 | INFO  | PersistBlockTask | Imported empty block #14,320 / 0 tx / 0 om / 0 (0.0%) gas / (0x550c017789158baceda0e3f3617ec18490212d486943cd398106ef2dcfbc96ea) in 0.003s. Peers: 7
2026-04-01 10:58:43.288-0500 | EthScheduler-Workers-0 | INFO  | PersistBlockTask | Imported empty block #14,321 / 0 tx / 0 om / 0 (0.0%) gas / (0x9d761dfeef9c4b336c5762c49c911a42cc25f4fbee5817085ea9f8251bafe04b) in 0.002s. Peers: 7
2026-04-01 10:58:48.015-0500 | EthScheduler-Workers-0 | INFO  | PersistBlockTask | Imported empty block #14,322 / 0 tx / 0 om / 0 (0.0%) gas / (0x66fd2ff18527420efa261ed99f34c7da654d0f3cc27700a49a1139cbbfad4773) in 0.002s. Peers: 7
2026-04-01 10:58:53.011-0500 | EthScheduler-Workers-0 | INFO  | PersistBlockTask | Imported empty block #14,323 / 0 tx / 0 om / 0 (0.0%) gas / (0x0950d576ee4a8b6a914bfa7c26d468a0efb1f79699c5f102ab0873e193f90a6b) in 0.002s. Peers: 7
2026-04-01 10:58:58.013-0500 | EthScheduler-Workers-0 | INFO  | PersistBlockTask | Imported empty block #14,324 / 0 tx / 0 om / 0 (0.0%) gas / (0x1ab48cefe733f6ae551d2e61090482ffd81cf2ac1eaec6e0c22fc6680afeb2ff) in 0.001s. Peers: 7
2026-04-01 10:59:03.019-0500 | EthScheduler-Workers-0 | INFO  | PersistBlockTask | Imported empty block #14,325 / 0 tx / 0 om / 0 (0.0%) gas / (0x63b27afc6455816553029031f11f865d2a67f13a46cfc97a681a6d87ffc264b7) in 0.002s. Peers: 7
2026-04-01 10:59:16.350-0500 | EthScheduler-Workers-0 | INFO  | PersistBlockTask | Imported empty block #14,326 / 0 tx / 0 om / 0 (0.0%) gas / (0xeba785461ab562dca04ed49acac2d4f46a232d2287e05b7e7854c92b8601df15) in 0.004s. Peers: 7
2026-04-01 10:59:21.011-0500 | EthScheduler-Workers-0 | INFO  | PersistBlockTask | Imported empty block #14,327 / 0 tx / 0 om / 0 (0.0%) gas / (0x7940a1a173a1a4246bde3ca5da6f0bc3b8a6a1ce548ccce4599e3b97545f46a2) in 0.002s. Peers: 7
2026-04-01 10:59:26.009-0500 | EthScheduler-Workers-0 | INFO  | PersistBlockTask | Imported empty block #14,328 / 0 tx / 0 om / 0 (0.0%) gas / (0x0a3307968a039f41a27a1f7ca4bbc222971fc19df8e9299d3d19c005069b4e52) in 0.002s. Peers: 7
2026-04-01 10:59:31.018-0500 | EthScheduler-Workers-0 | INFO  | PersistBlockTask | Imported empty block #14,329 / 0 tx / 0 om / 0 (0.0%) gas / (0x3df6c737482ba853527096f8aeb7852aa2cbe23f4e7a27ec3810c5bae7c33ef7) in 0.002s. Peers: 7
2026-04-01 10:59:44.299-0500 | EthScheduler-Workers-0 | INFO  | PersistBlockTask | Imported empty block #14,330 / 0 tx / 0 om / 0 (0.0%) gas / (0x573f79b49acd22f57ad643f7742675b657b859128f1bb06b11168748f6ce35d8) in 0.002s. Peers: 7
2026-04-01 10:59:49.009-0500 | EthScheduler-Workers-0 | INFO  | PersistBlockTask | Imported empty block #14,331 / 0 tx / 0 om / 0 (0.0%) gas / (0xe65742f8ce70827f08792a55da5dfc04eece1426adf6d7ca17579e07b8d7b9d0) in 0.001s. Peers: 7
2026-04-01 10:59:54.020-0500 | EthScheduler-Workers-0 | INFO  | PersistBlockTask | Imported empty block #14,332 / 0 tx / 0 om / 0 (0.0%) gas / (0xf521abad053495362e3ebfb364db6de9cffa3a2b48f9e6d6c96e6ea8810805cf) in 0.001s. Peers: 7
2026-04-01 10:59:59.010-0500 | EthScheduler-Workers-0 | INFO  | PersistBlockTask | Imported empty block #14,333 / 0 tx / 0 om / 0 (0.0%) gas / (0x75b095e2fd30b9eeab3f8c596d0dd0e1e62a324ccfc83848b35207fe72d8cab0) in 0.002s. Peers: 7
2026-04-01 11:00:04.010-0500 | EthScheduler-Workers-0 | INFO  | PersistBlockTask | Imported empty block #14,334 / 0 tx / 0 om / 0 (0.0%) gas / (0xd35714bb348dc8258fcf8dfdc0f662c555c9615d7bbb0a5eb568c860ae8f35d5) in 0.002s. Peers: 7
2026-04-01 11:00:17.286-0500 | EthScheduler-Workers-0 | INFO  | PersistBlockTask | Imported empty block #14,335 / 0 tx / 0 om / 0 (0.0%) gas / (0x55ad0580608625f71ccdf524b1cf642ecbbb348c39a65a972659d56a2c5ee6cd) in 0.003s. Peers: 7
2026-04-01 11:00:22.012-0500 | EthScheduler-Workers-0 | INFO  | PersistBlockTask | Imported empty block #14,336 / 0 tx / 0 om / 0 (0.0%) gas / (0xd55b674949caea60eee5b47c6978d35e86c290a80a260f97e5264db5f6a21eaf) in 0.002s. Peers: 7
2026-04-01 11:00:27.010-0500 | EthScheduler-Workers-0 | INFO  | PersistBlockTask | Imported empty block #14,337 / 0 tx / 0 om / 0 (0.0%) gas / (0xe0abc8f3aa01a817986ca4e4aa2e7ba53ea5da7262ba5e40f6513371505f941b) in 0.002s. Peers: 7
2026-04-01 11:00:32.008-0500 | EthScheduler-Workers-0 | INFO  | PersistBlockTask | Imported empty block #14,338 / 0 tx / 0 om / 0 (0.0%) gas / (0xcf9186be22bcb72a4c3e7fc64b77d1a14019ac407e8d7a0a8bcf250c1ea656d2) in 0.002s. Peers: 7
2026-04-01 11:00:45.329-0500 | EthScheduler-Workers-0 | INFO  | PersistBlockTask | Imported empty block #14,339 / 0 tx / 0 om / 0 (0.0%) gas / (0xbb9af3887b3d1a34a404402312677ffb4e7507bb8e06ea3aadf8760f9036e0ca) in 0.002s. Peers: 7
2026-04-01 11:00:50.012-0500 | EthScheduler-Workers-0 | INFO  | PersistBlockTask | Imported empty block #14,340 / 0 tx / 0 om / 0 (0.0%) gas / (0x63df274c7ff740e533bed8b09eabd3c125b7b50ae353285f140ee661c6e022c1) in 0.003s. Peers: 7
2026-04-01 11:00:55.019-0500 | EthScheduler-Workers-0 | INFO  | PersistBlockTask | Imported empty block #14,341 / 0 tx / 0 om / 0 (0.0%) gas / (0x862af9e4f3e0a20ba9e4292dc6174c8ffe43019b1ab6f1c491900c75e48f6d15) in 0.002s. Peers: 7
2026-04-01 11:01:00.013-0500 | EthScheduler-Workers-0 | INFO  | PersistBlockTask | Imported empty block #14,342 / 0 tx / 0 om / 0 (0.0%) gas / (0xc5f8da1f977d6fcb57e2a5501eb8f989d24e46a19b8b825a0de8513aaa5a2e0f) in 0.002s. Peers: 7
2026-04-01 11:01:05.022-0500 | EthScheduler-Workers-0 | INFO  | PersistBlockTask | Imported empty block #14,343 / 0 tx / 0 om / 0 (0.0%) gas / (0x4679c7cbe1e48bdc0c540d2b3d09fbb1d8d686b822a849f64f7a721d37b3f2c4) in 0.004s. Peers: 7
2026-04-01 11:01:18.307-0500 | EthScheduler-Workers-0 | INFO  | PersistBlockTask | Imported empty block #14,344 / 0 tx / 0 om / 0 (0.0%) gas / (0xd218b4a6477d89d880bd36017baf87827207219a1b0aaa2a4e4c5ba8f24abe1f) in 0.002s. Peers: 7
2026-04-01 11:01:23.013-0500 | EthScheduler-Workers-0 | INFO  | PersistBlockTask | Imported empty block #14,345 / 0 tx / 0 om / 0 (0.0%) gas / (0x6e550769e82c06af0dcea35bffaf116f8c8214b80739261f63f67c5b3f3763a2) in 0.003s. Peers: 7
2026-04-01 11:01:28.015-0500 | EthScheduler-Workers-0 | INFO  | PersistBlockTask | Imported empty block #14,346 / 0 tx / 0 om / 0 (0.0%) gas / (0x6d35208cf101e6a9d332aa5f207430a9e15816628a14497427fd4ed25be5ecd5) in 0.002s. Peers: 7
2026-04-01 11:01:33.011-0500 | EthScheduler-Workers-0 | INFO  | PersistBlockTask | Imported empty block #14,347 / 0 tx / 0 om / 0 (0.0%) gas / (0xa4b8e1b608d3dda1357b7781bbe822ba5a770d3a9c63c37c3439c2d3f2f2f9da) in 0.001s. Peers: 7
2026-04-01 11:01:46.327-0500 | EthScheduler-Workers-0 | INFO  | PersistBlockTask | Imported empty block #14,348 / 0 tx / 0 om / 0 (0.0%) gas / (0xaeaeee8c799f90d5d4ba401bf9f459b0b20f54c69a48888553f7e6d83c3239d9) in 0.003s. Peers: 7
2026-04-01 11:01:51.012-0500 | EthScheduler-Workers-0 | INFO  | PersistBlockTask | Imported empty block #14,349 / 0 tx / 0 om / 0 (0.0%) gas / (0xbf947d59da63c70ec3c578988f7df4ef5c5de717c75c51c7217c2bb52dc62334) in 0.002s. Peers: 7
2026-04-01 11:01:56.010-0500 | EthScheduler-Workers-0 | INFO  | PersistBlockTask | Imported empty block #14,350 / 0 tx / 0 om / 0 (0.0%) gas / (0x6b3ca42f3f3a7d4203e881a4db577ed766caaf2c7e9a105bef34a08ccbc6a4b2) in 0.002s. Peers: 7
2026-04-01 11:02:01.011-0500 | EthScheduler-Workers-0 | INFO  | PersistBlockTask | Imported empty block #14,351 / 0 tx / 0 om / 0 (0.0%) gas / (0x95e2f50918654cb5bdc1119736501174926b675521439ecf50e53ce161350c3b) in 0.002s. Peers: 7
2026-04-01 11:02:06.030-0500 | EthScheduler-Workers-0 | INFO  | PersistBlockTask | Imported empty block #14,352 / 0 tx / 0 om / 0 (0.0%) gas / (0x90290f205433b1ce0c124a4d83a0aa6ce955c701d1920927b91ea63be72aa6c5) in 0.002s. Peers: 7
2026-04-01 11:02:19.326-0500 | EthScheduler-Workers-0 | INFO  | PersistBlockTask | Imported empty block #14,353 / 0 tx / 0 om / 0 (0.0%) gas / (0x2604af37447891d564bbb813a7bd2cde276fe5bfab7d55d7006a57e144f56482) in 0.002s. Peers: 7
2026-04-01 11:02:24.015-0500 | EthScheduler-Workers-0 | INFO  | PersistBlockTask | Imported empty block #14,354 / 0 tx / 0 om / 0 (0.0%) gas / (0x37a909d41d20f139f80853acb348f0dd852302de834c139bcb953c24675fa01f) in 0.002s. Peers: 7
2026-04-01 11:02:29.010-0500 | EthScheduler-Workers-0 | INFO  | PersistBlockTask | Imported empty block #14,355 / 0 tx / 0 om / 0 (0.0%) gas / (0x013ecc085c0490507fc90f2df6360e717a2cfc0c3005c02b00cca3210bbd713d) in 0.002s. Peers: 7
2026-04-01 11:02:34.010-0500 | EthScheduler-Workers-0 | INFO  | PersistBlockTask | Imported empty block #14,356 / 0 tx / 0 om / 0 (0.0%) gas / (0xd2653fe2f5c30b9cd7718e8fcdeab7032923eee664a89689353c37ba8aa0167c) in 0.001s. Peers: 7
2026-04-01 11:02:47.319-0500 | EthScheduler-Workers-0 | INFO  | PersistBlockTask | Imported empty block #14,357 / 0 tx / 0 om / 0 (0.0%) gas / (0xd61b3527bdc4b212eae1f841c810b2e501e3e1a05b7e5cd81fb1395986ce6cab) in 0.002s. Peers: 7
2026-04-01 11:02:52.015-0500 | EthScheduler-Workers-0 | INFO  | PersistBlockTask | Imported empty block #14,358 / 0 tx / 0 om / 0 (0.0%) gas / (0x71f055867d3c385d4c02afe7d6d8e8749db2a1e66ba61652a82b78c718bee14b) in 0.001s. Peers: 7
2026-04-01 11:02:57.010-0500 | EthScheduler-Workers-0 | INFO  | PersistBlockTask | Imported empty block #14,359 / 0 tx / 0 om / 0 (0.0%) gas / (0x53497eabd1a80a0f679783d7deccf826bf2908e15ee4d76e1aaf4ffa7846701f) in 0.003s. Peers: 7
2026-04-01 11:03:02.048-0500 | EthScheduler-Workers-0 | INFO  | PersistBlockTask | Imported empty block #14,360 / 0 tx / 0 om / 0 (0.0%) gas / (0xbf1062ae4ebd065dbe5799277e213620237d696e0c1157f78b6ded2b492a6599) in 0.003s. Peers: 7
2026-04-01 11:03:07.022-0500 | EthScheduler-Workers-0 | INFO  | PersistBlockTask | Imported empty block #14,361 / 0 tx / 0 om / 0 (0.0%) gas / (0xcc35de8242b4e934b81d98e05cb5cecbf79ae9be9d9076b8ab6e5ccfbc0a1f92) in 0.003s. Peers: 7
2026-04-01 11:03:20.299-0500 | EthScheduler-Workers-0 | INFO  | PersistBlockTask | Imported empty block #14,362 / 0 tx / 0 om / 0 (0.0%) gas / (0x14f32d31469c57c48f6071afca2e086746e08f34ad59b349e14901a177532410) in 0.003s. Peers: 7
2026-04-01 11:03:25.026-0500 | EthScheduler-Workers-0 | INFO  | PersistBlockTask | Imported empty block #14,363 / 0 tx / 0 om / 0 (0.0%) gas / (0x39921f29297543dcbfb5405004f1bb7326f3aeb48fbfa8e235b9df740e5c4e2a) in 0.002s. Peers: 7
2026-04-01 11:03:30.011-0500 | EthScheduler-Workers-0 | INFO  | PersistBlockTask | Imported empty block #14,364 / 0 tx / 0 om / 0 (0.0%) gas / (0x2a39b37b7d24ef4d937ec651682fdaa24a2d339e9afaca99960341adb0e208dd) in 0.003s. Peers: 7
2026-04-01 11:03:35.011-0500 | EthScheduler-Workers-0 | INFO  | PersistBlockTask | Imported empty block #14,365 / 0 tx / 0 om / 0 (0.0%) gas / (0x9df4055257213a0255c4e2e5e572ab195ab7e6f978d7cba1deb8a36c43b9ff32) in 0.001s. Peers: 7
2026-04-01 11:03:48.297-0500 | EthScheduler-Workers-0 | INFO  | PersistBlockTask | Imported empty block #14,366 / 0 tx / 0 om / 0 (0.0%) gas / (0xe46fa8fa7fd1d80ee17081a3fac119dd6bd7648bace95f1a65e775b701cff627) in 0.001s. Peers: 7
2026-04-01 11:03:53.012-0500 | EthScheduler-Workers-0 | INFO  | PersistBlockTask | Imported empty block #14,367 / 0 tx / 0 om / 0 (0.0%) gas / (0x481ec74bb6eb7850b7b516aad5cd2fc7dd5498800ff65cbeadf83b53a01c5737) in 0.003s. Peers: 7
2026-04-01 11:03:58.017-0500 | EthScheduler-Workers-0 | INFO  | PersistBlockTask | Imported empty block #14,368 / 0 tx / 0 om / 0 (0.0%) gas / (0x03cb6211e197104d84078d5744316f7693b011b72f9c736fbcbccd3c72145197) in 0.001s. Peers: 7
2026-04-01 11:04:03.011-0500 | EthScheduler-Workers-0 | INFO  | PersistBlockTask | Imported empty block #14,369 / 0 tx / 0 om / 0 (0.0%) gas / (0xb5536c198ea983d80f108fb6c1721916e41528c225a17498cf70b9fb39aa3b54) in 0.003s. Peers: 7
2026-04-01 11:04:08.009-0500 | EthScheduler-Workers-0 | INFO  | PersistBlockTask | Imported empty block #14,370 / 0 tx / 0 om / 0 (0.0%) gas / (0x392ddaeb379d13fc047772677c13f8f06d88e09c3a52d9c781a7342831ca1ba0) in 0.001s. Peers: 7
2026-04-01 11:04:21.286-0500 | EthScheduler-Workers-0 | INFO  | PersistBlockTask | Imported empty block #14,371 / 0 tx / 0 om / 0 (0.0%) gas / (0x29003015dfb8a6e3b6d64f7f6043817d2d06c05f32b2b0480f9fdc26404776e9) in 0.002s. Peers: 7
2026-04-01 11:04:26.014-0500 | EthScheduler-Workers-0 | INFO  | PersistBlockTask | Imported empty block #14,372 / 0 tx / 0 om / 0 (0.0%) gas / (0xa675b36341d03a2de665b9f02f83953796f6ebc22c23bdf0cf4b840dcf22ddd6) in 0.001s. Peers: 7
2026-04-01 11:04:31.009-0500 | EthScheduler-Workers-0 | INFO  | PersistBlockTask | Imported empty block #14,373 / 0 tx / 0 om / 0 (0.0%) gas / (0x57de29d2684e56bdb60d1659bb9c7285b11821de368d866d88ee2d4e9ebd5242) in 0.002s. Peers: 7
2026-04-01 11:04:36.012-0500 | EthScheduler-Workers-0 | INFO  | PersistBlockTask | Imported empty block #14,374 / 0 tx / 0 om / 0 (0.0%) gas / (0x7dfe058b375ce051246d110b98c9ad19c7fa18958d5cd17c705fa74384010406) in 0.002s. Peers: 7
2026-04-01 11:04:49.248-0500 | EthScheduler-Workers-0 | INFO  | PersistBlockTask | Imported empty block #14,375 / 0 tx / 0 om / 0 (0.0%) gas / (0xfd9dd46da38a7f7948f4729dc8cda57d148c921d0ae10782d4ad0fad143ca39e) in 0.002s. Peers: 7
2026-04-01 11:04:54.009-0500 | EthScheduler-Workers-0 | INFO  | PersistBlockTask | Imported empty block #14,376 / 0 tx / 0 om / 0 (0.0%) gas / (0x53dcb018c322fdf9fdd2496d9ff7eb9647c52be57c959f3df288748a5abed779) in 0.002s. Peers: 7
2026-04-01 11:04:59.009-0500 | EthScheduler-Workers-0 | INFO  | PersistBlockTask | Imported empty block #14,377 / 0 tx / 0 om / 0 (0.0%) gas / (0xe31cdd9acb8ccfc6ac659041333bd8b6d3144652da83ac3c295da102e31ef2f0) in 0.001s. Peers: 7
2026-04-01 11:05:04.017-0500 | EthScheduler-Workers-0 | INFO  | PersistBlockTask | Imported empty block #14,378 / 0 tx / 0 om / 0 (0.0%) gas / (0x3bfa7aee890b01c551a6639df0b4940759d19cf7ddb42baef7ec9adf9a32c11e) in 0.002s. Peers: 7
2026-04-01 11:05:09.011-0500 | EthScheduler-Workers-0 | INFO  | PersistBlockTask | Imported empty block #14,379 / 0 tx / 0 om / 0 (0.0%) gas / (0x0c122b22f0132edf728134c9d0e7bd9a178751a20a4b3d69698eb1224d55efb2) in 0.003s. Peers: 7
2026-04-01 11:05:22.335-0500 | EthScheduler-Workers-0 | INFO  | PersistBlockTask | Imported empty block #14,380 / 0 tx / 0 om / 0 (0.0%) gas / (0x5eed011aa24e320633313acbc0f7401df1742c6c292d7d05bf7f9a8050d206b5) in 0.003s. Peers: 7
2026-04-01 11:05:27.024-0500 | EthScheduler-Workers-0 | INFO  | PersistBlockTask | Imported empty block #14,381 / 0 tx / 0 om / 0 (0.0%) gas / (0xe84f7c54fdd58a214aea6cea541c2d6ad955f812389e8af7803a3b50099a3b94) in 0.002s. Peers: 7
2026-04-01 11:05:32.013-0500 | EthScheduler-Workers-0 | INFO  | PersistBlockTask | Imported empty block #14,382 / 0 tx / 0 om / 0 (0.0%) gas / (0xdc2b42a32b0d352dc8f7c784ba8c81da4d3ce45a0dad7d3e7421391a2157c6bf) in 0.002s. Peers: 7
2026-04-01 11:05:37.011-0500 | EthScheduler-Workers-0 | INFO  | PersistBlockTask | Imported empty block #14,383 / 0 tx / 0 om / 0 (0.0%) gas / (0x1713536f481609dc5443a89d42f0e26822fcaee607cd066e132145bcb7bb34ef) in 0.002s. Peers: 7
2026-04-01 11:05:50.314-0500 | EthScheduler-Workers-0 | INFO  | PersistBlockTask | Imported empty block #14,384 / 0 tx / 0 om / 0 (0.0%) gas / (0x0dc41192b8f13ea3f7f6ed57cce033910b697fdcd30ad232740367298a5bdb49) in 0.003s. Peers: 7
2026-04-01 11:05:55.012-0500 | EthScheduler-Workers-0 | INFO  | PersistBlockTask | Imported empty block #14,385 / 0 tx / 0 om / 0 (0.0%) gas / (0xedd64a0c9ca63a310537cb3b66f7e9029f47804cb0698340a9426723ceb15eb9) in 0.002s. Peers: 7
2026-04-01 11:06:00.016-0500 | EthScheduler-Workers-0 | INFO  | PersistBlockTask | Imported empty block #14,386 / 0 tx / 0 om / 0 (0.0%) gas / (0x1efe94ee0e2bf780a522003e332250b147653a120aabd2b6e5628718fe88b031) in 0.002s. Peers: 7
2026-04-01 11:06:05.010-0500 | EthScheduler-Workers-0 | INFO  | PersistBlockTask | Imported empty block #14,387 / 0 tx / 0 om / 0 (0.0%) gas / (0x53d0ba43a023dad98c153653e39afe9e364527fecc4ff67b6cd8b33a8abcab47) in 0.003s. Peers: 7
2026-04-01 11:06:10.018-0500 | EthScheduler-Workers-0 | INFO  | PersistBlockTask | Imported empty block #14,388 / 0 tx / 0 om / 0 (0.0%) gas / (0xc86bf5098e725ddf85c01b172b9f4614f97859b590759a6432abb9917f22b696) in 0.002s. Peers: 7
2026-04-01 11:06:23.283-0500 | EthScheduler-Workers-0 | INFO  | PersistBlockTask | Imported empty block #14,389 / 0 tx / 0 om / 0 (0.0%) gas / (0x59efcbd2c3a3799462828227b3bd833933070cae6c7ae0fc3f675de3283f4282) in 0.002s. Peers: 7
2026-04-01 11:06:28.012-0500 | EthScheduler-Workers-0 | INFO  | PersistBlockTask | Imported empty block #14,390 / 0 tx / 0 om / 0 (0.0%) gas / (0xc198b1a26c16ab84ca659581458bb5aa6ac4c4388fce72832d2cd0289f707651) in 0.003s. Peers: 7
2026-04-01 11:06:33.013-0500 | EthScheduler-Workers-0 | INFO  | PersistBlockTask | Imported empty block #14,391 / 0 tx / 0 om / 0 (0.0%) gas / (0xea19f158ae6eabc97d56ad16f02ec58de811d79042bf391545b6a60e9635c45a) in 0.003s. Peers: 7
2026-04-01 11:06:38.011-0500 | EthScheduler-Workers-0 | INFO  | PersistBlockTask | Imported empty block #14,392 / 0 tx / 0 om / 0 (0.0%) gas / (0x7dc1ea497c2b9de7b0955bc27df454c48c394fcddbeb2b6f94298c1b68647ac6) in 0.002s. Peers: 7
2026-04-01 11:06:51.296-0500 | EthScheduler-Workers-0 | INFO  | PersistBlockTask | Imported empty block #14,393 / 0 tx / 0 om / 0 (0.0%) gas / (0x2bd3087759bf55c1fcd20e0794d2285a264ce4ee614ba5f8acd9946d2952a8af) in 0.003s. Peers: 7
2026-04-01 11:06:56.014-0500 | EthScheduler-Workers-0 | INFO  | PersistBlockTask | Imported empty block #14,394 / 0 tx / 0 om / 0 (0.0%) gas / (0xcf87e35da7e87c8386839dc997bfbc9df311f54a87e04a91cd20ef5635fca07f) in 0.002s. Peers: 7
2026-04-01 11:07:01.028-0500 | EthScheduler-Workers-0 | INFO  | PersistBlockTask | Imported empty block #14,395 / 0 tx / 0 om / 0 (0.0%) gas / (0x085fe988058efe452af146e77d0425769893600a96313ccf4ab75565b511fe97) in 0.002s. Peers: 7
2026-04-01 11:07:06.013-0500 | EthScheduler-Workers-0 | INFO  | PersistBlockTask | Imported empty block #14,396 / 0 tx / 0 om / 0 (0.0%) gas / (0x30a2445e022a2de9b220aff6c13863bbe7fce2ec76e02206bbd736fb33983215) in 0.002s. Peers: 7
2026-04-01 11:07:11.014-0500 | EthScheduler-Workers-0 | INFO  | PersistBlockTask | Imported empty block #14,397 / 0 tx / 0 om / 0 (0.0%) gas / (0xad565db95e9140408422ffd7163c279eec44be04e8c45cb8f8d1afc1f575dbc4) in 0.002s. Peers: 7
2026-04-01 11:07:24.274-0500 | EthScheduler-Workers-0 | INFO  | PersistBlockTask | Imported empty block #14,398 / 0 tx / 0 om / 0 (0.0%) gas / (0x87ba06cf1dfab680981bdbb4d98d9b0fef1b6429027283697d9fa81fbb18eeeb) in 0.002s. Peers: 7
2026-04-01 11:07:29.011-0500 | EthScheduler-Workers-0 | INFO  | PersistBlockTask | Imported empty block #14,399 / 0 tx / 0 om / 0 (0.0%) gas / (0x6666b73ea7d686c8a39225538ab5e19ab290e423a593ed6c80fa238c44df241a) in 0.002s. Peers: 7
2026-04-01 11:07:34.011-0500 | EthScheduler-Workers-0 | INFO  | PersistBlockTask | Imported empty block #14,400 / 0 tx / 0 om / 0 (0.0%) gas / (0x5929952aaec1ebc1d4ae414588a274d4e4879c81f152f01f759dbc1471e6fd6a) in 0.002s. Peers: 7
2026-04-01 11:07:39.018-0500 | EthScheduler-Workers-0 | INFO  | PersistBlockTask | Imported empty block #14,401 / 0 tx / 0 om / 0 (0.0%) gas / (0x472900f23f429e8c89f24c189498f7e528efbc1bdccf51ce1fef4b6039100548) in 0.003s. Peers: 7
2026-04-01 11:07:52.338-0500 | EthScheduler-Workers-0 | INFO  | PersistBlockTask | Imported empty block #14,402 / 0 tx / 0 om / 0 (0.0%) gas / (0x03cf41e29f9d77b46edca89f452965cfad0632f6dd69f880cd60ba6a3aa7fa0f) in 0.003s. Peers: 7
2026-04-01 11:07:57.010-0500 | EthScheduler-Workers-0 | INFO  | PersistBlockTask | Imported empty block #14,403 / 0 tx / 0 om / 0 (0.0%) gas / (0x076a500a09417850a004359c55db9570081e586869c5f66b107c4d38a1537d4c) in 0.002s. Peers: 7
2026-04-01 11:08:02.012-0500 | EthScheduler-Workers-0 | INFO  | PersistBlockTask | Imported empty block #14,404 / 0 tx / 0 om / 0 (0.0%) gas / (0x40dfe23b6fa2eb65bcaa460adeb059394ca51b88261e98d359d9a96e92cc664d) in 0.003s. Peers: 7
2026-04-01 11:08:07.040-0500 | EthScheduler-Workers-0 | INFO  | PersistBlockTask | Imported empty block #14,405 / 0 tx / 0 om / 0 (0.0%) gas / (0xa8182df38153ba081f6f9815949fc30605673d985a2d363d04b1ae40e86ce218) in 0.002s. Peers: 7
2026-04-01 11:08:12.010-0500 | EthScheduler-Workers-0 | INFO  | PersistBlockTask | Imported empty block #14,406 / 0 tx / 0 om / 0 (0.0%) gas / (0x87e6552399a88fba06a57e2483394bf271be26db3433742a6b8f174ce2053ac2) in 0.002s. Peers: 7
2026-04-01 11:08:25.310-0500 | EthScheduler-Workers-0 | INFO  | PersistBlockTask | Imported empty block #14,407 / 0 tx / 0 om / 0 (0.0%) gas / (0xf2e9c7071bebe2461606c50903db4c4534fab900719a9c37c686c40748ff163b) in 0.002s. Peers: 7
2026-04-01 11:08:30.020-0500 | EthScheduler-Workers-0 | INFO  | PersistBlockTask | Imported empty block #14,408 / 0 tx / 0 om / 0 (0.0%) gas / (0x7ca149e3d7ea5a0a1d8da23b3bb70b2763f6ae9a24173cd245cd844f8d7d0625) in 0.001s. Peers: 7
2026-04-01 11:08:35.010-0500 | EthScheduler-Workers-0 | INFO  | PersistBlockTask | Imported empty block #14,409 / 0 tx / 0 om / 0 (0.0%) gas / (0x59bb169ed475f0842b4aa599ce3dabee7a7039aba1e1d669963fd9fb7abc48d6) in 0.002s. Peers: 7
2026-04-01 11:08:40.009-0500 | EthScheduler-Workers-0 | INFO  | PersistBlockTask | Imported empty block #14,410 / 0 tx / 0 om / 0 (0.0%) gas / (0x6f32c282bbc84aec882339da5e7bf3c0be026c1459d60f0750340583d5ddbd2b) in 0.002s. Peers: 7
2026-04-01 11:08:53.283-0500 | EthScheduler-Workers-0 | INFO  | PersistBlockTask | Imported empty block #14,411 / 0 tx / 0 om / 0 (0.0%) gas / (0xf6f836bcf93dd6c4511e11163d86b1b63b89ca95c960e30d18dec0816aecaebc) in 0.004s. Peers: 7
2026-04-01 11:08:58.014-0500 | EthScheduler-Workers-0 | INFO  | PersistBlockTask | Imported empty block #14,412 / 0 tx / 0 om / 0 (0.0%) gas / (0x768930613e2fe25d1be12eb4a1bd38a3b50073b3e840e175e8bc2d7153ccc54f) in 0.002s. Peers: 7
2026-04-01 11:09:03.013-0500 | EthScheduler-Workers-0 | INFO  | PersistBlockTask | Imported empty block #14,413 / 0 tx / 0 om / 0 (0.0%) gas / (0xe271c018c7e7178f6b8060c3b2ba2e3dab7e9785edecf0f2ee781c76a6fd6eff) in 0.002s. Peers: 7
2026-04-01 11:09:08.011-0500 | EthScheduler-Workers-0 | INFO  | PersistBlockTask | Imported empty block #14,414 / 0 tx / 0 om / 0 (0.0%) gas / (0xc7029ecfcff825d7f457fd3236111801bb445b608742b4e153eb23f37823b5f9) in 0.002s. Peers: 7
2026-04-01 11:09:13.008-0500 | EthScheduler-Workers-0 | INFO  | PersistBlockTask | Imported empty block #14,415 / 0 tx / 0 om / 0 (0.0%) gas / (0x7d9149383731574cce382efb7831d19cfc313494b380b54ebc4d6662ff902e07) in 0.001s. Peers: 7
2026-04-01 11:09:26.291-0500 | EthScheduler-Workers-0 | INFO  | PersistBlockTask | Imported empty block #14,416 / 0 tx / 0 om / 0 (0.0%) gas / (0xedc9104cc02940a18f4a39456f52e234f93dc5103886b34c9d62abd91059a532) in 0.001s. Peers: 7
2026-04-01 11:09:31.010-0500 | EthScheduler-Workers-0 | INFO  | PersistBlockTask | Imported empty block #14,417 / 0 tx / 0 om / 0 (0.0%) gas / (0x73aeb7f0c584016897deb253c71e2e29bbf115d953d542521ee55af6f3d6add0) in 0.002s. Peers: 7
2026-04-01 11:09:36.024-0500 | EthScheduler-Workers-0 | INFO  | PersistBlockTask | Imported empty block #14,418 / 0 tx / 0 om / 0 (0.0%) gas / (0x21ad7d70d3e709fe8126db442f8c4a6cd94aa8c8fc701f5900b0f6562a65efcd) in 0.002s. Peers: 7
2026-04-01 11:09:41.010-0500 | EthScheduler-Workers-0 | INFO  | PersistBlockTask | Imported empty block #14,419 / 0 tx / 0 om / 0 (0.0%) gas / (0xa1e850e82312c876a137abee8c1d074c2376766ce6b97dbc52c0c9942e329d65) in 0.002s. Peers: 7
2026-04-01 11:09:54.274-0500 | EthScheduler-Workers-0 | INFO  | PersistBlockTask | Imported empty block #14,420 / 0 tx / 0 om / 0 (0.0%) gas / (0x75704702e8bd368e740796f9f9e57fc55b4b4e3ba0e5fd83160df3c50917f01e) in 0.001s. Peers: 7
2026-04-01 11:09:59.012-0500 | EthScheduler-Workers-0 | INFO  | PersistBlockTask | Imported empty block #14,421 / 0 tx / 0 om / 0 (0.0%) gas / (0x89f34c177e65959ae80596b5b6041915c09f95e976b05b7f7d196493ea8f41d2) in 0.002s. Peers: 7
2026-04-01 11:10:04.016-0500 | EthScheduler-Workers-0 | INFO  | PersistBlockTask | Imported empty block #14,422 / 0 tx / 0 om / 0 (0.0%) gas / (0x2a818b763139558b5ec390f26c0aeb018e46e7c45c8eaf8c1ef97565b5eadd93) in 0.002s. Peers: 7
2026-04-01 11:10:09.009-0500 | EthScheduler-Workers-0 | INFO  | PersistBlockTask | Imported empty block #14,423 / 0 tx / 0 om / 0 (0.0%) gas / (0xc6603fb972330c4bfa61b32d8e769fe931e023da571c402462ac989c9829e632) in 0.002s. Peers: 7
2026-04-01 11:10:14.013-0500 | EthScheduler-Workers-0 | INFO  | PersistBlockTask | Imported empty block #14,424 / 0 tx / 0 om / 0 (0.0%) gas / (0x55f13c9a8e7cff827bad1370128f78f7541957713306e141e42aef68ef775298) in 0.002s. Peers: 7
2026-04-01 11:10:27.330-0500 | EthScheduler-Workers-0 | INFO  | PersistBlockTask | Imported empty block #14,425 / 0 tx / 0 om / 0 (0.0%) gas / (0xad9d458e36ef9f9617ce1ab833b3dee49e200bda8b59506a53b7f1ba5270381f) in 0.001s. Peers: 7
2026-04-01 11:10:32.013-0500 | EthScheduler-Workers-0 | INFO  | PersistBlockTask | Imported empty block #14,426 / 0 tx / 0 om / 0 (0.0%) gas / (0xc3b261c3d522998dd86026ed10ee8aaf6a03e2a3f42530f09d3c3e49ddbcc48c) in 0.002s. Peers: 7
2026-04-01 11:10:37.017-0500 | EthScheduler-Workers-0 | INFO  | PersistBlockTask | Imported empty block #14,427 / 0 tx / 0 om / 0 (0.0%) gas / (0xed57af99074d8013173fe1caf045e6e212ddbed959a923bdcb5195bf850ad159) in 0.001s. Peers: 7
2026-04-01 11:10:42.011-0500 | EthScheduler-Workers-0 | INFO  | PersistBlockTask | Imported empty block #14,428 / 0 tx / 0 om / 0 (0.0%) gas / (0x8304287c8ab450caf74a8e671e13b94d5fe7ade7306152d68766f7415969b137) in 0.001s. Peers: 7
2026-04-01 11:10:55.297-0500 | EthScheduler-Workers-0 | INFO  | PersistBlockTask | Imported empty block #14,429 / 0 tx / 0 om / 0 (0.0%) gas / (0xfabc47f2dd066dd19c08fb5ec2e9df8e959bec6e02a574cc3d551cf8f1eca711) in 0.002s. Peers: 7
2026-04-01 11:11:00.010-0500 | EthScheduler-Workers-0 | INFO  | PersistBlockTask | Imported empty block #14,430 / 0 tx / 0 om / 0 (0.0%) gas / (0x271570e0a0111fe288d9aeb6c384487f2f2beceb72234f75e254550287c20c90) in 0.001s. Peers: 7
2026-04-01 11:11:05.030-0500 | EthScheduler-Workers-0 | INFO  | PersistBlockTask | Imported empty block #14,431 / 0 tx / 0 om / 0 (0.0%) gas / (0x96b2462fd264c22da271b5899097ee77da8ca5662ad7e93cdfd130aa199c88a4) in 0.004s. Peers: 7
2026-04-01 11:11:10.012-0500 | EthScheduler-Workers-0 | INFO  | PersistBlockTask | Imported empty block #14,432 / 0 tx / 0 om / 0 (0.0%) gas / (0x122cbcea92c2cc0776d421c950f3ee131afe29561bb74fd61a95754d3e81b898) in 0.002s. Peers: 7
2026-04-01 11:11:15.009-0500 | EthScheduler-Workers-0 | INFO  | PersistBlockTask | Imported empty block #14,433 / 0 tx / 0 om / 0 (0.0%) gas / (0x6546bceb1a09fba332b638b8fa5d90cac6788015a07faaa75d826c7a803a9971) in 0.001s. Peers: 7
2026-04-01 11:11:28.305-0500 | EthScheduler-Workers-0 | INFO  | PersistBlockTask | Imported empty block #14,434 / 0 tx / 0 om / 0 (0.0%) gas / (0x8f7470caf0f6d9d238e35cdcaf70c37bd5b3934c4895d59f6139d4c57383576a) in 0.002s. Peers: 7
2026-04-01 11:11:33.010-0500 | EthScheduler-Workers-0 | INFO  | PersistBlockTask | Imported empty block #14,435 / 0 tx / 0 om / 0 (0.0%) gas / (0x7195b1f5d392dbc52c59b83e19b234eb565f313d14edb5a1d99ecfbf722dd42d) in 0.001s. Peers: 7
2026-04-01 11:11:38.009-0500 | EthScheduler-Workers-0 | INFO  | PersistBlockTask | Imported empty block #14,436 / 0 tx / 0 om / 0 (0.0%) gas / (0xda583433077efc789be2ec698c359580394db1833a2b2b27603bc75fab8ec2e4) in 0.002s. Peers: 7
2026-04-01 11:11:43.009-0500 | EthScheduler-Workers-0 | INFO  | PersistBlockTask | Imported empty block #14,437 / 0 tx / 0 om / 0 (0.0%) gas / (0x2b82f93ed55de53a3849ed6dfd20e84cc3325003308cf245379dd14f066b1bb0) in 0.002s. Peers: 7
2026-04-01 11:11:56.288-0500 | EthScheduler-Workers-0 | INFO  | PersistBlockTask | Imported empty block #14,438 / 0 tx / 0 om / 0 (0.0%) gas / (0x94c2bd160791b027486446778f8ee01295c0d767ce54c04200955168c446f582) in 0.002s. Peers: 7
2026-04-01 11:12:01.012-0500 | EthScheduler-Workers-0 | INFO  | PersistBlockTask | Imported empty block #14,439 / 0 tx / 0 om / 0 (0.0%) gas / (0x466f4e8e2364fac4d3dbc1a48c2ded16f950ab1d3bd09f96e8a4ee764196143b) in 0.002s. Peers: 7
2026-04-01 11:12:06.011-0500 | EthScheduler-Workers-0 | INFO  | PersistBlockTask | Imported empty block #14,440 / 0 tx / 0 om / 0 (0.0%) gas / (0x2eeba8bf724a125f4e046820f363b69690fb9592e86136bf0bdcd7baa1c350d5) in 0.001s. Peers: 7
2026-04-01 11:12:11.011-0500 | EthScheduler-Workers-0 | INFO  | PersistBlockTask | Imported empty block #14,441 / 0 tx / 0 om / 0 (0.0%) gas / (0xb48d2ed4996589f7cf6cb1bd1a953a459e4da34df2f10c6fb2c29d09156d4d9c) in 0.002s. Peers: 7
2026-04-01 11:12:16.013-0500 | EthScheduler-Workers-0 | INFO  | PersistBlockTask | Imported empty block #14,442 / 0 tx / 0 om / 0 (0.0%) gas / (0x7d5d818572cb08ce89a9c6ca888ffe441fbf3fb53bb39285763b49f04bb15e76) in 0.002s. Peers: 7
2026-04-01 11:12:29.269-0500 | EthScheduler-Workers-0 | INFO  | PersistBlockTask | Imported empty block #14,443 / 0 tx / 0 om / 0 (0.0%) gas / (0x8b8eff35a3ab027bd5198969c5cf5b39f25666ac22c80d1f3d9dcb0cfbec538e) in 0.003s. Peers: 7
2026-04-01 11:12:34.011-0500 | EthScheduler-Workers-0 | INFO  | PersistBlockTask | Imported empty block #14,444 / 0 tx / 0 om / 0 (0.0%) gas / (0xaecef13cd1bd51724afe22dff95b060dfac3d8cccbd1d0252c12a2efdc330c30) in 0.002s. Peers: 7
2026-04-01 11:12:39.012-0500 | EthScheduler-Workers-0 | INFO  | PersistBlockTask | Imported empty block #14,445 / 0 tx / 0 om / 0 (0.0%) gas / (0x62d340c990f7a4ec6ae534311910d914bf08e1e338eab33d8d0e26034d695fdb) in 0.002s. Peers: 7
2026-04-01 11:12:44.014-0500 | EthScheduler-Workers-0 | INFO  | PersistBlockTask | Imported empty block #14,446 / 0 tx / 0 om / 0 (0.0%) gas / (0x641807d35b3a540ad1a582894c68246fbf522a5d865f40916f22f9dbb1662621) in 0.002s. Peers: 7
2026-04-01 11:12:57.324-0500 | EthScheduler-Workers-0 | INFO  | PersistBlockTask | Imported empty block #14,447 / 0 tx / 0 om / 0 (0.0%) gas / (0x0084e6af81d3bceac13eecadeda37dff761d7580e28a69d872d3befd81065b92) in 0.002s. Peers: 7
2026-04-01 11:13:02.009-0500 | EthScheduler-Workers-0 | INFO  | PersistBlockTask | Imported empty block #14,448 / 0 tx / 0 om / 0 (0.0%) gas / (0xa3ec84443f967709f139eeebe3a371b300d4ec673383ed103b45fd2e6c6eed63) in 0.002s. Peers: 7
2026-04-01 11:13:07.009-0500 | EthScheduler-Workers-0 | INFO  | PersistBlockTask | Imported empty block #14,449 / 0 tx / 0 om / 0 (0.0%) gas / (0x2a3338a1146ea7b899f44703fc16c01a813a4f1582089168ddc7eea028fecabe) in 0.002s. Peers: 7
2026-04-01 11:13:12.010-0500 | EthScheduler-Workers-0 | INFO  | PersistBlockTask | Imported empty block #14,450 / 0 tx / 0 om / 0 (0.0%) gas / (0x5152780981ab927dcc09fd9af0415bb589d9003b93776d37d774343fb80604ac) in 0.001s. Peers: 7
2026-04-01 11:13:17.012-0500 | EthScheduler-Workers-0 | INFO  | PersistBlockTask | Imported empty block #14,451 / 0 tx / 0 om / 0 (0.0%) gas / (0xf4ba39303117250a65a3e6f69b34841e5f912ac107559b93dbde0adb5216708e) in 0.002s. Peers: 7
2026-04-01 11:13:30.288-0500 | EthScheduler-Workers-0 | INFO  | PersistBlockTask | Imported empty block #14,452 / 0 tx / 0 om / 0 (0.0%) gas / (0xa127750aff30e346c3d81fa8034141f75624bcbab3c48c9413d0199e5107f5f7) in 0.003s. Peers: 7
2026-04-01 11:13:35.012-0500 | EthScheduler-Workers-0 | INFO  | PersistBlockTask | Imported empty block #14,453 / 0 tx / 0 om / 0 (0.0%) gas / (0x2d79a58b432862c698aebf0ab7a582cced41ee16a28fb29fd68953a23e41decd) in 0.002s. Peers: 7
2026-04-01 11:13:40.010-0500 | EthScheduler-Workers-0 | INFO  | PersistBlockTask | Imported empty block #14,454 / 0 tx / 0 om / 0 (0.0%) gas / (0x763a9448e228a9a2a91d0e141629abb13d134ec1d04eb40186736055246e1e14) in 0.002s. Peers: 7
2026-04-01 11:13:45.009-0500 | EthScheduler-Workers-0 | INFO  | PersistBlockTask | Imported empty block #14,455 / 0 tx / 0 om / 0 (0.0%) gas / (0xead900ba3722a845aceaea162f3ab9c32ce9d5fa814f94880989260daf20f2c4) in 0.002s. Peers: 7
2026-04-01 11:13:58.322-0500 | EthScheduler-Workers-0 | INFO  | PersistBlockTask | Imported empty block #14,456 / 0 tx / 0 om / 0 (0.0%) gas / (0xc766baebf32db838332fa116fded89eacc69c2c397442e6620c8e9add56fa16f) in 0.002s. Peers: 7
2026-04-01 11:14:03.013-0500 | EthScheduler-Workers-0 | INFO  | PersistBlockTask | Imported empty block #14,457 / 0 tx / 0 om / 0 (0.0%) gas / (0xa07a3c35eaeae39790f5e94bda276afc3d167c1b2b7a5cd1eaed445bf3a539db) in 0.002s. Peers: 7
2026-04-01 11:14:08.011-0500 | EthScheduler-Workers-0 | INFO  | PersistBlockTask | Imported empty block #14,458 / 0 tx / 0 om / 0 (0.0%) gas / (0x7f04b481c438a9a4d02909477b63165d535736ddaacd3662ebf902124930a813) in 0.002s. Peers: 7
2026-04-01 11:14:13.009-0500 | EthScheduler-Workers-0 | INFO  | PersistBlockTask | Imported empty block #14,459 / 0 tx / 0 om / 0 (0.0%) gas / (0x8b2e5f8500fd2ebac60a995188cd102f91c80b6c5ea32a3a31ffe17d8f69c960) in 0.001s. Peers: 7
2026-04-01 11:14:18.008-0500 | EthScheduler-Workers-0 | INFO  | PersistBlockTask | Imported empty block #14,460 / 0 tx / 0 om / 0 (0.0%) gas / (0x3d0df963e4692dc546c47471f0516db617dabd6df75af9d7032b09327f6690f0) in 0.001s. Peers: 7
2026-04-01 11:14:31.286-0500 | EthScheduler-Workers-0 | INFO  | PersistBlockTask | Imported empty block #14,461 / 0 tx / 0 om / 0 (0.0%) gas / (0xb7457a11847eb3257faeb4b52156872a2fd22554e788356c005e02fe4e1c3267) in 0.002s. Peers: 7
2026-04-01 11:14:36.010-0500 | EthScheduler-Workers-0 | INFO  | PersistBlockTask | Imported empty block #14,462 / 0 tx / 0 om / 0 (0.0%) gas / (0xaa224a7955b895e26b490315a3907d98d2ed67ff6a81b30db5fcb4b909d927bf) in 0.002s. Peers: 7
2026-04-01 11:14:41.012-0500 | EthScheduler-Workers-0 | INFO  | PersistBlockTask | Imported empty block #14,463 / 0 tx / 0 om / 0 (0.0%) gas / (0x3ffc2f10cd07450e8648d52df6ab0cd94b8a4c4b28fc84b8d1d678dbd1d1d2e1) in 0.002s. Peers: 7
